# site=Albenga, Liguria, IT
# latitude=44.05
# longitude=8.21
# elevation_m=9.0
# source=Open-Meteo historical weather API (ERA5 / ERA5-Land reanalysis), CC BY 4.0
# utc_offset_h=1.0
# start_local=2023-01-01T00:00
# fetched=2026-09-20T11:36+00:00
# unit:shortwave_radiation=W/m²
# kind:shortwave_radiation=preceding_mean
# unit:soil_moisture_0_to_7cm=m³/m³
# kind:soil_moisture_0_to_7cm=instant
# unit:temperature_2m=°C
# kind:temperature_2m=instant
# unit:relative_humidity_2m=%
# kind:relative_humidity_2m=instant
# unit:precipitation=mm
# kind:precipitation=preceding_mean
time,shortwave_radiation,soil_moisture_0_to_7cm,temperature_2m,relative_humidity_2m,precipitation
2023-01-01T00:00,0,0.339,13.4,94,0.2
2023-01-01T01:00,0,0.337,12.8,94,0.1
2023-01-01T02:00,0,0.336,13.2,93,0
2023-01-01T03:00,0,0.336,13,94,0
2023-01-01T04:00,0,0.336,13.4,92,0
2023-01-01T05:00,0,0.336,13.7,91,0
2023-01-01T06:00,0,0.336,13.4,92,0
2023-01-01T07:00,0,0.339,13.2,93,0.3
2023-01-01T08:00,0,0.344,13.4,92,0.5
2023-01-01T09:00,7,0.348,13.1,96,0.4
2023-01-01T10:00,27,0.351,13.6,93,0.2
2023-01-01T11:00,49,0.351,13.7,92,0.1
2023-01-01T12:00,59,0.351,13.7,91,0
2023-01-01T13:00,93,0.363,13.2,93,0
2023-01-01T14:00,82,0.363,13.7,92,0.1
2023-01-01T15:00,54,0.362,13.6,93,0.1
2023-01-01T16:00,36,0.361,13.6,94,0
2023-01-01T17:00,9,0.36,13.2,96,0
2023-01-01T18:00,0,0.36,13.1,95,0
2023-01-01T19:00,0,0.359,13.1,94,0
2023-01-01T20:00,0,0.358,13.3,93,0
2023-01-01T21:00,0,0.357,13,95,0
2023-01-01T22:00,0,0.357,13.6,91,0
2023-01-01T23:00,0,0.356,13,93,0
2023-01-02T00:00,0,0.355,14,87,0
2023-01-02T01:00,0,0.358,13.1,89,0
2023-01-02T02:00,0,0.357,13.6,91,0
2023-01-02T03:00,0,0.357,12.9,93,0
2023-01-02T04:00,0,0.357,13.3,92,0.1
2023-01-02T05:00,0,0.358,13.1,90,0.1
2023-01-02T06:00,0,0.359,13.3,88,0.1
2023-01-02T07:00,0,0.359,13.1,89,0.1
2023-01-02T08:00,0,0.359,13.1,89,0.1
2023-01-02T09:00,12,0.358,13.3,89,0
2023-01-02T10:00,39,0.357,13.6,91,0
2023-01-02T11:00,98,0.357,13.7,92,0
2023-01-02T12:00,200,0.356,13.9,92,0
2023-01-02T13:00,252,0.36,14.2,85,0
2023-01-02T14:00,83,0.361,14,87,0.2
2023-01-02T15:00,100,0.362,14.1,87,0.2
2023-01-02T16:00,59,0.362,13.8,89,0.1
2023-01-02T17:00,13,0.363,13.4,90,0.2
2023-01-02T18:00,0,0.37,13.3,93,0.6
2023-01-02T19:00,0,0.377,13.4,94,0.7
2023-01-02T20:00,0,0.385,13.6,95,0.7
2023-01-02T21:00,0,0.391,14,94,0.7
2023-01-02T22:00,0,0.392,13.8,95,0.3
2023-01-02T23:00,0,0.396,13.3,93,0.6
2023-01-03T00:00,0,0.393,12.9,87,0.1
2023-01-03T01:00,0,0.359,13.5,86,0
2023-01-03T02:00,0,0.359,13.3,85,0
2023-01-03T03:00,0,0.358,12.9,86,0
2023-01-03T04:00,0,0.358,12.9,85,0.1
2023-01-03T05:00,0,0.36,12.7,85,0.3
2023-01-03T06:00,0,0.363,12.6,88,0.3
2023-01-03T07:00,0,0.363,13.2,82,0.1
2023-01-03T08:00,0,0.362,13.1,81,0
2023-01-03T09:00,16,0.361,13.3,80,0
2023-01-03T10:00,91,0.36,14.3,78,0
2023-01-03T11:00,157,0.359,15.1,75,0
2023-01-03T12:00,243,0.359,15.5,73,0
2023-01-03T13:00,299,0.355,15.3,75,0
2023-01-03T14:00,313,0.354,15.9,73,0
2023-01-03T15:00,237,0.353,16.1,72,0
2023-01-03T16:00,126,0.352,15.2,75,0
2023-01-03T17:00,28,0.352,13.9,78,0
2023-01-03T18:00,0,0.351,13.4,78,0
2023-01-03T19:00,0,0.351,13.3,79,0
2023-01-03T20:00,0,0.35,13,79,0
2023-01-03T21:00,0,0.35,12.6,81,0
2023-01-03T22:00,0,0.349,11.4,84,0
2023-01-03T23:00,0,0.349,10.8,86,0
2023-01-04T00:00,0,0.349,10.3,87,0
2023-01-04T01:00,0,0.349,11.2,83,0
2023-01-04T02:00,0,0.349,10.7,85,0
2023-01-04T03:00,0,0.348,10.4,85,0
2023-01-04T04:00,0,0.348,10.3,84,0
2023-01-04T05:00,0,0.348,10.1,84,0
2023-01-04T06:00,0,0.347,9.8,85,0
2023-01-04T07:00,0,0.347,9.8,84,0
2023-01-04T08:00,0,0.347,9.5,85,0
2023-01-04T09:00,31,0.347,10.8,81,0
2023-01-04T10:00,132,0.346,13.4,78,0
2023-01-04T11:00,234,0.346,15.1,66,0
2023-01-04T12:00,313,0.345,15.3,69,0
2023-01-04T13:00,341,0.341,15.3,71,0
2023-01-04T14:00,261,0.341,15.3,71,0
2023-01-04T15:00,144,0.34,14.5,75,0
2023-01-04T16:00,147,0.34,13.9,81,0
2023-01-04T17:00,35,0.34,13.4,81,0
2023-01-04T18:00,0,0.34,13.2,81,0
2023-01-04T19:00,0,0.339,13,82,0
2023-01-04T20:00,0,0.339,12.9,83,0
2023-01-04T21:00,0,0.339,13,84,0
2023-01-04T22:00,0,0.339,11.5,93,0
2023-01-04T23:00,0,0.339,11.2,96,0
2023-01-05T00:00,0,0.339,11,97,0
2023-01-05T01:00,0,0.339,12,94,0
2023-01-05T02:00,0,0.339,12,95,0
2023-01-05T03:00,0,0.339,12.7,91,0
2023-01-05T04:00,0,0.339,12.4,94,0
2023-01-05T05:00,0,0.339,12.3,94,0
2023-01-05T06:00,0,0.339,12.2,92,0
2023-01-05T07:00,0,0.338,12,90,0
2023-01-05T08:00,0,0.338,10.4,90,0
2023-01-05T09:00,24,0.338,11.1,88,0
2023-01-05T10:00,132,0.338,12.7,84,0
2023-01-05T11:00,234,0.338,13.4,84,0
2023-01-05T12:00,241,0.337,13.5,83,0
2023-01-05T13:00,243,0.337,13.5,85,0
2023-01-05T14:00,202,0.337,13.6,82,0
2023-01-05T15:00,126,0.336,13.4,82,0
2023-01-05T16:00,98,0.336,13.2,82,0
2023-01-05T17:00,33,0.336,11.6,91,0
2023-01-05T18:00,0,0.336,11.2,89,0
2023-01-05T19:00,0,0.336,11.6,87,0
2023-01-05T20:00,0,0.336,11.4,88,0
2023-01-05T21:00,0,0.336,10.6,89,0
2023-01-05T22:00,0,0.335,10.1,89,0
2023-01-05T23:00,0,0.335,10,89,0
2023-01-06T00:00,0,0.335,9.9,90,0
2023-01-06T01:00,0,0.335,13.2,72,0
2023-01-06T02:00,0,0.335,13.4,67,0
2023-01-06T03:00,0,0.335,13.6,66,0
2023-01-06T04:00,0,0.335,13.6,70,0
2023-01-06T05:00,0,0.335,13.1,76,0
2023-01-06T06:00,0,0.335,11.7,79,0
2023-01-06T07:00,0,0.335,12.5,78,0
2023-01-06T08:00,0,0.335,12.6,78,0
2023-01-06T09:00,35,0.335,12.5,78,0
2023-01-06T10:00,152,0.335,12.9,79,0
2023-01-06T11:00,255,0.335,13.5,82,0
2023-01-06T12:00,320,0.334,13.9,84,0
2023-01-06T13:00,332,0.333,13.9,86,0
2023-01-06T14:00,286,0.333,14.2,85,0
2023-01-06T15:00,204,0.333,14,85,0
2023-01-06T16:00,150,0.333,13.6,87,0
2023-01-06T17:00,38,0.333,12.4,93,0
2023-01-06T18:00,0,0.333,13.2,92,0
2023-01-06T19:00,0,0.332,12.9,93,0
2023-01-06T20:00,0,0.333,11.5,96,0
2023-01-06T21:00,0,0.333,11.4,95,0
2023-01-06T22:00,0,0.333,11.3,93,0
2023-01-06T23:00,0,0.333,11.6,88,0
2023-01-07T00:00,0,0.333,12.1,84,0
2023-01-07T01:00,0,0.335,10.7,90,0
2023-01-07T02:00,0,0.335,11.1,87,0
2023-01-07T03:00,0,0.335,13.2,80,0
2023-01-07T04:00,0,0.335,11.9,90,0
2023-01-07T05:00,0,0.335,12,90,0
2023-01-07T06:00,0,0.335,11.6,92,0
2023-01-07T07:00,0,0.335,11.7,91,0
2023-01-07T08:00,0,0.336,12.3,87,0
2023-01-07T09:00,21,0.336,12.1,88,0
2023-01-07T10:00,107,0.336,12.6,88,0
2023-01-07T11:00,201,0.336,12.8,89,0
2023-01-07T12:00,243,0.336,12.8,90,0
2023-01-07T13:00,204,0.337,12.7,89,0
2023-01-07T14:00,106,0.343,12.5,91,0.6
2023-01-07T15:00,118,0.343,12.1,89,0
2023-01-07T16:00,59,0.343,11.8,87,0
2023-01-07T17:00,18,0.342,11.5,86,0
2023-01-07T18:00,0,0.343,11.3,86,0.1
2023-01-07T19:00,0,0.344,10.9,87,0.1
2023-01-07T20:00,0,0.344,10.7,89,0
2023-01-07T21:00,0,0.344,10.6,90,0
2023-01-07T22:00,0,0.343,10.3,88,0
2023-01-07T23:00,0,0.343,10.4,88,0
2023-01-08T00:00,0,0.343,10.5,90,0
2023-01-08T01:00,0,0.34,11.4,90,0
2023-01-08T02:00,0,0.34,11.6,90,0
2023-01-08T03:00,0,0.34,11.2,93,0
2023-01-08T04:00,0,0.34,10,94,0
2023-01-08T05:00,0,0.341,10.2,94,0.1
2023-01-08T06:00,0,0.341,11.1,88,0
2023-01-08T07:00,0,0.342,11.4,89,0.1
2023-01-08T08:00,0,0.345,11.4,91,0.3
2023-01-08T09:00,6,0.352,11.5,95,0.5
2023-01-08T10:00,44,0.358,11.8,94,0.6
2023-01-08T11:00,100,0.364,12.4,91,0.5
2023-01-08T12:00,142,0.364,13,85,0.2
2023-01-08T13:00,64,0.366,12.3,89,0.4
2023-01-08T14:00,48,0.372,12.2,94,0.5
2023-01-08T15:00,37,0.385,12.2,95,1.1
2023-01-08T16:00,29,0.391,12.8,93,0.7
2023-01-08T17:00,5,0.407,12.9,92,1.6
2023-01-08T18:00,0,0.408,12.2,95,0.8
2023-01-08T19:00,0,0.41,11.7,97,0.8
2023-01-08T20:00,0,0.42,10.9,89,1.6
2023-01-08T21:00,0,0.422,9.9,84,1.8
2023-01-08T22:00,0,0.425,9.3,82,3.5
2023-01-08T23:00,0,0.417,9.8,75,0.8
2023-01-09T00:00,0,0.41,9.4,75,0
2023-01-09T01:00,0,0.407,10.4,75,0
2023-01-09T02:00,0,0.403,10.9,74,0
2023-01-09T03:00,0,0.4,10.7,74,0
2023-01-09T04:00,0,0.398,11,78,0
2023-01-09T05:00,0,0.397,10.9,80,0.1
2023-01-09T06:00,0,0.395,10.8,85,0
2023-01-09T07:00,0,0.393,10.5,81,0
2023-01-09T08:00,0,0.392,10.6,80,0
2023-01-09T09:00,19,0.391,10.5,83,0
2023-01-09T10:00,152,0.389,11.4,76,0
2023-01-09T11:00,277,0.388,12.9,75,0
2023-01-09T12:00,368,0.387,13.6,77,0
2023-01-09T13:00,400,0.395,15.8,32,0
2023-01-09T14:00,368,0.393,14.7,75,0
2023-01-09T15:00,303,0.392,14,68,0
2023-01-09T16:00,179,0.39,13.3,75,0
2023-01-09T17:00,53,0.389,10.8,81,0
2023-01-09T18:00,0,0.389,10.5,73,0
2023-01-09T19:00,0,0.388,9.6,59,0
2023-01-09T20:00,0,0.387,10.2,45,0
2023-01-09T21:00,0,0.386,9.9,42,0
2023-01-09T22:00,0,0.385,11.2,28,0
2023-01-09T23:00,0,0.384,12.2,24,0
2023-01-10T00:00,0,0.383,12.3,24,0
2023-01-10T01:00,0,0.393,12.4,24,0
2023-01-10T02:00,0,0.392,11.9,25,0
2023-01-10T03:00,0,0.391,10.2,28,0
2023-01-10T04:00,0,0.39,8.8,32,0
2023-01-10T05:00,0,0.39,8,33,0
2023-01-10T06:00,0,0.389,10.7,22,0
2023-01-10T07:00,0,0.388,12,21,0
2023-01-10T08:00,0,0.387,12,22,0
2023-01-10T09:00,42,0.386,11.9,25,0
2023-01-10T10:00,175,0.384,12.5,27,0
2023-01-10T11:00,299,0.383,13.7,27,0
2023-01-10T12:00,383,0.381,14.5,27,0
2023-01-10T13:00,415,0.381,15.4,27,0
2023-01-10T14:00,390,0.379,15.6,28,0
2023-01-10T15:00,311,0.378,15.4,35,0
2023-01-10T16:00,184,0.378,15.6,27,0
2023-01-10T17:00,57,0.378,14.8,31,0
2023-01-10T18:00,0,0.378,14.2,36,0
2023-01-10T19:00,0,0.377,14,33,0
2023-01-10T20:00,0,0.377,14.1,32,0
2023-01-10T21:00,0,0.377,13.2,31,0
2023-01-10T22:00,0,0.377,6.7,50,0
2023-01-10T23:00,0,0.377,6.6,51,0
2023-01-11T00:00,0,0.376,11.7,31,0
2023-01-11T01:00,0,0.38,14,31,0
2023-01-11T02:00,0,0.379,12.4,36,0
2023-01-11T03:00,0,0.379,6.9,55,0
2023-01-11T04:00,0,0.379,7.8,56,0
2023-01-11T05:00,0,0.378,8.7,58,0
2023-01-11T06:00,0,0.378,9.9,56,0
2023-01-11T07:00,0,0.378,10,57,0
2023-01-11T08:00,0,0.377,9.9,59,0
2023-01-11T09:00,32,0.377,10.2,64,0
2023-01-11T10:00,156,0.376,11.8,69,0
2023-01-11T11:00,272,0.376,13.4,74,0
2023-01-11T12:00,323,0.375,13.6,76,0
2023-01-11T13:00,355,0.376,13.5,75,0
2023-01-11T14:00,283,0.375,13.6,73,0
2023-01-11T15:00,182,0.375,13,79,0
2023-01-11T16:00,133,0.374,12.6,81,0
2023-01-11T17:00,41,0.374,11.9,87,0
2023-01-11T18:00,0,0.374,11.5,85,0
2023-01-11T19:00,0,0.373,10.8,66,0
2023-01-11T20:00,0,0.373,10.8,52,0
2023-01-11T21:00,0,0.373,10.1,51,0
2023-01-11T22:00,0,0.372,10.1,49,0
2023-01-11T23:00,0,0.372,9.6,48,0
2023-01-12T00:00,0,0.372,8.4,54,0
2023-01-12T01:00,0,0.373,9.3,46,0
2023-01-12T02:00,0,0.372,6.8,56,0
2023-01-12T03:00,0,0.372,7,57,0
2023-01-12T04:00,0,0.372,6.7,62,0
2023-01-12T05:00,0,0.372,6.3,68,0
2023-01-12T06:00,0,0.371,6,69,0
2023-01-12T07:00,0,0.371,6.9,64,0
2023-01-12T08:00,0,0.371,6.4,64,0
2023-01-12T09:00,37,0.371,8.3,65,0
2023-01-12T10:00,124,0.37,10.9,60,0
2023-01-12T11:00,195,0.37,12.8,60,0
2023-01-12T12:00,315,0.369,14.2,57,0
2023-01-12T13:00,354,0.365,14.9,63,0
2023-01-12T14:00,280,0.365,15,67,0
2023-01-12T15:00,277,0.364,14.6,76,0
2023-01-12T16:00,167,0.364,13.7,82,0
2023-01-12T17:00,54,0.364,10.5,90,0
2023-01-12T18:00,0,0.364,13,80,0
2023-01-12T19:00,0,0.364,12.9,76,0
2023-01-12T20:00,0,0.364,12.8,74,0
2023-01-12T21:00,0,0.363,12.4,78,0
2023-01-12T22:00,0,0.363,11.6,82,0
2023-01-12T23:00,0,0.363,8.2,91,0
2023-01-13T00:00,0,0.363,9.6,87,0
2023-01-13T01:00,0,0.36,11.8,77,0
2023-01-13T02:00,0,0.36,11.1,85,0
2023-01-13T03:00,0,0.36,9.1,91,0
2023-01-13T04:00,0,0.36,10.8,85,0
2023-01-13T05:00,0,0.36,9.9,88,0
2023-01-13T06:00,0,0.36,8.5,88,0
2023-01-13T07:00,0,0.36,9.6,87,0
2023-01-13T08:00,0,0.36,10.9,87,0
2023-01-13T09:00,20,0.359,11.6,85,0
2023-01-13T10:00,71,0.359,11.9,82,0
2023-01-13T11:00,144,0.359,12.4,72,0
2023-01-13T12:00,169,0.358,13.1,67,0
2023-01-13T13:00,245,0.357,13.9,52,0
2023-01-13T14:00,343,0.356,14.2,50,0
2023-01-13T15:00,308,0.355,14.3,52,0
2023-01-13T16:00,194,0.355,13.3,66,0
2023-01-13T17:00,63,0.355,11.2,65,0
2023-01-13T18:00,0,0.355,8,77,0
2023-01-13T19:00,0,0.355,7.3,80,0
2023-01-13T20:00,0,0.355,7.2,77,0
2023-01-13T21:00,0,0.355,6.6,77,0
2023-01-13T22:00,0,0.354,6.6,74,0
2023-01-13T23:00,0,0.354,6.5,73,0
2023-01-14T00:00,0,0.354,5.7,75,0
2023-01-14T01:00,0,0.353,7.1,69,0
2023-01-14T02:00,0,0.353,6.1,64,0
2023-01-14T03:00,0,0.353,5.8,64,0
2023-01-14T04:00,0,0.353,6.5,58,0
2023-01-14T05:00,0,0.353,6.6,55,0
2023-01-14T06:00,0,0.353,6.4,56,0
2023-01-14T07:00,0,0.353,9.1,40,0
2023-01-14T08:00,0,0.352,13,27,0
2023-01-14T09:00,42,0.352,9.8,57,0
2023-01-14T10:00,155,0.352,12.7,58,0
2023-01-14T11:00,233,0.352,13.3,65,0
2023-01-14T12:00,302,0.351,13.8,62,0
2023-01-14T13:00,364,0.35,13.9,65,0
2023-01-14T14:00,237,0.35,13.9,67,0
2023-01-14T15:00,208,0.349,13.8,72,0
2023-01-14T16:00,137,0.349,13.3,80,0
2023-01-14T17:00,50,0.349,11.1,90,0
2023-01-14T18:00,0,0.349,10.2,92,0
2023-01-14T19:00,0,0.349,10.1,81,0
2023-01-14T20:00,0,0.349,10.7,57,0
2023-01-14T21:00,0,0.349,10.5,66,0
2023-01-14T22:00,0,0.349,9.4,78,0
2023-01-14T23:00,0,0.349,8.9,80,0
2023-01-15T00:00,0,0.349,9.4,76,0
2023-01-15T01:00,0,0.342,10.8,74,0
2023-01-15T02:00,0,0.342,10,79,0
2023-01-15T03:00,0,0.342,9.3,79,0
2023-01-15T04:00,0,0.342,9.6,78,0
2023-01-15T05:00,0,0.342,8.9,81,0
2023-01-15T06:00,0,0.342,9.2,81,0
2023-01-15T07:00,0,0.342,9.7,79,0
2023-01-15T08:00,0,0.342,10,76,0
2023-01-15T09:00,11,0.342,10.1,78,0
2023-01-15T10:00,67,0.342,10.8,78,0
2023-01-15T11:00,122,0.342,11,81,0
2023-01-15T12:00,153,0.342,11.1,86,0
2023-01-15T13:00,143,0.338,11.5,91,0
2023-01-15T14:00,165,0.338,12.4,88,0.1
2023-01-15T15:00,124,0.338,12.9,86,0
2023-01-15T16:00,84,0.339,12.5,89,0.1
2023-01-15T17:00,28,0.341,11.8,91,0.2
2023-01-15T18:00,0,0.341,10.5,77,0
2023-01-15T19:00,0,0.341,9.8,72,0
2023-01-15T20:00,0,0.341,9.7,71,0
2023-01-15T21:00,0,0.341,10.2,68,0
2023-01-15T22:00,0,0.341,11.1,57,0
2023-01-15T23:00,0,0.341,11,50,0
2023-01-16T00:00,0,0.341,9.5,60,0
2023-01-16T01:00,0,0.343,9.4,72,0
2023-01-16T02:00,0,0.343,7.3,80,0
2023-01-16T03:00,0,0.343,6.6,80,0
2023-01-16T04:00,0,0.343,7,74,0
2023-01-16T05:00,0,0.343,7.2,77,0
2023-01-16T06:00,0,0.343,8.1,85,0
2023-01-16T07:00,0,0.343,7.4,91,0
2023-01-16T08:00,0,0.343,6.7,90,0
2023-01-16T09:00,39,0.343,7.2,91,0
2023-01-16T10:00,109,0.343,9.4,68,0
2023-01-16T11:00,197,0.343,10.6,50,0
2023-01-16T12:00,103,0.342,10.8,54,0
2023-01-16T13:00,355,0.336,11.4,60,0
2023-01-16T14:00,336,0.335,11.2,67,0
2023-01-16T15:00,317,0.335,11.6,64,0
2023-01-16T16:00,211,0.334,12,60,0
2023-01-16T17:00,72,0.334,10.5,65,0
2023-01-16T18:00,1,0.334,8.6,73,0
2023-01-16T19:00,0,0.335,6.3,86,0
2023-01-16T20:00,0,0.335,6.3,84,0
2023-01-16T21:00,0,0.335,7.5,82,0
2023-01-16T22:00,0,0.335,7.9,80,0
2023-01-16T23:00,0,0.335,7.5,79,0
2023-01-17T00:00,0,0.335,6.1,84,0
2023-01-17T01:00,0,0.341,6.4,88,0
2023-01-17T02:00,0,0.341,6,87,0
2023-01-17T03:00,0,0.341,6.1,87,0
2023-01-17T04:00,0,0.341,6,83,0
2023-01-17T05:00,0,0.341,5.6,85,0
2023-01-17T06:00,0,0.341,5.1,85,0
2023-01-17T07:00,0,0.341,6.4,81,0
2023-01-17T08:00,0,0.341,6,76,0
2023-01-17T09:00,34,0.341,5.3,77,0
2023-01-17T10:00,136,0.341,6.9,71,0
2023-01-17T11:00,131,0.341,6.9,71,0
2023-01-17T12:00,252,0.34,8.2,66,0
2023-01-17T13:00,415,0.342,8.7,60,0
2023-01-17T14:00,383,0.341,9.4,56,0
2023-01-17T15:00,155,0.341,8.8,57,0.1
2023-01-17T16:00,31,0.346,6.9,69,0.6
2023-01-17T17:00,12,0.358,6.1,82,1.1
2023-01-17T18:00,0,0.358,5.9,77,0.1
2023-01-17T19:00,0,0.358,5.8,77,0
2023-01-17T20:00,0,0.358,6.1,76,0
2023-01-17T21:00,0,0.357,6.2,75,0
2023-01-17T22:00,0,0.357,6.3,79,0
2023-01-17T23:00,0,0.356,6.6,80,0
2023-01-18T00:00,0,0.356,6.6,79,0
2023-01-18T01:00,0,0.332,7,85,0
2023-01-18T02:00,0,0.332,6,85,0
2023-01-18T03:00,0,0.332,6.1,87,0
2023-01-18T04:00,0,0.333,6.1,86,0
2023-01-18T05:00,0,0.333,6,82,0
2023-01-18T06:00,0,0.333,6,81,0
2023-01-18T07:00,0,0.333,5.1,88,0
2023-01-18T08:00,0,0.334,4.6,89,0
2023-01-18T09:00,43,0.334,6.5,86,0
2023-01-18T10:00,180,0.334,8.7,77,0
2023-01-18T11:00,308,0.334,9.7,70,0
2023-01-18T12:00,325,0.334,9.8,71,0.1
2023-01-18T13:00,346,0.332,10.8,55,0.1
2023-01-18T14:00,336,0.332,11.2,50,0
2023-01-18T15:00,268,0.331,9.7,58,0
2023-01-18T16:00,136,0.335,8.8,63,0.4
2023-01-18T17:00,45,0.338,8,65,0.3
2023-01-18T18:00,1,0.338,6.8,65,0
2023-01-18T19:00,0,0.338,6.8,62,0
2023-01-18T20:00,0,0.338,7.5,53,0
2023-01-18T21:00,0,0.338,7.6,50,0
2023-01-18T22:00,0,0.337,7.6,47,0
2023-01-18T23:00,0,0.337,7.6,45,0
2023-01-19T00:00,0,0.338,6.7,49,0.1
2023-01-19T01:00,0,0.322,6.9,64,0
2023-01-19T02:00,0,0.322,7.3,59,0
2023-01-19T03:00,0,0.322,7,50,0
2023-01-19T04:00,0,0.322,6.9,46,0
2023-01-19T05:00,0,0.322,6.5,43,0
2023-01-19T06:00,0,0.322,6.1,43,0
2023-01-19T07:00,0,0.323,6.3,41,0.1
2023-01-19T08:00,0,0.323,6.9,32,0
2023-01-19T09:00,11,0.323,6.2,42,0
2023-01-19T10:00,39,0.323,7,42,0
2023-01-19T11:00,79,0.323,7.3,35,0
2023-01-19T12:00,192,0.322,7.9,30,0
2023-01-19T13:00,320,0.329,9.2,35,0
2023-01-19T14:00,406,0.328,8.7,43,0
2023-01-19T15:00,334,0.328,7.9,49,0
2023-01-19T16:00,195,0.327,7.2,45,0
2023-01-19T17:00,63,0.327,6.6,46,0
2023-01-19T18:00,2,0.327,6.2,46,0
2023-01-19T19:00,0,0.327,5.6,46,0
2023-01-19T20:00,0,0.327,5.2,46,0
2023-01-19T21:00,0,0.327,4.7,50,0
2023-01-19T22:00,0,0.327,4.5,55,0
2023-01-19T23:00,0,0.327,4.3,59,0
2023-01-20T00:00,0,0.327,4.1,61,0
2023-01-20T01:00,0,0.327,4.9,58,0
2023-01-20T02:00,0,0.327,4.5,61,0
2023-01-20T03:00,0,0.327,4.5,60,0
2023-01-20T04:00,0,0.327,4.3,59,0
2023-01-20T05:00,0,0.327,4.1,60,0
2023-01-20T06:00,0,0.327,4,62,0
2023-01-20T07:00,0,0.327,4.4,60,0
2023-01-20T08:00,0,0.327,4.3,62,0
2023-01-20T09:00,50,0.326,5.2,56,0
2023-01-20T10:00,186,0.326,6.6,47,0
2023-01-20T11:00,312,0.326,7.8,40,0
2023-01-20T12:00,384,0.325,8.3,35,0
2023-01-20T13:00,410,0.327,9.1,34,0
2023-01-20T14:00,420,0.326,8.9,33,0
2023-01-20T15:00,347,0.326,8.7,26,0
2023-01-20T16:00,231,0.325,8,32,0
2023-01-20T17:00,89,0.325,6.9,36,0
2023-01-20T18:00,2,0.325,6.2,39,0
2023-01-20T19:00,0,0.325,6,41,0
2023-01-20T20:00,0,0.325,5.8,37,0
2023-01-20T21:00,0,0.325,5.6,35,0
2023-01-20T22:00,0,0.324,5.4,34,0
2023-01-20T23:00,0,0.324,5.3,34,0
2023-01-21T00:00,0,0.324,5,34,0
2023-01-21T01:00,0,0.322,5.8,31,0
2023-01-21T02:00,0,0.322,5.3,31,0
2023-01-21T03:00,0,0.322,5.3,32,0
2023-01-21T04:00,0,0.322,5.7,29,0
2023-01-21T05:00,0,0.322,5.4,29,0
2023-01-21T06:00,0,0.322,5.1,30,0
2023-01-21T07:00,0,0.321,4.9,31,0
2023-01-21T08:00,0,0.321,5.2,30,0
2023-01-21T09:00,37,0.321,6.2,29,0
2023-01-21T10:00,151,0.321,7.1,27,0
2023-01-21T11:00,275,0.32,7.4,28,0
2023-01-21T12:00,383,0.32,7.9,29,0
2023-01-21T13:00,436,0.316,8.1,29,0
2023-01-21T14:00,351,0.315,8.2,28,0
2023-01-21T15:00,247,0.315,8.3,28,0
2023-01-21T16:00,156,0.315,7.7,30,0
2023-01-21T17:00,60,0.315,7.3,31,0
2023-01-21T18:00,2,0.315,7.2,30,0
2023-01-21T19:00,0,0.315,7.6,28,0
2023-01-21T20:00,0,0.315,7.6,28,0
2023-01-21T21:00,0,0.315,7.4,30,0
2023-01-21T22:00,0,0.315,7.1,32,0
2023-01-21T23:00,0,0.315,6.9,33,0
2023-01-22T00:00,0,0.315,6.7,34,0
2023-01-22T01:00,0,0.309,7.7,32,0
2023-01-22T02:00,0,0.309,7.4,34,0
2023-01-22T03:00,0,0.309,7.4,34,0
2023-01-22T04:00,0,0.31,7.4,35,0
2023-01-22T05:00,0,0.31,7.4,34,0
2023-01-22T06:00,0,0.31,7.1,34,0
2023-01-22T07:00,0,0.31,6.8,34,0
2023-01-22T08:00,0,0.31,6.7,34,0
2023-01-22T09:00,39,0.31,6.8,37,0
2023-01-22T10:00,73,0.31,7,42,0
2023-01-22T11:00,106,0.311,6.5,48,0.1
2023-01-22T12:00,115,0.312,6,56,0.3
2023-01-22T13:00,294,0.308,7.5,49,0.3
2023-01-22T14:00,363,0.309,7.5,51,0.1
2023-01-22T15:00,202,0.309,7.1,52,0
2023-01-22T16:00,180,0.309,7.3,48,0
2023-01-22T17:00,52,0.309,6.9,47,0
2023-01-22T18:00,3,0.309,7,44,0
2023-01-22T19:00,0,0.309,6.9,43,0
2023-01-22T20:00,0,0.309,6.8,44,0
2023-01-22T21:00,0,0.309,6.6,45,0
2023-01-22T22:00,0,0.309,6.6,47,0
2023-01-22T23:00,0,0.31,6.7,52,0
2023-01-23T00:00,0,0.311,6.5,57,0.1
2023-01-23T01:00,0,0.305,7.5,54,0
2023-01-23T02:00,0,0.305,7.6,51,0
2023-01-23T03:00,0,0.305,7.3,51,0
2023-01-23T04:00,0,0.305,7,51,0
2023-01-23T05:00,0,0.305,7.3,49,0
2023-01-23T06:00,0,0.305,7.4,47,0
2023-01-23T07:00,0,0.305,7.8,42,0
2023-01-23T08:00,0,0.305,8.3,37,0
2023-01-23T09:00,29,0.305,8.6,39,0.1
2023-01-23T10:00,87,0.309,8.4,46,0.4
2023-01-23T11:00,117,0.312,8.7,48,0.4
2023-01-23T12:00,116,0.32,8.4,56,0.8
2023-01-23T13:00,131,0.333,8.5,60,0.7
2023-01-23T14:00,74,0.338,7.8,67,0.5
2023-01-23T15:00,56,0.342,7.5,70,0.4
2023-01-23T16:00,47,0.347,7.2,72,0.5
2023-01-23T17:00,11,0.349,7.2,69,0.3
2023-01-23T18:00,1,0.358,7.3,68,0.8
2023-01-23T19:00,0,0.357,7.7,67,0
2023-01-23T20:00,0,0.356,7.3,69,0
2023-01-23T21:00,0,0.356,7.3,67,0
2023-01-23T22:00,0,0.355,7.2,68,0
2023-01-23T23:00,0,0.355,7.1,71,0.1
2023-01-24T00:00,0,0.357,6.8,74,0.3
2023-01-24T01:00,0,0.36,7.3,76,0.5
2023-01-24T02:00,0,0.359,7.2,77,0.1
2023-01-24T03:00,0,0.359,7.1,77,0.1
2023-01-24T04:00,0,0.364,6.6,81,0.7
2023-01-24T05:00,0,0.363,6.4,83,0
2023-01-24T06:00,0,0.362,6.5,82,0
2023-01-24T07:00,0,0.361,6.7,79,0
2023-01-24T08:00,0,0.36,7,76,0
2023-01-24T09:00,26,0.359,7,76,0
2023-01-24T10:00,75,0.358,7.5,75,0
2023-01-24T11:00,154,0.356,7.9,75,0
2023-01-24T12:00,144,0.355,8.4,70,0
2023-01-24T13:00,203,0.35,8.8,69,0
2023-01-24T14:00,270,0.349,9,70,0
2023-01-24T15:00,209,0.348,8.9,72,0
2023-01-24T16:00,106,0.347,8.7,73,0
2023-01-24T17:00,42,0.346,8.6,73,0
2023-01-24T18:00,2,0.346,8.5,71,0
2023-01-24T19:00,0,0.345,8.8,67,0
2023-01-24T20:00,0,0.344,8.8,65,0
2023-01-24T21:00,0,0.344,9,61,0
2023-01-24T22:00,0,0.343,9.1,58,0
2023-01-24T23:00,0,0.343,9.4,54,0
2023-01-25T00:00,0,0.342,9.5,53,0
2023-01-25T01:00,0,0.34,9.7,56,0
2023-01-25T02:00,0,0.339,9.8,58,0
2023-01-25T03:00,0,0.339,9.3,62,0
2023-01-25T04:00,0,0.339,8.8,66,0.1
2023-01-25T05:00,0,0.34,8.1,71,0.1
2023-01-25T06:00,0,0.34,7.8,72,0.1
2023-01-25T07:00,0,0.34,7.9,71,0.1
2023-01-25T08:00,0,0.341,7.8,72,0.1
2023-01-25T09:00,28,0.342,8.2,71,0.1
2023-01-25T10:00,60,0.342,8.6,70,0
2023-01-25T11:00,121,0.341,9,67,0
2023-01-25T12:00,172,0.34,9.3,68,0
2023-01-25T13:00,249,0.337,9.1,71,0
2023-01-25T14:00,363,0.336,10.5,65,0
2023-01-25T15:00,320,0.336,10.2,65,0
2023-01-25T16:00,223,0.335,10,65,0
2023-01-25T17:00,86,0.335,9.2,65,0
2023-01-25T18:00,5,0.334,8.6,67,0
2023-01-25T19:00,0,0.334,8.2,69,0
2023-01-25T20:00,0,0.334,8,69,0
2023-01-25T21:00,0,0.333,7.8,69,0
2023-01-25T22:00,0,0.333,7.8,69,0
2023-01-25T23:00,0,0.333,7.8,68,0
2023-01-26T00:00,0,0.333,7.7,68,0
2023-01-26T01:00,0,0.327,7.9,69,0
2023-01-26T02:00,0,0.327,7.6,68,0
2023-01-26T03:00,0,0.327,7.4,66,0
2023-01-26T04:00,0,0.327,7.1,66,0
2023-01-26T05:00,0,0.327,7.3,64,0
2023-01-26T06:00,0,0.327,7,63,0
2023-01-26T07:00,0,0.326,6.9,62,0
2023-01-26T08:00,0,0.326,6.7,65,0
2023-01-26T09:00,58,0.326,7.2,65,0
2023-01-26T10:00,191,0.326,8,64,0
2023-01-26T11:00,303,0.325,8.4,64,0
2023-01-26T12:00,347,0.325,9,63,0
2023-01-26T13:00,379,0.32,10.1,57,0
2023-01-26T14:00,413,0.319,10.4,56,0
2023-01-26T15:00,352,0.319,10.2,55,0
2023-01-26T16:00,244,0.318,9.6,57,0
2023-01-26T17:00,104,0.318,8.6,61,0
2023-01-26T18:00,6,0.318,7.6,65,0
2023-01-26T19:00,0,0.318,7,67,0
2023-01-26T20:00,0,0.318,6.6,67,0
2023-01-26T21:00,0,0.318,6.4,65,0
2023-01-26T22:00,0,0.318,6.2,66,0
2023-01-26T23:00,0,0.318,5.9,68,0
2023-01-27T00:00,0,0.318,5.8,69,0
2023-01-27T01:00,0,0.32,6.7,66,0
2023-01-27T02:00,0,0.32,6.5,64,0
2023-01-27T03:00,0,0.319,6.7,62,0
2023-01-27T04:00,0,0.319,6.4,63,0
2023-01-27T05:00,0,0.319,6.1,64,0
2023-01-27T06:00,0,0.319,5.9,64,0
2023-01-27T07:00,0,0.319,5.8,61,0
2023-01-27T08:00,0,0.319,5.7,59,0
2023-01-27T09:00,62,0.319,5.9,59,0
2023-01-27T10:00,207,0.318,6.6,58,0
2023-01-27T11:00,296,0.318,7.2,56,0
2023-01-27T12:00,374,0.317,7.5,54,0
2023-01-27T13:00,418,0.316,8.2,55,0
2023-01-27T14:00,356,0.316,8.1,54,0
2023-01-27T15:00,363,0.315,8.2,52,0
2023-01-27T16:00,232,0.315,7.7,53,0
2023-01-27T17:00,106,0.315,6.9,58,0
2023-01-27T18:00,7,0.315,6.1,63,0
2023-01-27T19:00,0,0.314,5.5,68,0
2023-01-27T20:00,0,0.315,5.1,68,0
2023-01-27T21:00,0,0.315,5,65,0
2023-01-27T22:00,0,0.314,4.8,64,0
2023-01-27T23:00,0,0.314,4.7,63,0
2023-01-28T00:00,0,0.314,4.5,63,0
2023-01-28T01:00,0,0.315,4.9,63,0
2023-01-28T02:00,0,0.315,4.7,63,0
2023-01-28T03:00,0,0.315,4.6,61,0
2023-01-28T04:00,0,0.315,4.8,60,0
2023-01-28T05:00,0,0.315,4.8,59,0
2023-01-28T06:00,0,0.315,4.8,60,0
2023-01-28T07:00,0,0.315,4.8,61,0
2023-01-28T08:00,0,0.316,4.8,62,0
2023-01-28T09:00,56,0.316,5.4,62,0
2023-01-28T10:00,123,0.316,6.2,58,0
2023-01-28T11:00,243,0.316,7.1,54,0
2023-01-28T12:00,374,0.315,8.2,49,0
2023-01-28T13:00,468,0.314,8.1,54,0
2023-01-28T14:00,377,0.314,8.1,52,0
2023-01-28T15:00,366,0.313,8.3,49,0
2023-01-28T16:00,244,0.313,8,49,0
2023-01-28T17:00,106,0.312,7.4,52,0
2023-01-28T18:00,8,0.312,6.8,55,0
2023-01-28T19:00,0,0.312,6.7,53,0
2023-01-28T20:00,0,0.312,6.4,53,0
2023-01-28T21:00,0,0.312,6.3,52,0
2023-01-28T22:00,0,0.312,6.3,52,0
2023-01-28T23:00,0,0.312,6.2,52,0
2023-01-29T00:00,0,0.312,6.2,51,0
2023-01-29T01:00,0,0.312,7,47,0
2023-01-29T02:00,0,0.312,6.7,48,0
2023-01-29T03:00,0,0.312,6.5,49,0
2023-01-29T04:00,0,0.311,6.3,50,0
2023-01-29T05:00,0,0.311,6,53,0
2023-01-29T06:00,0,0.311,5.8,55,0
2023-01-29T07:00,0,0.311,5.8,54,0
2023-01-29T08:00,0,0.311,5.8,54,0
2023-01-29T09:00,66,0.311,6.7,52,0
2023-01-29T10:00,207,0.311,7.9,50,0
2023-01-29T11:00,336,0.31,9,47,0
2023-01-29T12:00,424,0.31,9.8,45,0
2023-01-29T13:00,462,0.309,10.6,44,0
2023-01-29T14:00,444,0.309,11.1,43,0
2023-01-29T15:00,374,0.308,11.3,43,0
2023-01-29T16:00,257,0.307,10.8,46,0
2023-01-29T17:00,114,0.307,9.5,53,0
2023-01-29T18:00,9,0.307,6.2,72,0
2023-01-29T19:00,0,0.308,4.7,79,0
2023-01-29T20:00,0,0.308,4.5,76,0
2023-01-29T21:00,0,0.308,6.6,63,0
2023-01-29T22:00,0,0.308,7.4,58,0
2023-01-29T23:00,0,0.308,7.1,59,0
2023-01-30T00:00,0,0.308,6.5,65,0
2023-01-30T01:00,0,0.309,7.8,59,0
2023-01-30T02:00,0,0.309,8.5,55,0
2023-01-30T03:00,0,0.309,7.8,59,0
2023-01-30T04:00,0,0.309,6.3,66,0
2023-01-30T05:00,0,0.309,5.1,72,0
2023-01-30T06:00,0,0.309,8.1,60,0
2023-01-30T07:00,0,0.309,7.5,62,0
2023-01-30T08:00,1,0.309,3.8,76,0
2023-01-30T09:00,62,0.309,6.9,70,0
2023-01-30T10:00,181,0.309,8.7,64,0
2023-01-30T11:00,318,0.309,9.6,68,0
2023-01-30T12:00,376,0.309,9.9,70,0
2023-01-30T13:00,397,0.307,10,73,0
2023-01-30T14:00,448,0.306,10.1,73,0
2023-01-30T15:00,379,0.306,9.8,74,0
2023-01-30T16:00,260,0.306,9.3,75,0
2023-01-30T17:00,117,0.306,8.7,75,0
2023-01-30T18:00,10,0.306,5.5,88,0
2023-01-30T19:00,0,0.306,4.5,93,0
2023-01-30T20:00,0,0.306,4.6,92,0
2023-01-30T21:00,0,0.306,4.7,90,0
2023-01-30T22:00,0,0.306,5.8,87,0
2023-01-30T23:00,0,0.306,5.9,86,0
2023-01-31T00:00,0,0.307,6.3,85,0
2023-01-31T01:00,0,0.311,7.4,71,0
2023-01-31T02:00,0,0.311,7.1,71,0
2023-01-31T03:00,0,0.311,7.1,72,0
2023-01-31T04:00,0,0.312,6.7,76,0
2023-01-31T05:00,0,0.312,5.5,67,0
2023-01-31T06:00,0,0.312,5.6,52,0
2023-01-31T07:00,0,0.312,6.1,46,0
2023-01-31T08:00,1,0.312,7.8,43,0
2023-01-31T09:00,74,0.312,9.2,47,0
2023-01-31T10:00,222,0.311,11.8,46,0
2023-01-31T11:00,354,0.311,13.7,41,0
2023-01-31T12:00,444,0.31,13.9,51,0
2023-01-31T13:00,481,0.3,13.2,71,0
2023-01-31T14:00,457,0.299,12.9,64,0
2023-01-31T15:00,381,0.299,13,61,0
2023-01-31T16:00,264,0.298,12.2,69,0
2023-01-31T17:00,118,0.298,10.8,79,0
2023-01-31T18:00,11,0.299,8.2,89,0
2023-01-31T19:00,0,0.299,10.1,82,0
2023-01-31T20:00,0,0.299,10.8,81,0
2023-01-31T21:00,0,0.299,8.8,85,0
2023-01-31T22:00,0,0.299,5.4,91,0
2023-01-31T23:00,0,0.299,5.7,91,0
2023-02-01T00:00,0,0.299,5.5,90,0
2023-02-01T01:00,0,0.3,6.9,85,0
2023-02-01T02:00,0,0.3,6.6,87,0
2023-02-01T03:00,0,0.3,6.1,90,0
2023-02-01T04:00,0,0.301,5.6,93,0
2023-02-01T05:00,0,0.301,5.8,93,0
2023-02-01T06:00,0,0.301,5.4,93,0
2023-02-01T07:00,0,0.301,5.1,90,0
2023-02-01T08:00,1,0.301,5.6,89,0
2023-02-01T09:00,57,0.301,7.3,81,0
2023-02-01T10:00,180,0.301,10.1,76,0
2023-02-01T11:00,311,0.301,11.7,69,0
2023-02-01T12:00,409,0.3,12.5,68,0
2023-02-01T13:00,449,0.299,12.3,69,0
2023-02-01T14:00,440,0.298,12.6,68,0
2023-02-01T15:00,378,0.298,12.4,69,0
2023-02-01T16:00,262,0.298,12,69,0
2023-02-01T17:00,117,0.298,10.8,75,0
2023-02-01T18:00,12,0.298,9.1,83,0
2023-02-01T19:00,0,0.298,8.6,84,0
2023-02-01T20:00,0,0.298,8.2,85,0
2023-02-01T21:00,0,0.298,7.9,86,0
2023-02-01T22:00,0,0.298,6.9,87,0
2023-02-01T23:00,0,0.298,6.1,87,0
2023-02-02T00:00,0,0.298,5.9,86,0
2023-02-02T01:00,0,0.293,8.9,77,0
2023-02-02T02:00,0,0.293,6.7,82,0
2023-02-02T03:00,0,0.293,10.7,69,0
2023-02-02T04:00,0,0.294,9.6,72,0
2023-02-02T05:00,0,0.294,7.7,76,0
2023-02-02T06:00,0,0.294,9.8,64,0
2023-02-02T07:00,0,0.294,8.4,62,0
2023-02-02T08:00,1,0.294,4.5,73,0
2023-02-02T09:00,76,0.294,8.5,65,0
2023-02-02T10:00,222,0.294,11.6,61,0
2023-02-02T11:00,354,0.294,13.2,59,0
2023-02-02T12:00,444,0.293,13.7,68,0
2023-02-02T13:00,482,0.288,14,60,0
2023-02-02T14:00,462,0.287,14.5,61,0
2023-02-02T15:00,392,0.287,14.1,67,0
2023-02-02T16:00,274,0.287,13.4,74,0
2023-02-02T17:00,128,0.287,11.1,90,0
2023-02-02T18:00,14,0.287,12,82,0
2023-02-02T19:00,0,0.287,8.1,90,0
2023-02-02T20:00,0,0.287,7.2,88,0
2023-02-02T21:00,0,0.287,7.6,84,0
2023-02-02T22:00,0,0.287,7.2,84,0
2023-02-02T23:00,0,0.287,6.4,83,0
2023-02-03T00:00,0,0.288,5.7,80,0
2023-02-03T01:00,0,0.282,9.9,70,0
2023-02-03T02:00,0,0.283,7.1,87,0
2023-02-03T03:00,0,0.283,8.3,87,0
2023-02-03T04:00,0,0.283,6.3,90,0
2023-02-03T05:00,0,0.283,8.8,87,0
2023-02-03T06:00,0,0.283,9.3,85,0
2023-02-03T07:00,0,0.283,9.1,83,0
2023-02-03T08:00,1,0.283,8.1,87,0
2023-02-03T09:00,49,0.283,10.7,76,0
2023-02-03T10:00,177,0.283,11.2,83,0
2023-02-03T11:00,340,0.283,12.5,80,0
2023-02-03T12:00,399,0.283,12.9,79,0
2023-02-03T13:00,435,0.278,11.9,81,0
2023-02-03T14:00,412,0.278,12.8,77,0
2023-02-03T15:00,382,0.278,12.8,77,0
2023-02-03T16:00,257,0.277,12.3,78,0
2023-02-03T17:00,119,0.277,11.3,84,0
2023-02-03T18:00,13,0.278,8.7,91,0
2023-02-03T19:00,0,0.278,8.7,91,0
2023-02-03T20:00,0,0.278,10.8,88,0
2023-02-03T21:00,0,0.278,9.9,91,0
2023-02-03T22:00,0,0.278,8.6,96,0
2023-02-03T23:00,0,0.278,8.7,95,0
2023-02-04T00:00,0,0.278,7.9,95,0
2023-02-04T01:00,0,0.276,8.1,100,0
2023-02-04T02:00,0,0.276,8.8,92,0
2023-02-04T03:00,0,0.276,8.3,93,0
2023-02-04T04:00,0,0.276,8.4,94,0
2023-02-04T05:00,0,0.276,8.8,97,0
2023-02-04T06:00,0,0.276,8.6,95,0
2023-02-04T07:00,0,0.276,8,95,0
2023-02-04T08:00,1,0.277,7.6,89,0
2023-02-04T09:00,69,0.277,9.7,77,0
2023-02-04T10:00,220,0.277,11.3,86,0
2023-02-04T11:00,350,0.276,12.3,85,0
2023-02-04T12:00,436,0.276,14.1,77,0
2023-02-04T13:00,481,0.276,13.7,74,0
2023-02-04T14:00,393,0.275,15.5,67,0
2023-02-04T15:00,391,0.275,17.3,65,0
2023-02-04T16:00,280,0.275,17,70,0
2023-02-04T17:00,135,0.275,13.9,85,0
2023-02-04T18:00,16,0.275,10.7,79,0
2023-02-04T19:00,0,0.275,13.5,39,0
2023-02-04T20:00,0,0.275,14.1,34,0
2023-02-04T21:00,0,0.274,13.8,33,0
2023-02-04T22:00,0,0.274,13.6,33,0
2023-02-04T23:00,0,0.274,13.6,33,0
2023-02-05T00:00,0,0.274,12.9,37,0
2023-02-05T01:00,0,0.275,13.9,35,0
2023-02-05T02:00,0,0.275,13.4,35,0
2023-02-05T03:00,0,0.275,12.7,36,0
2023-02-05T04:00,0,0.275,12.2,40,0
2023-02-05T05:00,0,0.274,11,47,0
2023-02-05T06:00,0,0.274,10,54,0
2023-02-05T07:00,0,0.274,9.2,59,0
2023-02-05T08:00,2,0.274,8.6,61,0
2023-02-05T09:00,83,0.274,9.8,60,0
2023-02-05T10:00,231,0.274,11.9,56,0
2023-02-05T11:00,362,0.273,12.7,45,0
2023-02-05T12:00,451,0.273,12.4,49,0
2023-02-05T13:00,487,0.269,14.1,51,0
2023-02-05T14:00,471,0.269,14,50,0
2023-02-05T15:00,390,0.268,13.3,53,0
2023-02-05T16:00,208,0.268,12.1,59,0
2023-02-05T17:00,135,0.267,11.1,65,0
2023-02-05T18:00,17,0.267,9.7,67,0
2023-02-05T19:00,0,0.267,8.6,71,0
2023-02-05T20:00,0,0.267,9.3,65,0
2023-02-05T21:00,0,0.267,9,64,0
2023-02-05T22:00,0,0.268,8.4,66,0
2023-02-05T23:00,0,0.278,7.1,81,1.1
2023-02-06T00:00,0,0.298,6.7,84,1.5
2023-02-06T01:00,0,0.317,7,75,0.7
2023-02-06T02:00,0,0.316,7.2,69,0
2023-02-06T03:00,0,0.316,7.1,65,0
2023-02-06T04:00,0,0.315,6.6,67,0
2023-02-06T05:00,0,0.314,6.5,66,0
2023-02-06T06:00,0,0.314,6.1,67,0
2023-02-06T07:00,0,0.313,6.1,66,0
2023-02-06T08:00,3,0.313,6.1,66,0
2023-02-06T09:00,67,0.312,6.9,63,0
2023-02-06T10:00,216,0.311,7.7,59,0
2023-02-06T11:00,366,0.31,8.4,55,0
2023-02-06T12:00,459,0.309,9.2,51,0
2023-02-06T13:00,494,0.304,9.9,50,0
2023-02-06T14:00,461,0.302,10.4,48,0
2023-02-06T15:00,406,0.301,10.4,46,0
2023-02-06T16:00,296,0.301,9.9,48,0
2023-02-06T17:00,146,0.3,8.9,52,0
2023-02-06T18:00,20,0.3,7.4,58,0
2023-02-06T19:00,0,0.299,6.5,60,0
2023-02-06T20:00,0,0.299,6.4,61,0
2023-02-06T21:00,0,0.299,6,63,0
2023-02-06T22:00,0,0.299,6.5,62,0.1
2023-02-06T23:00,0,0.3,5.1,82,0.1
2023-02-07T00:00,0,0.323,5.4,88,2
2023-02-07T01:00,0,0.315,6.2,69,2.6
2023-02-07T02:00,0,0.316,5.5,66,0.1
2023-02-07T03:00,0,0.317,4.8,67,0.6
2023-02-07T04:00,0,0.317,4.5,64,0.2
2023-02-07T05:00,0,0.317,3.4,64,0
2023-02-07T06:00,0,0.316,3,66,0
2023-02-07T07:00,0,0.316,2.9,66,0
2023-02-07T08:00,2,0.315,2.8,68,0
2023-02-07T09:00,43,0.314,3.4,62,0
2023-02-07T10:00,168,0.313,4.1,57,0
2023-02-07T11:00,306,0.312,4.9,50,0
2023-02-07T12:00,428,0.311,5.8,45,0
2023-02-07T13:00,505,0.319,6.5,46,0
2023-02-07T14:00,482,0.318,7.1,43,0
2023-02-07T15:00,428,0.317,7.4,41,0
2023-02-07T16:00,307,0.316,7.2,41,0
2023-02-07T17:00,155,0.315,6.5,42,0
2023-02-07T18:00,23,0.315,5.6,43,0
2023-02-07T19:00,0,0.314,5,43,0
2023-02-07T20:00,0,0.313,4.3,46,0
2023-02-07T21:00,0,0.313,3.9,48,0
2023-02-07T22:00,0,0.312,3.7,49,0
2023-02-07T23:00,0,0.312,4,46,0
2023-02-08T00:00,0,0.311,4.2,45,0
2023-02-08T01:00,0,0.309,5.4,42,0
2023-02-08T02:00,0,0.309,4.8,46,0
2023-02-08T03:00,0,0.308,4.2,50,0
2023-02-08T04:00,0,0.308,3.9,49,0
2023-02-08T05:00,0,0.307,3.4,50,0
2023-02-08T06:00,0,0.307,3.3,53,0
2023-02-08T07:00,0,0.306,3.2,55,0
2023-02-08T08:00,4,0.306,3.2,56,0
2023-02-08T09:00,100,0.305,4,54,0
2023-02-08T10:00,258,0.305,4.9,49,0
2023-02-08T11:00,394,0.304,5.9,44,0
2023-02-08T12:00,489,0.303,6.7,41,0
2023-02-08T13:00,529,0.297,7.1,39,0
2023-02-08T14:00,509,0.296,7.3,35,0
2023-02-08T15:00,436,0.295,7,35,0
2023-02-08T16:00,313,0.295,6.5,36,0
2023-02-08T17:00,160,0.294,5.7,41,0
2023-02-08T18:00,25,0.294,4.8,46,0
2023-02-08T19:00,0,0.293,4.3,48,0
2023-02-08T20:00,0,0.293,3.8,49,0
2023-02-08T21:00,0,0.293,3.5,49,0
2023-02-08T22:00,0,0.292,2.9,53,0
2023-02-08T23:00,0,0.292,2.8,51,0
2023-02-09T00:00,0,0.292,3.1,46,0
2023-02-09T01:00,0,0.287,3.6,50,0
2023-02-09T02:00,0,0.286,3.1,54,0
2023-02-09T03:00,0,0.286,2.9,56,0
2023-02-09T04:00,0,0.286,2.8,56,0
2023-02-09T05:00,0,0.286,2.5,58,0
2023-02-09T06:00,0,0.286,2,62,0
2023-02-09T07:00,0,0.285,2.1,62,0
2023-02-09T08:00,4,0.285,1.8,64,0
2023-02-09T09:00,81,0.285,2.3,61,0
2023-02-09T10:00,232,0.285,3.1,55,0
2023-02-09T11:00,389,0.284,4.3,47,0
2023-02-09T12:00,490,0.283,5.1,41,0
2023-02-09T13:00,530,0.279,5.5,39,0
2023-02-09T14:00,499,0.278,5.5,36,0
2023-02-09T15:00,431,0.278,5.6,34,0
2023-02-09T16:00,317,0.277,5.2,36,0
2023-02-09T17:00,162,0.277,4.4,39,0
2023-02-09T18:00,26,0.276,4,43,0
2023-02-09T19:00,0,0.276,3.2,47,0
2023-02-09T20:00,0,0.276,3.1,49,0
2023-02-09T21:00,0,0.276,3.1,48,0
2023-02-09T22:00,0,0.276,3.6,43,0
2023-02-09T23:00,0,0.275,4,40,0
2023-02-10T00:00,0,0.275,3.8,41,0
2023-02-10T01:00,0,0.272,4.5,43,0
2023-02-10T02:00,0,0.272,3.3,48,0
2023-02-10T03:00,0,0.272,2.8,50,0
2023-02-10T04:00,0,0.271,2.5,51,0
2023-02-10T05:00,0,0.271,2.3,51,0
2023-02-10T06:00,0,0.271,2.2,54,0
2023-02-10T07:00,0,0.271,1.8,63,0
2023-02-10T08:00,5,0.271,1.6,70,0
2023-02-10T09:00,103,0.271,4.4,70,0
2023-02-10T10:00,258,0.271,7.8,38,0
2023-02-10T11:00,407,0.271,8.9,30,0
2023-02-10T12:00,500,0.27,9.6,32,0
2023-02-10T13:00,541,0.269,11.7,24,0
2023-02-10T14:00,522,0.268,12.5,23,0
2023-02-10T15:00,448,0.268,12.6,24,0
2023-02-10T16:00,325,0.267,11.9,30,0
2023-02-10T17:00,169,0.267,9.9,55,0
2023-02-10T18:00,29,0.267,5.6,61,0
2023-02-10T19:00,0,0.267,4.3,66,0
2023-02-10T20:00,0,0.267,3.4,66,0
2023-02-10T21:00,0,0.267,3,65,0
2023-02-10T22:00,0,0.267,2.9,65,0
2023-02-10T23:00,0,0.267,3,62,0
2023-02-11T00:00,0,0.267,3.1,58,0
2023-02-11T01:00,0,0.263,4.1,61,0
2023-02-11T02:00,0,0.263,3.4,62,0
2023-02-11T03:00,0,0.263,3.2,61,0
2023-02-11T04:00,0,0.263,3.2,61,0
2023-02-11T05:00,0,0.263,3.2,60,0
2023-02-11T06:00,0,0.263,3.2,59,0
2023-02-11T07:00,0,0.263,3.2,58,0
2023-02-11T08:00,6,0.263,3.5,56,0
2023-02-11T09:00,109,0.262,7.2,52,0
2023-02-11T10:00,266,0.262,10.6,47,0
2023-02-11T11:00,396,0.262,11,51,0
2023-02-11T12:00,486,0.261,11.1,57,0
2023-02-11T13:00,515,0.26,10.6,65,0
2023-02-11T14:00,448,0.259,10.7,65,0
2023-02-11T15:00,432,0.259,10.9,66,0
2023-02-11T16:00,315,0.258,10.4,70,0
2023-02-11T17:00,164,0.258,9.6,77,0
2023-02-11T18:00,29,0.258,9.6,75,0
2023-02-11T19:00,0,0.258,9.5,74,0
2023-02-11T20:00,0,0.258,9.2,74,0
2023-02-11T21:00,0,0.259,9.2,71,0
2023-02-11T22:00,0,0.259,8.9,68,0
2023-02-11T23:00,0,0.259,9.4,62,0
2023-02-12T00:00,0,0.259,9.5,64,0
2023-02-12T01:00,0,0.259,7.6,83,0
2023-02-12T02:00,0,0.259,9.3,74,0
2023-02-12T03:00,0,0.259,9.3,76,0
2023-02-12T04:00,0,0.259,9.3,75,0
2023-02-12T05:00,0,0.259,9.3,75,0
2023-02-12T06:00,0,0.259,9.3,75,0
2023-02-12T07:00,0,0.259,9.3,75,0
2023-02-12T08:00,7,0.259,9.3,78,0
2023-02-12T09:00,108,0.259,8.2,90,0
2023-02-12T10:00,260,0.259,10,80,0
2023-02-12T11:00,393,0.259,11,77,0
2023-02-12T12:00,486,0.259,11.3,81,0
2023-02-12T13:00,524,0.26,10.5,84,0
2023-02-12T14:00,502,0.26,11.1,81,0
2023-02-12T15:00,432,0.259,11.5,78,0
2023-02-12T16:00,314,0.259,11,82,0
2023-02-12T17:00,165,0.259,10,91,0
2023-02-12T18:00,31,0.259,10.8,82,0
2023-02-12T19:00,0,0.259,10,82,0
2023-02-12T20:00,0,0.259,5.7,87,0
2023-02-12T21:00,0,0.259,4.5,84,0
2023-02-12T22:00,0,0.259,4.1,79,0
2023-02-12T23:00,0,0.259,4,75,0
2023-02-13T00:00,0,0.26,4.3,73,0
2023-02-13T01:00,0,0.259,6.3,68,0
2023-02-13T02:00,0,0.259,6,71,0
2023-02-13T03:00,0,0.259,6.1,69,0
2023-02-13T04:00,0,0.259,6.7,65,0
2023-02-13T05:00,0,0.259,7.2,60,0
2023-02-13T06:00,0,0.259,7.8,55,0
2023-02-13T07:00,0,0.259,7.4,56,0
2023-02-13T08:00,7,0.259,6.9,61,0
2023-02-13T09:00,102,0.259,8.9,61,0
2023-02-13T10:00,249,0.258,12.3,54,0
2023-02-13T11:00,388,0.258,13.5,57,0
2023-02-13T12:00,481,0.257,13.7,66,0
2023-02-13T13:00,528,0.252,14.4,65,0
2023-02-13T14:00,513,0.251,14.7,66,0
2023-02-13T15:00,442,0.251,14.2,67,0
2023-02-13T16:00,321,0.251,13.5,70,0
2023-02-13T17:00,170,0.25,12.3,77,0
2023-02-13T18:00,33,0.25,12.4,73,0
2023-02-13T19:00,0,0.251,9.8,80,0
2023-02-13T20:00,0,0.251,8.1,79,0
2023-02-13T21:00,0,0.251,7.2,75,0
2023-02-13T22:00,0,0.251,10.1,62,0
2023-02-13T23:00,0,0.251,12.3,54,0
2023-02-14T00:00,0,0.251,12.6,55,0
2023-02-14T01:00,0,0.249,11.5,56,0
2023-02-14T02:00,0,0.249,12.1,55,0
2023-02-14T03:00,0,0.249,11.9,54,0
2023-02-14T04:00,0,0.249,11.2,51,0
2023-02-14T05:00,0,0.249,8.7,55,0
2023-02-14T06:00,0,0.25,7.3,60,0
2023-02-14T07:00,0,0.25,5.8,69,0
2023-02-14T08:00,8,0.25,7.4,63,0
2023-02-14T09:00,111,0.25,10.5,62,0
2023-02-14T10:00,265,0.25,12.2,55,0
2023-02-14T11:00,405,0.249,12.6,62,0
2023-02-14T12:00,498,0.249,12.8,69,0
2023-02-14T13:00,530,0.25,12.8,72,0
2023-02-14T14:00,517,0.249,13,74,0
2023-02-14T15:00,443,0.249,13,76,0
2023-02-14T16:00,324,0.248,13.1,78,0
2023-02-14T17:00,175,0.248,12.5,82,0
2023-02-14T18:00,35,0.248,11.3,83,0
2023-02-14T19:00,0,0.248,12,78,0
2023-02-14T20:00,0,0.248,10.4,72,0
2023-02-14T21:00,0,0.249,11.3,63,0
2023-02-14T22:00,0,0.249,11.7,62,0
2023-02-14T23:00,0,0.249,12.2,63,0
2023-02-15T00:00,0,0.249,11.9,64,0
2023-02-15T01:00,0,0.247,12.1,62,0
2023-02-15T02:00,0,0.247,11.9,59,0
2023-02-15T03:00,0,0.247,11.9,54,0
2023-02-15T04:00,0,0.247,11.8,48,0
2023-02-15T05:00,0,0.247,11.7,46,0
2023-02-15T06:00,0,0.247,11.4,49,0
2023-02-15T07:00,0,0.247,11.3,45,0
2023-02-15T08:00,10,0.247,9.3,46,0
2023-02-15T09:00,123,0.247,10.7,66,0
2023-02-15T10:00,282,0.247,12.7,59,0
2023-02-15T11:00,419,0.247,13.2,77,0
2023-02-15T12:00,512,0.246,13.6,78,0
2023-02-15T13:00,551,0.251,13.4,78,0
2023-02-15T14:00,532,0.251,13.9,77,0
2023-02-15T15:00,459,0.25,13.7,77,0
2023-02-15T16:00,337,0.25,13.3,76,0
2023-02-15T17:00,183,0.25,12.4,87,0
2023-02-15T18:00,39,0.25,12.2,77,0
2023-02-15T19:00,0,0.25,11.3,75,0
2023-02-15T20:00,0,0.25,10.2,74,0
2023-02-15T21:00,0,0.25,7.6,79,0
2023-02-15T22:00,0,0.25,6.5,82,0
2023-02-15T23:00,0,0.25,6,83,0
2023-02-16T00:00,0,0.251,5.6,85,0
2023-02-16T01:00,0,0.251,10.2,67,0
2023-02-16T02:00,0,0.251,10.7,67,0
2023-02-16T03:00,0,0.251,10.6,72,0
2023-02-16T04:00,0,0.251,10.2,80,0
2023-02-16T05:00,0,0.252,9.9,86,0
2023-02-16T06:00,0,0.252,10,90,0
2023-02-16T07:00,0,0.252,10.2,90,0
2023-02-16T08:00,6,0.252,10.4,91,0
2023-02-16T09:00,55,0.252,10.5,89,0
2023-02-16T10:00,145,0.252,10.8,85,0
2023-02-16T11:00,264,0.252,11.5,81,0
2023-02-16T12:00,350,0.251,11.9,79,0
2023-02-16T13:00,330,0.248,11.9,75,0
2023-02-16T14:00,435,0.247,12.4,74,0
2023-02-16T15:00,334,0.247,12,74,0
2023-02-16T16:00,283,0.247,11.6,74,0
2023-02-16T17:00,113,0.246,11,75,0
2023-02-16T18:00,32,0.246,8.9,84,0
2023-02-16T19:00,0,0.247,9.4,79,0
2023-02-16T20:00,0,0.247,7.1,87,0
2023-02-16T21:00,0,0.247,7.3,87,0
2023-02-16T22:00,0,0.247,7.7,87,0
2023-02-16T23:00,0,0.247,6.8,88,0
2023-02-17T00:00,0,0.247,7.2,87,0
2023-02-17T01:00,0,0.257,9.2,87,0
2023-02-17T02:00,0,0.257,10.4,83,0
2023-02-17T03:00,0,0.257,9.9,89,0
2023-02-17T04:00,0,0.257,10.1,87,0
2023-02-17T05:00,0,0.257,8.3,90,0
2023-02-17T06:00,0,0.257,7.6,90,0
2023-02-17T07:00,0,0.257,7,91,0
2023-02-17T08:00,10,0.257,7.7,89,0
2023-02-17T09:00,95,0.257,8.9,87,0
2023-02-17T10:00,248,0.257,10.8,83,0
2023-02-17T11:00,405,0.257,11.7,76,0
2023-02-17T12:00,504,0.256,12.3,73,0
2023-02-17T13:00,543,0.253,12.7,67,0
2023-02-17T14:00,531,0.253,13.2,65,0
2023-02-17T15:00,458,0.252,13.1,65,0
2023-02-17T16:00,338,0.252,12.6,67,0
2023-02-17T17:00,186,0.251,11.7,71,0
2023-02-17T18:00,41,0.251,9.2,84,0
2023-02-17T19:00,0,0.251,7.6,88,0
2023-02-17T20:00,0,0.252,10.6,76,0
2023-02-17T21:00,0,0.252,10.3,77,0
2023-02-17T22:00,0,0.252,8.3,82,0
2023-02-17T23:00,0,0.252,7.3,84,0
2023-02-18T00:00,0,0.252,9,79,0
2023-02-18T01:00,0,0.251,9.4,80,0
2023-02-18T02:00,0,0.251,10.6,77,0
2023-02-18T03:00,0,0.251,10.4,78,0
2023-02-18T04:00,0,0.251,10.3,79,0
2023-02-18T05:00,0,0.251,10,82,0
2023-02-18T06:00,0,0.251,9.8,84,0
2023-02-18T07:00,0,0.251,9.1,85,0
2023-02-18T08:00,10,0.251,9.3,85,0
2023-02-18T09:00,68,0.251,9.9,86,0
2023-02-18T10:00,151,0.251,10.4,88,0
2023-02-18T11:00,272,0.251,11.3,84,0
2023-02-18T12:00,255,0.251,11.8,80,0.1
2023-02-18T13:00,284,0.253,12.9,69,0.1
2023-02-18T14:00,428,0.252,13.2,68,0
2023-02-18T15:00,363,0.252,13.1,69,0
2023-02-18T16:00,243,0.252,12.6,72,0
2023-02-18T17:00,123,0.251,12,75,0
2023-02-18T18:00,19,0.251,11.4,79,0
2023-02-18T19:00,0,0.251,10.9,83,0
2023-02-18T20:00,0,0.251,10.3,87,0
2023-02-18T21:00,0,0.251,11.3,79,0
2023-02-18T22:00,0,0.252,9,88,0
2023-02-18T23:00,0,0.252,8.7,87,0
2023-02-19T00:00,0,0.252,10,84,0
2023-02-19T01:00,0,0.247,10.7,85,0
2023-02-19T02:00,0,0.248,11,86,0
2023-02-19T03:00,0,0.248,10.5,90,0
2023-02-19T04:00,0,0.249,10.5,88,0.1
2023-02-19T05:00,0,0.249,10.3,90,0
2023-02-19T06:00,0,0.25,10.2,93,0
2023-02-19T07:00,0,0.25,10.4,91,0
2023-02-19T08:00,4,0.25,10.7,90,0
2023-02-19T09:00,53,0.25,11.2,92,0
2023-02-19T10:00,148,0.25,11.8,87,0
2023-02-19T11:00,283,0.25,13.1,80,0
2023-02-19T12:00,404,0.249,14,76,0
2023-02-19T13:00,518,0.249,13.7,73,0
2023-02-19T14:00,519,0.249,14,72,0
2023-02-19T15:00,415,0.248,13.9,73,0
2023-02-19T16:00,288,0.248,13.5,76,0
2023-02-19T17:00,128,0.247,12.8,80,0
2023-02-19T18:00,28,0.247,11.9,86,0
2023-02-19T19:00,0,0.247,11.9,86,0
2023-02-19T20:00,0,0.247,11.7,89,0
2023-02-19T21:00,0,0.248,11.2,90,0
2023-02-19T22:00,0,0.248,11,89,0
2023-02-19T23:00,0,0.248,11.3,89,0
2023-02-20T00:00,0,0.248,11.4,92,0
2023-02-20T01:00,0,0.25,11.5,91,0
2023-02-20T02:00,0,0.251,11.7,91,0
2023-02-20T03:00,0,0.251,11.8,89,0
2023-02-20T04:00,0,0.251,11.4,93,0
2023-02-20T05:00,0,0.251,11.2,96,0
2023-02-20T06:00,0,0.251,11.2,95,0
2023-02-20T07:00,0,0.251,11.3,94,0
2023-02-20T08:00,5,0.251,11.2,95,0
2023-02-20T09:00,72,0.251,12,95,0
2023-02-20T10:00,152,0.251,12.5,92,0
2023-02-20T11:00,375,0.251,14,79,0
2023-02-20T12:00,509,0.25,14.5,79,0
2023-02-20T13:00,556,0.25,13.8,81,0
2023-02-20T14:00,545,0.249,14.1,81,0
2023-02-20T15:00,469,0.249,14.5,76,0
2023-02-20T16:00,351,0.248,14.1,78,0
2023-02-20T17:00,197,0.248,13.2,84,0
2023-02-20T18:00,50,0.248,11.3,94,0
2023-02-20T19:00,0,0.248,12.1,91,0
2023-02-20T20:00,0,0.248,10.6,93,0
2023-02-20T21:00,0,0.248,9.3,94,0
2023-02-20T22:00,0,0.248,9.2,92,0
2023-02-20T23:00,0,0.249,9.1,90,0
2023-02-21T00:00,0,0.249,9.2,88,0
2023-02-21T01:00,0,0.252,9,89,0
2023-02-21T02:00,0,0.252,9.7,88,0
2023-02-21T03:00,0,0.252,9.3,91,0
2023-02-21T04:00,0,0.252,9.6,90,0
2023-02-21T05:00,0,0.252,9.2,92,0
2023-02-21T06:00,0,0.252,9.4,90,0
2023-02-21T07:00,0,0.252,9.3,91,0
2023-02-21T08:00,11,0.252,9.3,92,0
2023-02-21T09:00,96,0.252,10.3,94,0
2023-02-21T10:00,232,0.252,11.2,88,0
2023-02-21T11:00,390,0.252,12.3,83,0
2023-02-21T12:00,401,0.252,12.8,81,0
2023-02-21T13:00,289,0.249,12.6,82,0
2023-02-21T14:00,237,0.251,12.8,83,0.2
2023-02-21T15:00,173,0.252,12.7,82,0.1
2023-02-21T16:00,142,0.251,12.8,80,0
2023-02-21T17:00,61,0.251,12.3,81,0
2023-02-21T18:00,25,0.251,11.9,82,0
2023-02-21T19:00,0,0.251,11.6,89,0
2023-02-21T20:00,0,0.251,10.9,90,0
2023-02-21T21:00,0,0.251,10.6,89,0
2023-02-21T22:00,0,0.251,10,90,0
2023-02-21T23:00,0,0.252,9.8,88,0
2023-02-22T00:00,0,0.252,9.3,87,0
2023-02-22T01:00,0,0.253,10.1,84,0
2023-02-22T02:00,0,0.253,10.6,81,0
2023-02-22T03:00,0,0.253,10.2,82,0
2023-02-22T04:00,0,0.254,9.5,84,0
2023-02-22T05:00,0,0.254,9.1,83,0
2023-02-22T06:00,0,0.254,9.1,82,0
2023-02-22T07:00,0,0.254,9.3,82,0
2023-02-22T08:00,9,0.254,10,80,0
2023-02-22T09:00,53,0.254,11.7,78,0
2023-02-22T10:00,156,0.253,12.6,80,0
2023-02-22T11:00,221,0.253,12.8,80,0
2023-02-22T12:00,257,0.253,13,80,0
2023-02-22T13:00,208,0.248,13.7,73,0
2023-02-22T14:00,391,0.247,13.9,73,0
2023-02-22T15:00,244,0.247,13.5,78,0
2023-02-22T16:00,166,0.25,13.1,80,0.3
2023-02-22T17:00,58,0.252,12.5,88,0.2
2023-02-22T18:00,15,0.253,12.2,91,0.1
2023-02-22T19:00,0,0.253,11.9,92,0
2023-02-22T20:00,0,0.253,11.9,91,0
2023-02-22T21:00,0,0.253,11.7,91,0
2023-02-22T22:00,0,0.253,11.4,91,0
2023-02-22T23:00,0,0.253,11.3,88,0
2023-02-23T00:00,0,0.254,11.4,85,0
2023-02-23T01:00,0,0.249,11.7,91,0
2023-02-23T02:00,0,0.249,9.5,95,0
2023-02-23T03:00,0,0.249,10.9,89,0
2023-02-23T04:00,0,0.249,10.7,87,0
2023-02-23T05:00,0,0.249,10.8,87,0
2023-02-23T06:00,0,0.249,10.7,88,0
2023-02-23T07:00,0,0.249,10.5,88,0
2023-02-23T08:00,11,0.25,10.9,85,0
2023-02-23T09:00,74,0.25,11.9,81,0
2023-02-23T10:00,161,0.25,12.6,81,0
2023-02-23T11:00,264,0.25,13.1,81,0
2023-02-23T12:00,336,0.25,13.5,80,0
2023-02-23T13:00,463,0.256,12.8,84,0.1
2023-02-23T14:00,378,0.256,13.3,82,0.1
2023-02-23T15:00,255,0.257,13.2,84,0.1
2023-02-23T16:00,171,0.257,12.6,88,0.1
2023-02-23T17:00,133,0.258,12.5,87,0.1
2023-02-23T18:00,34,0.258,11.4,95,0.1
2023-02-23T19:00,0,0.259,12,91,0
2023-02-23T20:00,0,0.259,10.8,95,0
2023-02-23T21:00,0,0.259,9.8,97,0
2023-02-23T22:00,0,0.259,9.9,94,0
2023-02-23T23:00,0,0.259,9.8,92,0
2023-02-24T00:00,0,0.259,9.2,90,0
2023-02-24T01:00,0,0.256,11.9,85,0
2023-02-24T02:00,0,0.256,9.8,92,0
2023-02-24T03:00,0,0.256,10.4,91,0
2023-02-24T04:00,0,0.256,10.4,91,0
2023-02-24T05:00,0,0.257,10.5,90,0.1
2023-02-24T06:00,0,0.258,10.6,90,0.1
2023-02-24T07:00,0,0.26,10.6,91,0.2
2023-02-24T08:00,9,0.263,10.8,92,0.3
2023-02-24T09:00,41,0.267,11.5,93,0.3
2023-02-24T10:00,64,0.271,11.7,94,0.3
2023-02-24T11:00,124,0.274,12.1,93,0.3
2023-02-24T12:00,159,0.278,12.4,91,0.3
2023-02-24T13:00,228,0.281,11.8,93,0.7
2023-02-24T14:00,163,0.286,12.5,89,0.4
2023-02-24T15:00,157,0.29,12.2,91,0.4
2023-02-24T16:00,114,0.296,12.5,93,0.5
2023-02-24T17:00,43,0.306,12.3,93,0.8
2023-02-24T18:00,19,0.309,11.8,97,0.3
2023-02-24T19:00,0,0.308,11.7,95,0
2023-02-24T20:00,0,0.308,10.8,93,0
2023-02-24T21:00,0,0.307,9.4,93,0
2023-02-24T22:00,0,0.307,9.5,86,0
2023-02-24T23:00,0,0.306,9.4,81,0
2023-02-25T00:00,0,0.306,12.2,76,0
2023-02-25T01:00,0,0.292,11.1,76,0
2023-02-25T02:00,0,0.292,8.5,86,0
2023-02-25T03:00,0,0.292,9.2,85,0
2023-02-25T04:00,0,0.292,8.5,87,0
2023-02-25T05:00,0,0.291,8,88,0
2023-02-25T06:00,0,0.291,8,87,0
2023-02-25T07:00,0,0.291,7.3,87,0
2023-02-25T08:00,23,0.291,9.8,81,0
2023-02-25T09:00,137,0.291,11.6,85,0
2023-02-25T10:00,266,0.29,12.3,86,0
2023-02-25T11:00,457,0.29,13.5,81,0
2023-02-25T12:00,540,0.289,14.3,75,0
2023-02-25T13:00,478,0.295,13.6,85,0
2023-02-25T14:00,415,0.294,13.9,84,0
2023-02-25T15:00,348,0.294,13.8,84,0.1
2023-02-25T16:00,190,0.294,13.3,88,0
2023-02-25T17:00,123,0.294,13.1,92,0
2023-02-25T18:00,30,0.294,12.2,97,0
2023-02-25T19:00,0,0.294,11.8,97,0
2023-02-25T20:00,0,0.294,11,99,0
2023-02-25T21:00,0,0.294,11.3,95,0
2023-02-25T22:00,0,0.294,11.2,93,0
2023-02-25T23:00,0,0.293,10.2,92,0
2023-02-26T00:00,0,0.293,9.6,89,0
2023-02-26T01:00,0,0.292,8.8,88,0
2023-02-26T02:00,0,0.292,11.7,73,0
2023-02-26T03:00,0,0.292,9.9,81,0
2023-02-26T04:00,0,0.291,10.7,73,0
2023-02-26T05:00,0,0.291,7.6,84,0
2023-02-26T06:00,0,0.291,8.1,79,0
2023-02-26T07:00,0,0.291,8.8,73,0
2023-02-26T08:00,27,0.29,10.5,66,0
2023-02-26T09:00,142,0.29,11.1,51,0
2023-02-26T10:00,106,0.289,10.2,43,0
2023-02-26T11:00,160,0.289,9.6,55,0
2023-02-26T12:00,108,0.289,8.2,64,0
2023-02-26T13:00,110,0.298,8.1,68,0.5
2023-02-26T14:00,90,0.302,6.7,75,0.6
2023-02-26T15:00,85,0.313,5.8,83,1.1
2023-02-26T16:00,83,0.322,6,74,1.2
2023-02-26T17:00,19,0.332,5.1,80,1
2023-02-26T18:00,7,0.338,4.9,80,1
2023-02-26T19:00,0,0.341,4.6,81,1.1
2023-02-26T20:00,0,0.344,4.8,76,0.9
2023-02-26T21:00,0,0.344,4.4,74,0.9
2023-02-26T22:00,0,0.344,4.4,73,0.7
2023-02-26T23:00,0,0.344,4.2,73,0.5
2023-02-27T00:00,0,0.343,4.3,72,0.6
2023-02-27T01:00,0,0.325,4.2,74,0.7
2023-02-27T02:00,0,0.325,4,76,0.5
2023-02-27T03:00,0,0.325,4,72,0.4
2023-02-27T04:00,0,0.325,3.8,70,0.3
2023-02-27T05:00,0,0.324,4.1,70,0.4
2023-02-27T06:00,0,0.324,4.3,67,0.6
2023-02-27T07:00,0,0.324,4.4,68,0.6
2023-02-27T08:00,5,0.325,4.5,68,0.8
2023-02-27T09:00,20,0.326,4.6,69,1.1
2023-02-27T10:00,58,0.327,4.8,69,0.8
2023-02-27T11:00,185,0.329,5.2,67,0.5
2023-02-27T12:00,238,0.332,5.2,67,0.4
2023-02-27T13:00,206,0.331,5.7,67,0.4
2023-02-27T14:00,147,0.332,5.5,66,0
2023-02-27T15:00,211,0.333,5.8,64,0
2023-02-27T16:00,235,0.334,5.9,63,0
2023-02-27T17:00,74,0.335,5.6,65,0
2023-02-27T18:00,33,0.336,5.6,65,0.1
2023-02-27T19:00,0,0.337,5.7,66,0
2023-02-27T20:00,0,0.337,5.9,65,0
2023-02-27T21:00,0,0.338,5.9,64,0.1
2023-02-27T22:00,0,0.339,6,64,0.1
2023-02-27T23:00,0,0.339,5.9,64,0
2023-02-28T00:00,0,0.339,5.8,65,0
2023-02-28T01:00,0,0.336,5.9,63,0
2023-02-28T02:00,0,0.335,5.6,64,0
2023-02-28T03:00,0,0.334,5.4,65,0
2023-02-28T04:00,0,0.333,5.2,67,0
2023-02-28T05:00,0,0.332,5.3,68,0
2023-02-28T06:00,0,0.331,5,68,0
2023-02-28T07:00,0,0.331,5,65,0
2023-02-28T08:00,12,0.33,5,65,0
2023-02-28T09:00,55,0.329,5.1,65,0
2023-02-28T10:00,62,0.329,5.2,65,0.1
2023-02-28T11:00,114,0.329,5.5,64,0.1
2023-02-28T12:00,134,0.329,5.8,63,0.1
2023-02-28T13:00,345,0.331,6.6,61,0
2023-02-28T14:00,470,0.33,7,59,0
2023-02-28T15:00,304,0.328,6.4,62,0
2023-02-28T16:00,143,0.327,6.1,62,0
2023-02-28T17:00,153,0.326,6.4,59,0
2023-02-28T18:00,50,0.325,6.6,55,0
2023-02-28T19:00,1,0.324,6.7,53,0
2023-02-28T20:00,0,0.323,7,54,0
2023-02-28T21:00,0,0.322,7.2,55,0
2023-02-28T22:00,0,0.321,7.1,56,0
2023-02-28T23:00,0,0.32,7.2,57,0
2023-03-01T00:00,0,0.319,7.3,57,0
2023-03-01T01:00,0,0.321,7.8,57,0
2023-03-01T02:00,0,0.32,7.8,57,0
2023-03-01T03:00,0,0.319,7.2,60,0
2023-03-01T04:00,0,0.319,7.2,59,0
2023-03-01T05:00,0,0.318,7.2,58,0
2023-03-01T06:00,0,0.317,7,60,0
2023-03-01T07:00,0,0.316,7.1,59,0
2023-03-01T08:00,10,0.319,7.3,61,0.4
2023-03-01T09:00,35,0.333,6.5,75,1.4
2023-03-01T10:00,65,0.351,6.5,76,1.6
2023-03-01T11:00,59,0.357,6.9,71,0.8
2023-03-01T12:00,128,0.357,7.7,66,0.2
2023-03-01T13:00,119,0.318,8.8,64,0.3
2023-03-01T14:00,191,0.327,8.1,75,1
2023-03-01T15:00,56,0.34,7.3,78,1.2
2023-03-01T16:00,57,0.37,7,82,2.4
2023-03-01T17:00,29,0.387,6.9,81,1.6
2023-03-01T18:00,10,0.397,6.9,81,1.5
2023-03-01T19:00,0,0.39,7,75,0
2023-03-01T20:00,0,0.384,6.8,74,0
2023-03-01T21:00,0,0.379,6.9,72,0
2023-03-01T22:00,0,0.376,6.6,72,0.1
2023-03-01T23:00,0,0.373,6.7,71,0.1
2023-03-02T00:00,0,0.37,6.6,69,0
2023-03-02T01:00,0,0.367,6,76,0
2023-03-02T02:00,0,0.365,5.6,78,0
2023-03-02T03:00,0,0.363,6.1,75,0
2023-03-02T04:00,0,0.36,6.4,72,0
2023-03-02T05:00,0,0.358,6.7,72,0
2023-03-02T06:00,0,0.356,7.2,67,0
2023-03-02T07:00,0,0.355,7.5,66,0
2023-03-02T08:00,21,0.353,7.7,67,0
2023-03-02T09:00,131,0.351,8.3,67,0
2023-03-02T10:00,259,0.349,9.2,64,0
2023-03-02T11:00,413,0.347,10,60,0
2023-03-02T12:00,410,0.345,10.2,61,0
2023-03-02T13:00,432,0.34,10.4,64,0
2023-03-02T14:00,417,0.338,11,62,0
2023-03-02T15:00,382,0.337,11,62,0
2023-03-02T16:00,273,0.335,10.8,63,0
2023-03-02T17:00,176,0.334,10.3,65,0
2023-03-02T18:00,51,0.333,10,65,0
2023-03-02T19:00,1,0.332,9.9,65,0
2023-03-02T20:00,0,0.332,9.7,66,0
2023-03-02T21:00,0,0.331,9.8,65,0
2023-03-02T22:00,0,0.33,9.7,66,0
2023-03-02T23:00,0,0.33,9.4,67,0
2023-03-03T00:00,0,0.329,9.4,67,0
2023-03-03T01:00,0,0.323,9.2,65,0
2023-03-03T02:00,0,0.323,9.7,65,0
2023-03-03T03:00,0,0.322,9.5,66,0
2023-03-03T04:00,0,0.322,9.6,65,0
2023-03-03T05:00,0,0.321,9.7,63,0
2023-03-03T06:00,0,0.321,9.5,63,0
2023-03-03T07:00,0,0.32,9.5,63,0
2023-03-03T08:00,43,0.32,10,62,0
2023-03-03T09:00,189,0.319,11.7,59,0
2023-03-03T10:00,332,0.318,13.2,52,0
2023-03-03T11:00,454,0.317,14.1,48,0
2023-03-03T12:00,554,0.316,14.6,47,0
2023-03-03T13:00,619,0.309,15.2,45,0
2023-03-03T14:00,513,0.308,15.2,47,0
2023-03-03T15:00,461,0.307,14.9,51,0
2023-03-03T16:00,345,0.306,14.4,57,0
2023-03-03T17:00,202,0.306,14.1,58,0
2023-03-03T18:00,81,0.306,11.1,72,0
2023-03-03T19:00,2,0.306,10.2,61,0
2023-03-03T20:00,0,0.305,9.6,63,0
2023-03-03T21:00,0,0.305,10,62,0
2023-03-03T22:00,0,0.305,10.2,62,0
2023-03-03T23:00,0,0.305,9.6,65,0
2023-03-04T00:00,0,0.305,9.6,66,0
2023-03-04T01:00,0,0.301,10.1,64,0
2023-03-04T02:00,0,0.301,10.6,64,0
2023-03-04T03:00,0,0.301,10.6,62,0
2023-03-04T04:00,0,0.301,10.6,61,0
2023-03-04T05:00,0,0.301,10.5,61,0
2023-03-04T06:00,0,0.3,10.1,61,0
2023-03-04T07:00,0,0.3,9.8,62,0
2023-03-04T08:00,47,0.3,10.3,63,0
2023-03-04T09:00,202,0.3,12.8,58,0
2023-03-04T10:00,368,0.299,14.6,48,0
2023-03-04T11:00,509,0.298,15.4,44,0
2023-03-04T12:00,603,0.297,15.9,44,0
2023-03-04T13:00,628,0.292,16.2,45,0
2023-03-04T14:00,581,0.29,16.1,49,0
2023-03-04T15:00,504,0.289,14.8,62,0
2023-03-04T16:00,412,0.289,14.4,52,0
2023-03-04T17:00,251,0.288,14.2,52,0
2023-03-04T18:00,89,0.288,11.8,65,0
2023-03-04T19:00,2,0.288,10,66,0
2023-03-04T20:00,0,0.288,9,68,0
2023-03-04T21:00,0,0.288,9,66,0
2023-03-04T22:00,0,0.288,8.5,66,0
2023-03-04T23:00,0,0.288,8.3,64,0
2023-03-05T00:00,0,0.288,8.7,62,0
2023-03-05T01:00,0,0.286,9,66,0
2023-03-05T02:00,0,0.286,8.4,68,0
2023-03-05T03:00,0,0.286,7.6,68,0
2023-03-05T04:00,0,0.286,7.3,67,0
2023-03-05T05:00,0,0.286,7.5,66,0
2023-03-05T06:00,0,0.286,7.3,68,0
2023-03-05T07:00,0,0.286,7.2,70,0
2023-03-05T08:00,52,0.286,9,67,0
2023-03-05T09:00,211,0.286,12.3,65,0
2023-03-05T10:00,379,0.285,13.2,70,0
2023-03-05T11:00,498,0.285,13.8,72,0
2023-03-05T12:00,597,0.284,14.2,74,0
2023-03-05T13:00,650,0.287,13.8,74,0
2023-03-05T14:00,612,0.286,13.8,76,0
2023-03-05T15:00,444,0.285,13.6,75,0
2023-03-05T16:00,365,0.285,13.4,75,0
2023-03-05T17:00,235,0.284,12.4,80,0
2023-03-05T18:00,72,0.284,10.7,91,0
2023-03-05T19:00,2,0.284,10,94,0
2023-03-05T20:00,0,0.285,10.1,93,0
2023-03-05T21:00,0,0.285,8.5,96,0
2023-03-05T22:00,0,0.285,8.1,92,0
2023-03-05T23:00,0,0.285,7.8,89,0
2023-03-06T00:00,0,0.285,8.2,88,0
2023-03-06T01:00,0,0.288,8.7,89,0
2023-03-06T02:00,0,0.288,9.6,82,0
2023-03-06T03:00,0,0.288,9.1,88,0
2023-03-06T04:00,0,0.288,8.8,92,0
2023-03-06T05:00,0,0.288,8.9,91,0
2023-03-06T06:00,0,0.288,8,94,0
2023-03-06T07:00,0,0.288,7.8,89,0
2023-03-06T08:00,40,0.288,8.4,84,0
2023-03-06T09:00,166,0.288,9.4,81,0
2023-03-06T10:00,365,0.288,10.9,73,0
2023-03-06T11:00,520,0.287,11.6,73,0
2023-03-06T12:00,580,0.286,12.3,75,0
2023-03-06T13:00,553,0.283,12.1,76,0
2023-03-06T14:00,563,0.282,13.3,71,0
2023-03-06T15:00,516,0.282,13.7,68,0
2023-03-06T16:00,303,0.281,13.1,73,0
2023-03-06T17:00,196,0.281,12.8,74,0
2023-03-06T18:00,88,0.281,11.6,82,0
2023-03-06T19:00,3,0.281,9.8,92,0
2023-03-06T20:00,0,0.281,9.7,93,0
2023-03-06T21:00,0,0.281,11.3,88,0
2023-03-06T22:00,0,0.281,7.4,95,0
2023-03-06T23:00,0,0.281,8.9,89,0
2023-03-07T00:00,0,0.281,8.5,89,0
2023-03-07T01:00,0,0.277,9.3,88,0
2023-03-07T02:00,0,0.277,9.6,86,0
2023-03-07T03:00,0,0.277,9.7,85,0
2023-03-07T04:00,0,0.277,9.3,83,0
2023-03-07T05:00,0,0.277,8.9,82,0
2023-03-07T06:00,0,0.277,8.7,82,0
2023-03-07T07:00,0,0.277,7.8,86,0
2023-03-07T08:00,48,0.277,8.5,84,0
2023-03-07T09:00,202,0.277,11.4,76,0
2023-03-07T10:00,380,0.277,12.3,71,0
2023-03-07T11:00,482,0.276,12.7,69,0
2023-03-07T12:00,520,0.275,12.7,70,0
2023-03-07T13:00,641,0.27,12.2,71,0
2023-03-07T14:00,403,0.269,12.9,60,0
2023-03-07T15:00,421,0.268,13.3,64,0
2023-03-07T16:00,267,0.268,12.7,73,0
2023-03-07T17:00,216,0.268,12.2,78,0
2023-03-07T18:00,52,0.268,11.7,85,0
2023-03-07T19:00,1,0.268,11.7,83,0
2023-03-07T20:00,0,0.268,10.7,87,0
2023-03-07T21:00,0,0.268,10.4,80,0
2023-03-07T22:00,0,0.268,7.7,84,0
2023-03-07T23:00,0,0.268,7.5,80,0
2023-03-08T00:00,0,0.269,8,77,0
2023-03-08T01:00,0,0.267,8.3,72,0
2023-03-08T02:00,0,0.268,7.1,76,0
2023-03-08T03:00,0,0.268,6.8,76,0
2023-03-08T04:00,0,0.268,6.3,77,0
2023-03-08T05:00,0,0.268,6.4,76,0
2023-03-08T06:00,0,0.268,6.9,74,0
2023-03-08T07:00,0,0.268,7.6,72,0
2023-03-08T08:00,57,0.268,9.7,71,0
2023-03-08T09:00,221,0.268,12.1,74,0
2023-03-08T10:00,372,0.268,13.1,67,0
2023-03-08T11:00,447,0.267,13.2,65,0
2023-03-08T12:00,510,0.266,13.5,65,0
2023-03-08T13:00,555,0.267,13.3,71,0
2023-03-08T14:00,463,0.266,13.2,77,0
2023-03-08T15:00,464,0.265,13.1,77,0
2023-03-08T16:00,278,0.265,12.7,77,0
2023-03-08T17:00,132,0.265,12.4,79,0
2023-03-08T18:00,51,0.265,11.7,85,0
2023-03-08T19:00,3,0.265,10.5,89,0
2023-03-08T20:00,0,0.265,10.9,84,0
2023-03-08T21:00,0,0.265,11,84,0
2023-03-08T22:00,0,0.266,10.9,83,0
2023-03-08T23:00,0,0.266,10.9,83,0
2023-03-09T00:00,0,0.266,10.7,86,0
2023-03-09T01:00,0,0.264,10.1,87,0
2023-03-09T02:00,0,0.264,10.6,86,0
2023-03-09T03:00,0,0.264,10.9,85,0
2023-03-09T04:00,0,0.264,11.6,77,0
2023-03-09T05:00,0,0.264,10.7,76,0
2023-03-09T06:00,0,0.264,10.4,74,0
2023-03-09T07:00,0,0.264,9,78,0
2023-03-09T08:00,65,0.264,12.1,66,0
2023-03-09T09:00,208,0.264,13.8,68,0
2023-03-09T10:00,343,0.264,14.7,77,0
2023-03-09T11:00,487,0.263,15.7,75,0
2023-03-09T12:00,546,0.263,16,77,0
2023-03-09T13:00,560,0.268,16.5,69,0
2023-03-09T14:00,495,0.268,16.4,69,0
2023-03-09T15:00,423,0.267,15.1,79,0
2023-03-09T16:00,242,0.267,14.5,80,0
2023-03-09T17:00,158,0.267,13.9,83,0
2023-03-09T18:00,72,0.267,13,87,0
2023-03-09T19:00,4,0.267,12.2,92,0
2023-03-09T20:00,0,0.267,12.2,89,0
2023-03-09T21:00,0,0.267,12.2,88,0
2023-03-09T22:00,0,0.267,11.6,88,0
2023-03-09T23:00,0,0.267,11.6,84,0
2023-03-10T00:00,0,0.267,11.6,82,0
2023-03-10T01:00,0,0.268,13,86,0
2023-03-10T02:00,0,0.268,11.2,97,0
2023-03-10T03:00,0,0.268,10.3,97,0
2023-03-10T04:00,0,0.268,9.6,95,0
2023-03-10T05:00,0,0.268,9.5,90,0
2023-03-10T06:00,0,0.268,9.6,76,0
2023-03-10T07:00,0,0.268,9.2,74,0
2023-03-10T08:00,47,0.268,12,65,0
2023-03-10T09:00,202,0.268,13.3,68,0
2023-03-10T10:00,371,0.268,14.4,73,0
2023-03-10T11:00,529,0.267,14.3,81,0
2023-03-10T12:00,627,0.266,15.5,79,0
2023-03-10T13:00,675,0.269,15.2,83,0
2023-03-10T14:00,658,0.268,16.9,79,0
2023-03-10T15:00,575,0.267,17.1,84,0
2023-03-10T16:00,453,0.266,17.2,77,0
2023-03-10T17:00,276,0.266,17,74,0
2023-03-10T18:00,97,0.266,15.9,79,0
2023-03-10T19:00,6,0.266,14.9,59,0
2023-03-10T20:00,0,0.266,18.2,39,0
2023-03-10T21:00,0,0.266,17.6,39,0
2023-03-10T22:00,0,0.266,12.5,57,0
2023-03-10T23:00,0,0.266,11.8,56,0
2023-03-11T00:00,0,0.266,12.3,48,0
2023-03-11T01:00,0,0.265,14.2,58,0
2023-03-11T02:00,0,0.266,11.5,60,0
2023-03-11T03:00,0,0.266,16,36,0
2023-03-11T04:00,0,0.266,13.7,43,0
2023-03-11T05:00,0,0.266,15.3,36,0
2023-03-11T06:00,0,0.266,10.2,57,0
2023-03-11T07:00,1,0.266,9.4,65,0
2023-03-11T08:00,54,0.266,12.8,67,0
2023-03-11T09:00,211,0.266,14.6,52,0
2023-03-11T10:00,356,0.265,15.1,63,0
2023-03-11T11:00,439,0.265,15.6,67,0
2023-03-11T12:00,579,0.264,16.1,66,0
2023-03-11T13:00,491,0.265,17,57,0
2023-03-11T14:00,622,0.264,16.9,60,0
2023-03-11T15:00,555,0.263,17.7,59,0
2023-03-11T16:00,407,0.263,17.3,60,0
2023-03-11T17:00,275,0.262,16.6,63,0
2023-03-11T18:00,112,0.262,15,78,0
2023-03-11T19:00,7,0.262,14.6,69,0
2023-03-11T20:00,0,0.262,17,57,0
2023-03-11T21:00,0,0.262,12.5,63,0
2023-03-11T22:00,0,0.262,12.1,52,0
2023-03-11T23:00,0,0.262,16,32,0
2023-03-12T00:00,0,0.263,14.9,47,0
2023-03-12T01:00,0,0.26,14.6,47,0
2023-03-12T02:00,0,0.26,10.7,57,0
2023-03-12T03:00,0,0.26,11.9,50,0
2023-03-12T04:00,0,0.26,11.7,53,0
2023-03-12T05:00,0,0.26,10.6,58,0
2023-03-12T06:00,0,0.26,10.2,60,0
2023-03-12T07:00,1,0.26,10,60,0
2023-03-12T08:00,81,0.26,12.3,58,0
2023-03-12T09:00,253,0.26,16.8,49,0
2023-03-12T10:00,421,0.259,18.4,44,0
2023-03-12T11:00,561,0.258,19.3,43,0
2023-03-12T12:00,655,0.257,19.9,44,0
2023-03-12T13:00,680,0.255,19.9,58,0
2023-03-12T14:00,663,0.253,18.9,67,0
2023-03-12T15:00,585,0.253,18.4,67,0
2023-03-12T16:00,452,0.252,17.7,65,0
2023-03-12T17:00,291,0.251,16.9,62,0
2023-03-12T18:00,117,0.251,14.7,80,0
2023-03-12T19:00,7,0.251,12.2,81,0
2023-03-12T20:00,0,0.252,16.6,57,0
2023-03-12T21:00,0,0.252,16.9,52,0
2023-03-12T22:00,0,0.252,15.7,53,0
2023-03-12T23:00,0,0.252,12.1,68,0
2023-03-13T00:00,0,0.252,11.8,76,0
2023-03-13T01:00,0,0.253,11.6,70,0
2023-03-13T02:00,0,0.253,14.2,57,0
2023-03-13T03:00,0,0.253,11.5,69,0
2023-03-13T04:00,0,0.253,11.8,66,0
2023-03-13T05:00,0,0.254,11,72,0
2023-03-13T06:00,0,0.254,10.4,75,0
2023-03-13T07:00,1,0.254,10.3,76,0
2023-03-13T08:00,76,0.254,12.6,72,0
2023-03-13T09:00,230,0.253,15.2,66,0
2023-03-13T10:00,387,0.253,15.7,69,0
2023-03-13T11:00,445,0.253,15.5,77,0
2023-03-13T12:00,517,0.252,15.9,76,0
2023-03-13T13:00,385,0.253,14.6,85,0
2023-03-13T14:00,337,0.253,15,82,0
2023-03-13T15:00,208,0.253,14.7,84,0
2023-03-13T16:00,219,0.253,14.6,85,0
2023-03-13T17:00,165,0.253,14.1,88,0
2023-03-13T18:00,63,0.253,13.5,89,0
2023-03-13T19:00,6,0.253,12.7,94,0
2023-03-13T20:00,0,0.253,12.9,92,0
2023-03-13T21:00,0,0.253,12.9,93,0
2023-03-13T22:00,0,0.253,13,91,0
2023-03-13T23:00,0,0.253,13.1,90,0
2023-03-14T00:00,0,0.254,13,92,0
2023-03-14T01:00,0,0.261,12.8,94,0.1
2023-03-14T02:00,0,0.262,13,93,0.1
2023-03-14T03:00,0,0.264,13.1,92,0.1
2023-03-14T04:00,0,0.267,13.2,93,0.4
2023-03-14T05:00,0,0.271,13.4,94,0.3
2023-03-14T06:00,0,0.272,12.9,87,0
2023-03-14T07:00,2,0.272,11.5,85,0
2023-03-14T08:00,79,0.272,12.5,83,0
2023-03-14T09:00,209,0.272,14.7,69,0
2023-03-14T10:00,420,0.271,15.9,66,0
2023-03-14T11:00,492,0.271,16.4,70,0
2023-03-14T12:00,655,0.27,16.5,76,0
2023-03-14T13:00,664,0.268,17.4,63,0
2023-03-14T14:00,617,0.267,18.3,57,0
2023-03-14T15:00,402,0.266,17.4,63,0
2023-03-14T16:00,275,0.265,16.2,73,0
2023-03-14T17:00,222,0.265,15.7,77,0
2023-03-14T18:00,98,0.265,14,89,0
2023-03-14T19:00,9,0.265,11.5,92,0
2023-03-14T20:00,0,0.265,10.4,93,0
2023-03-14T21:00,0,0.265,10.4,84,0
2023-03-14T22:00,0,0.265,8.5,77,0
2023-03-14T23:00,0,0.265,8.6,55,0
2023-03-15T00:00,0,0.265,9,49,0
2023-03-15T01:00,0,0.27,11.3,33,0
2023-03-15T02:00,0,0.269,13.3,21,0
2023-03-15T03:00,0,0.269,12.8,23,0
2023-03-15T04:00,0,0.268,12.6,23,0
2023-03-15T05:00,0,0.268,12.5,24,0
2023-03-15T06:00,0,0.268,11.2,28,0
2023-03-15T07:00,3,0.267,11.3,30,0
2023-03-15T08:00,100,0.267,12.5,31,0
2023-03-15T09:00,281,0.266,13.9,30,0
2023-03-15T10:00,453,0.265,14.2,30,0
2023-03-15T11:00,586,0.264,14.3,26,0
2023-03-15T12:00,690,0.263,15,24,0
2023-03-15T13:00,731,0.257,16.3,21,0
2023-03-15T14:00,701,0.255,16.8,21,0
2023-03-15T15:00,617,0.254,16.7,21,0
2023-03-15T16:00,473,0.253,16.1,23,0
2023-03-15T17:00,286,0.252,15.3,30,0
2023-03-15T18:00,132,0.252,14,42,0
2023-03-15T19:00,10,0.252,10.2,52,0
2023-03-15T20:00,0,0.252,11.3,33,0
2023-03-15T21:00,0,0.252,11.2,30,0
2023-03-15T22:00,0,0.252,10.6,31,0
2023-03-15T23:00,0,0.251,10.2,32,0
2023-03-16T00:00,0,0.251,9.8,34,0
2023-03-16T01:00,0,0.254,10.3,34,0
2023-03-16T02:00,0,0.254,9.6,38,0
2023-03-16T03:00,0,0.254,7.9,49,0
2023-03-16T04:00,0,0.254,6.7,56,0
2023-03-16T05:00,0,0.254,6.5,53,0
2023-03-16T06:00,0,0.254,6.2,53,0
2023-03-16T07:00,3,0.254,6.6,57,0
2023-03-16T08:00,96,0.254,11.2,46,0
2023-03-16T09:00,265,0.253,13,46,0
2023-03-16T10:00,435,0.253,13.5,49,0
2023-03-16T11:00,568,0.252,13.9,46,0
2023-03-16T12:00,664,0.251,14,44,0
2023-03-16T13:00,701,0.251,13.7,43,0
2023-03-16T14:00,611,0.25,14,45,0
2023-03-16T15:00,546,0.249,13.7,51,0
2023-03-16T16:00,462,0.248,13.6,51,0
2023-03-16T17:00,292,0.248,13.3,51,0
2023-03-16T18:00,124,0.248,11.9,71,0
2023-03-16T19:00,11,0.248,12.6,54,0
2023-03-16T20:00,0,0.248,12.3,55,0
2023-03-16T21:00,0,0.248,9.6,66,0
2023-03-16T22:00,0,0.248,7.6,73,0
2023-03-16T23:00,0,0.248,7.3,73,0
2023-03-17T00:00,0,0.248,7.2,72,0
2023-03-17T01:00,0,0.252,7.8,67,0
2023-03-17T02:00,0,0.252,7.8,66,0
2023-03-17T03:00,0,0.252,8.4,58,0
2023-03-17T04:00,0,0.252,9,55,0
2023-03-17T05:00,0,0.252,9.3,53,0
2023-03-17T06:00,0,0.252,9.5,53,0
2023-03-17T07:00,4,0.252,9.5,53,0
2023-03-17T08:00,96,0.252,11,52,0
2023-03-17T09:00,271,0.251,13.1,48,0
2023-03-17T10:00,436,0.251,14.3,44,0
2023-03-17T11:00,577,0.25,15.4,40,0
2023-03-17T12:00,662,0.249,15.9,40,0
2023-03-17T13:00,697,0.242,16,40,0
2023-03-17T14:00,670,0.241,16.3,41,0
2023-03-17T15:00,591,0.24,15.3,52,0
2023-03-17T16:00,475,0.239,14.5,64,0
2023-03-17T17:00,310,0.239,13.7,67,0
2023-03-17T18:00,131,0.238,12.1,84,0
2023-03-17T19:00,12,0.239,12.8,70,0
2023-03-17T20:00,0,0.239,9.3,75,0
2023-03-17T21:00,0,0.239,9.7,59,0
2023-03-17T22:00,0,0.239,9.3,61,0
2023-03-17T23:00,0,0.239,9,63,0
2023-03-18T00:00,0,0.239,8.8,64,0
2023-03-18T01:00,0,0.234,8.7,66,0
2023-03-18T02:00,0,0.234,8.6,66,0
2023-03-18T03:00,0,0.234,8.4,65,0
2023-03-18T04:00,0,0.234,8.2,66,0
2023-03-18T05:00,0,0.234,8.5,64,0
2023-03-18T06:00,0,0.234,8.8,61,0
2023-03-18T07:00,5,0.234,8.6,63,0
2023-03-18T08:00,104,0.234,11.1,57,0
2023-03-18T09:00,265,0.234,12.7,61,0
2023-03-18T10:00,402,0.234,13.2,68,0
2023-03-18T11:00,439,0.233,13.8,69,0
2023-03-18T12:00,424,0.234,13.8,71,0.1
2023-03-18T13:00,432,0.233,13.1,76,0.2
2023-03-18T14:00,326,0.234,13.1,80,0.1
2023-03-18T15:00,310,0.234,13.1,80,0
2023-03-18T16:00,275,0.234,13.1,81,0
2023-03-18T17:00,183,0.234,12.7,83,0
2023-03-18T18:00,88,0.234,12.2,82,0
2023-03-18T19:00,10,0.234,11,87,0
2023-03-18T20:00,0,0.234,11.6,83,0
2023-03-18T21:00,0,0.234,10.5,88,0
2023-03-18T22:00,0,0.234,10,87,0
2023-03-18T23:00,0,0.235,10.1,84,0
2023-03-19T00:00,0,0.235,10.1,84,0
2023-03-19T01:00,0,0.229,10.6,85,0
2023-03-19T02:00,0,0.229,10.6,85,0
2023-03-19T03:00,0,0.229,10.3,84,0
2023-03-19T04:00,0,0.23,9.7,84,0
2023-03-19T05:00,0,0.23,9.6,82,0
2023-03-19T06:00,0,0.23,9.2,81,0
2023-03-19T07:00,5,0.23,9,78,0
2023-03-19T08:00,89,0.23,11,72,0
2023-03-19T09:00,188,0.23,13.1,66,0
2023-03-19T10:00,318,0.23,13.8,71,0
2023-03-19T11:00,463,0.229,14.4,71,0
2023-03-19T12:00,603,0.228,14.8,69,0
2023-03-19T13:00,573,0.229,14.1,79,0
2023-03-19T14:00,496,0.23,14.3,80,0.1
2023-03-19T15:00,379,0.229,13.9,83,0
2023-03-19T16:00,281,0.229,13.8,82,0
2023-03-19T17:00,185,0.229,13.6,79,0
2023-03-19T18:00,83,0.231,13,81,0.2
2023-03-19T19:00,10,0.236,11.9,87,0.6
2023-03-19T20:00,0,0.236,11.4,88,0
2023-03-19T21:00,0,0.236,10.2,88,0
2023-03-19T22:00,0,0.241,9.5,89,0.5
2023-03-19T23:00,0,0.245,9.9,89,0.3
2023-03-20T00:00,0,0.246,9.8,87,0.1
2023-03-20T01:00,0,0.235,9.7,89,0
2023-03-20T02:00,0,0.235,9.1,88,0
2023-03-20T03:00,0,0.235,8.9,88,0
2023-03-20T04:00,0,0.235,8.6,87,0
2023-03-20T05:00,0,0.235,8.9,86,0
2023-03-20T06:00,0,0.235,8.8,85,0
2023-03-20T07:00,7,0.235,9.7,81,0
2023-03-20T08:00,111,0.236,12.2,76,0
2023-03-20T09:00,284,0.236,14.6,68,0
2023-03-20T10:00,455,0.235,16.2,57,0
2023-03-20T11:00,587,0.235,17.3,49,0
2023-03-20T12:00,666,0.234,18.1,44,0
2023-03-20T13:00,698,0.232,17.8,48,0
2023-03-20T14:00,649,0.231,18.1,53,0
2023-03-20T15:00,488,0.23,17.5,63,0
2023-03-20T16:00,324,0.23,16.5,72,0
2023-03-20T17:00,296,0.23,15.7,73,0
2023-03-20T18:00,139,0.23,14.6,78,0
2023-03-20T19:00,15,0.23,13.2,77,0
2023-03-20T20:00,0,0.23,11.1,82,0
2023-03-20T21:00,0,0.23,10.7,78,0
2023-03-20T22:00,0,0.23,10.4,74,0
2023-03-20T23:00,0,0.23,9.6,74,0
2023-03-21T00:00,0,0.23,9.2,73,0
2023-03-21T01:00,0,0.232,9.5,72,0
2023-03-21T02:00,0,0.232,9,73,0
2023-03-21T03:00,0,0.232,8.8,73,0
2023-03-21T04:00,0,0.232,8.6,74,0
2023-03-21T05:00,0,0.232,8.4,76,0
2023-03-21T06:00,0,0.232,8.3,77,0
2023-03-21T07:00,8,0.232,8.8,75,0
2023-03-21T08:00,120,0.232,12.3,67,0
2023-03-21T09:00,297,0.232,15.6,58,0
2023-03-21T10:00,462,0.232,15.3,67,0
2023-03-21T11:00,602,0.231,15.3,72,0
2023-03-21T12:00,693,0.23,15.6,72,0
2023-03-21T13:00,704,0.229,15.8,69,0
2023-03-21T14:00,689,0.228,16.3,65,0
2023-03-21T15:00,561,0.227,16.1,66,0
2023-03-21T16:00,414,0.227,15.8,68,0
2023-03-21T17:00,277,0.227,15.1,73,0
2023-03-21T18:00,109,0.227,14.1,84,0
2023-03-21T19:00,13,0.227,11.8,90,0
2023-03-21T20:00,0,0.227,11.7,85,0
2023-03-21T21:00,0,0.227,11.6,84,0
2023-03-21T22:00,0,0.227,10.9,87,0
2023-03-21T23:00,0,0.227,10.3,89,0
2023-03-22T00:00,0,0.228,10.2,87,0
2023-03-22T01:00,0,0.227,10.7,84,0
2023-03-22T02:00,0,0.227,9.4,84,0
2023-03-22T03:00,0,0.227,9.9,82,0
2023-03-22T04:00,0,0.227,9.2,82,0
2023-03-22T05:00,0,0.227,9.3,81,0
2023-03-22T06:00,0,0.228,9.4,81,0
2023-03-22T07:00,9,0.228,9.7,81,0
2023-03-22T08:00,120,0.228,13.4,72,0
2023-03-22T09:00,300,0.228,15.4,65,0
2023-03-22T10:00,470,0.227,15.9,66,0
2023-03-22T11:00,605,0.227,15.9,72,0
2023-03-22T12:00,693,0.226,15.8,77,0
2023-03-22T13:00,723,0.225,15,76,0
2023-03-22T14:00,684,0.224,16,71,0
2023-03-22T15:00,573,0.223,15.7,72,0
2023-03-22T16:00,456,0.223,15.1,78,0
2023-03-22T17:00,300,0.222,14.6,81,0
2023-03-22T18:00,138,0.222,13.4,88,0
2023-03-22T19:00,17,0.223,12.8,92,0
2023-03-22T20:00,0,0.223,10.4,97,0
2023-03-22T21:00,0,0.223,11,95,0
2023-03-22T22:00,0,0.223,10,94,0
2023-03-22T23:00,0,0.223,9.5,93,0
2023-03-23T00:00,0,0.223,9.6,89,0
2023-03-23T01:00,0,0.224,9.6,91,0
2023-03-23T02:00,0,0.224,9,93,0
2023-03-23T03:00,0,0.224,8.7,95,0
2023-03-23T04:00,0,0.224,10,95,0
2023-03-23T05:00,0,0.225,9.9,97,0
2023-03-23T06:00,0,0.225,10.2,97,0
2023-03-23T07:00,5,0.225,10.5,95,0
2023-03-23T08:00,41,0.225,11,94,0
2023-03-23T09:00,97,0.226,11.2,95,0.1
2023-03-23T10:00,156,0.227,11.4,95,0.1
2023-03-23T11:00,297,0.228,12.3,90,0
2023-03-23T12:00,450,0.228,13.3,85,0.1
2023-03-23T13:00,373,0.228,13.5,78,0.1
2023-03-23T14:00,443,0.228,14.4,72,0
2023-03-23T15:00,442,0.227,14.6,74,0
2023-03-23T16:00,330,0.227,14.4,79,0
2023-03-23T17:00,164,0.227,13.6,86,0
2023-03-23T18:00,72,0.227,13.2,89,0
2023-03-23T19:00,9,0.228,12.8,91,0
2023-03-23T20:00,0,0.228,12.6,91,0
2023-03-23T21:00,0,0.228,12.5,92,0
2023-03-23T22:00,0,0.228,12.4,92,0
2023-03-23T23:00,0,0.228,12.2,94,0
2023-03-24T00:00,0,0.228,12.1,95,0
2023-03-24T01:00,0,0.233,12.2,95,0
2023-03-24T02:00,0,0.233,12.5,96,0
2023-03-24T03:00,0,0.233,12.1,99,0
2023-03-24T04:00,0,0.234,12,98,0
2023-03-24T05:00,0,0.234,11.9,96,0
2023-03-24T06:00,0,0.234,12,94,0
2023-03-24T07:00,6,0.234,12.1,92,0
2023-03-24T08:00,48,0.235,12.6,89,0
2023-03-24T09:00,163,0.234,13.5,82,0
2023-03-24T10:00,346,0.234,14.8,79,0
2023-03-24T11:00,347,0.234,15,78,0
2023-03-24T12:00,458,0.233,15.5,76,0
2023-03-24T13:00,617,0.233,15.8,75,0
2023-03-24T14:00,539,0.232,15.9,77,0
2023-03-24T15:00,510,0.231,15.6,79,0
2023-03-24T16:00,456,0.231,15.3,80,0
2023-03-24T17:00,264,0.231,14.4,85,0
2023-03-24T18:00,91,0.231,13.7,91,0
2023-03-24T19:00,10,0.232,13.3,94,0.1
2023-03-24T20:00,0,0.233,13.2,95,0.2
2023-03-24T21:00,0,0.235,13.2,96,0.1
2023-03-24T22:00,0,0.235,13,96,0
2023-03-24T23:00,0,0.235,12.8,97,0
2023-03-25T00:00,0,0.235,12.4,98,0
2023-03-25T01:00,0,0.239,13.3,95,0
2023-03-25T02:00,0,0.239,13.4,93,0
2023-03-25T03:00,0,0.239,13.5,91,0
2023-03-25T04:00,0,0.239,13.4,91,0
2023-03-25T05:00,0,0.239,12.6,92,0
2023-03-25T06:00,0,0.239,11.3,93,0
2023-03-25T07:00,13,0.239,10.3,90,0
2023-03-25T08:00,133,0.239,12.6,76,0
2023-03-25T09:00,292,0.239,14.8,73,0
2023-03-25T10:00,477,0.239,15.3,84,0
2023-03-25T11:00,637,0.238,16.2,80,0
2023-03-25T12:00,722,0.238,16.8,71,0
2023-03-25T13:00,737,0.237,16.2,76,0
2023-03-25T14:00,694,0.236,16.5,80,0
2023-03-25T15:00,633,0.235,16.9,69,0
2023-03-25T16:00,484,0.234,16.6,68,0
2023-03-25T17:00,338,0.234,15.7,76,0
2023-03-25T18:00,152,0.234,14.8,81,0
2023-03-25T19:00,21,0.234,12.7,93,0
2023-03-25T20:00,0,0.234,11.4,95,0
2023-03-25T21:00,0,0.234,11.1,92,0
2023-03-25T22:00,0,0.234,11.1,87,0
2023-03-25T23:00,0,0.234,10.3,84,0
2023-03-26T00:00,0,0.234,9.7,83,0
2023-03-26T01:00,0,0.228,10.2,84,0
2023-03-26T02:00,0,0.228,10.8,77,0
2023-03-26T03:00,0,0.228,12.4,70,0
2023-03-26T04:00,0,0.228,9.7,82,0
2023-03-26T05:00,0,0.228,10.3,82,0
2023-03-26T06:00,0,0.228,10.3,88,0
2023-03-26T07:00,11,0.228,10.9,89,0
2023-03-26T08:00,87,0.228,12.1,87,0
2023-03-26T09:00,179,0.228,13.2,77,0
2023-03-26T10:00,278,0.228,13.8,72,0
2023-03-26T11:00,362,0.228,14,73,0
2023-03-26T12:00,518,0.227,14.7,72,0
2023-03-26T13:00,658,0.226,15.6,75,0
2023-03-26T14:00,623,0.226,17.2,72,0
2023-03-26T15:00,473,0.23,16.7,78,0.5
2023-03-26T16:00,321,0.312,15.3,84,6.2
2023-03-26T17:00,201,0.311,15.8,83,0
2023-03-26T18:00,146,0.31,14.5,93,0
2023-03-26T19:00,23,0.309,14.2,93,0
2023-03-26T20:00,0,0.308,10.6,91,0
2023-03-26T21:00,0,0.307,9.3,86,0
2023-03-26T22:00,0,0.307,10.9,72,0
2023-03-26T23:00,0,0.306,11.2,61,0
2023-03-27T00:00,0,0.305,10.4,59,0
2023-03-27T01:00,0,0.276,12.2,65,0
2023-03-27T02:00,0,0.278,11.5,61,0.2
2023-03-27T03:00,0,0.278,11.9,56,0
2023-03-27T04:00,0,0.278,11.7,54,0
2023-03-27T05:00,0,0.277,10.9,56,0
2023-03-27T06:00,0,0.277,9.2,63,0
2023-03-27T07:00,19,0.277,9.5,63,0
2023-03-27T08:00,160,0.276,13.3,59,0
2023-03-27T09:00,349,0.276,16.5,47,0
2023-03-27T10:00,524,0.275,18.5,30,0
2023-03-27T11:00,653,0.273,19.1,21,0
2023-03-27T12:00,752,0.271,19.1,22,0
2023-03-27T13:00,751,0.265,19.7,21,0
2023-03-27T14:00,765,0.263,19.7,20,0
2023-03-27T15:00,663,0.261,19.4,19,0
2023-03-27T16:00,543,0.26,19,19,0
2023-03-27T17:00,370,0.258,17.7,21,0
2023-03-27T18:00,181,0.257,16.3,21,0
2023-03-27T19:00,28,0.257,14.6,23,0
2023-03-27T20:00,0,0.256,13.4,25,0
2023-03-27T21:00,0,0.256,12.6,25,0
2023-03-27T22:00,0,0.256,11.5,27,0
2023-03-27T23:00,0,0.255,10.1,32,0
2023-03-28T00:00,0,0.255,9.4,31,0
2023-03-28T01:00,0,0.258,8.9,33,0
2023-03-28T02:00,0,0.257,8.9,30,0
2023-03-28T03:00,0,0.257,9.2,28,0
2023-03-28T04:00,0,0.256,9.5,28,0
2023-03-28T05:00,0,0.256,9.1,30,0
2023-03-28T06:00,0,0.256,8.2,34,0
2023-03-28T07:00,22,0.256,8.4,39,0
2023-03-28T08:00,167,0.255,10.5,36,0
2023-03-28T09:00,356,0.254,12.4,30,0
2023-03-28T10:00,533,0.253,13.7,25,0
2023-03-28T11:00,672,0.252,14,25,0
2023-03-28T12:00,759,0.251,14,27,0
2023-03-28T13:00,786,0.247,14,32,0
2023-03-28T14:00,756,0.246,14.2,33,0
2023-03-28T15:00,570,0.245,14,37,0
2023-03-28T16:00,399,0.244,13.6,43,0
2023-03-28T17:00,349,0.243,13.5,48,0
2023-03-28T18:00,169,0.243,12.6,54,0
2023-03-28T19:00,27,0.243,11.3,64,0
2023-03-28T20:00,0,0.243,10.3,74,0
2023-03-28T21:00,0,0.243,8.8,84,0
2023-03-28T22:00,0,0.243,9.2,80,0
2023-03-28T23:00,0,0.243,11.9,70,0
2023-03-29T00:00,0,0.243,11.6,71,0
2023-03-29T01:00,0,0.238,11.1,72,0
2023-03-29T02:00,0,0.238,10.9,75,0
2023-03-29T03:00,0,0.238,9.7,76,0
2023-03-29T04:00,0,0.238,7.5,82,0
2023-03-29T05:00,0,0.238,9.5,73,0
2023-03-29T06:00,0,0.238,10.4,68,0
2023-03-29T07:00,20,0.238,8.9,81,0
2023-03-29T08:00,121,0.238,10.9,76,0
2023-03-29T09:00,246,0.237,11.9,77,0
2023-03-29T10:00,424,0.237,13.3,71,0
2023-03-29T11:00,426,0.236,13.9,68,0
2023-03-29T12:00,515,0.235,14.6,65,0
2023-03-29T13:00,722,0.235,14.2,63,0
2023-03-29T14:00,679,0.234,14.6,62,0
2023-03-29T15:00,588,0.233,14.4,63,0
2023-03-29T16:00,465,0.232,14,66,0
2023-03-29T17:00,318,0.232,13.3,67,0
2023-03-29T18:00,153,0.231,12.7,68,0
2023-03-29T19:00,23,0.231,11.9,70,0
2023-03-29T20:00,0,0.231,10.3,79,0
2023-03-29T21:00,0,0.232,10.1,84,0
2023-03-29T22:00,0,0.233,10.5,90,0.1
2023-03-29T23:00,0,0.234,10.8,92,0.2
2023-03-30T00:00,0,0.236,11.2,93,0.1
2023-03-30T01:00,0,0.24,11.4,94,0.1
2023-03-30T02:00,0,0.242,11.9,93,0.2
2023-03-30T03:00,0,0.245,12,96,0.2
2023-03-30T04:00,0,0.249,12,98,0.3
2023-03-30T05:00,0,0.251,11.9,97,0.1
2023-03-30T06:00,0,0.252,11.8,95,0.1
2023-03-30T07:00,8,0.252,11.6,96,0
2023-03-30T08:00,59,0.253,11.9,96,0
2023-03-30T09:00,145,0.253,12.1,95,0
2023-03-30T10:00,221,0.253,12.8,90,0.1
2023-03-30T11:00,318,0.253,13.6,85,0
2023-03-30T12:00,454,0.253,14.4,80,0
2023-03-30T13:00,525,0.251,13.3,90,0
2023-03-30T14:00,494,0.253,14.3,84,0.3
2023-03-30T15:00,419,0.255,14.2,84,0.2
2023-03-30T16:00,306,0.257,13.8,85,0.2
2023-03-30T17:00,213,0.258,13.6,83,0.2
2023-03-30T18:00,98,0.259,13.1,90,0.1
2023-03-30T19:00,21,0.26,12.3,97,0.1
2023-03-30T20:00,0,0.26,12.1,97,0.1
2023-03-30T21:00,0,0.26,11.8,97,0
2023-03-30T22:00,0,0.26,10.9,98,0
2023-03-30T23:00,0,0.26,12.3,95,0
2023-03-31T00:00,0,0.26,11.1,96,0
2023-03-31T01:00,0,0.251,10.9,96,0
2023-03-31T02:00,0,0.252,10.4,97,0
2023-03-31T03:00,0,0.252,10.2,97,0
2023-03-31T04:00,0,0.252,9.7,97,0
2023-03-31T05:00,0,0.252,10.6,97,0
2023-03-31T06:00,0,0.256,10.4,97,0.3
2023-03-31T07:00,7,0.256,10.8,96,0
2023-03-31T08:00,65,0.256,11.3,89,0
2023-03-31T09:00,143,0.256,11.5,91,0
2023-03-31T10:00,159,0.256,11.6,91,0
2023-03-31T11:00,181,0.257,12.1,91,0.2
2023-03-31T12:00,225,0.259,12.9,86,0.2
2023-03-31T13:00,254,0.257,12.2,89,0.1
2023-03-31T14:00,291,0.26,13.1,86,0.3
2023-03-31T15:00,344,0.261,13.9,80,0.1
2023-03-31T16:00,252,0.26,13.5,84,0
2023-03-31T17:00,185,0.26,13.1,87,0
2023-03-31T18:00,88,0.26,13.1,87,0
2023-03-31T19:00,26,0.26,12,91,0
2023-03-31T20:00,0,0.26,11.8,92,0
2023-03-31T21:00,0,0.26,9,100,0
2023-03-31T22:00,0,0.259,10.6,94,0
2023-03-31T23:00,0,0.259,10.1,85,0
2023-04-01T00:00,0,0.259,7.8,83,0
2023-04-01T01:00,0,0.268,11.7,84,0
2023-04-01T02:00,0,0.268,10.1,76,0
2023-04-01T03:00,0,0.268,8.3,74,0
2023-04-01T04:00,0,0.268,8.5,66,0
2023-04-01T05:00,0,0.268,7.8,65,0
2023-04-01T06:00,0,0.268,7.6,66,0
2023-04-01T07:00,32,0.267,8.6,68,0
2023-04-01T08:00,187,0.267,12.6,66,0
2023-04-01T09:00,378,0.267,17.2,66,0
2023-04-01T10:00,553,0.266,17.9,47,0
2023-04-01T11:00,689,0.265,18.4,45,0
2023-04-01T12:00,776,0.263,19.1,39,0
2023-04-01T13:00,803,0.268,18.5,32,0
2023-04-01T14:00,716,0.266,19.5,29,0
2023-04-01T15:00,663,0.264,18.7,46,0
2023-04-01T16:00,518,0.263,16.5,68,0
2023-04-01T17:00,327,0.262,15.7,62,0
2023-04-01T18:00,176,0.262,15.6,58,0
2023-04-01T19:00,33,0.262,13.3,64,0
2023-04-01T20:00,0,0.261,11.4,68,0
2023-04-01T21:00,0,0.261,11.4,68,0
2023-04-01T22:00,0,0.261,11.3,75,0
2023-04-01T23:00,0,0.261,11.6,75,0
2023-04-02T00:00,0,0.261,11.6,67,0
2023-04-02T01:00,0,0.265,12.1,77,0
2023-04-02T02:00,0,0.266,11.9,78,0.1
2023-04-02T03:00,0,0.266,12,77,0
2023-04-02T04:00,0,0.266,11.9,75,0
2023-04-02T05:00,0,0.265,12.3,60,0
2023-04-02T06:00,0,0.265,12.2,52,0
2023-04-02T07:00,32,0.265,13.1,49,0
2023-04-02T08:00,179,0.264,14.8,44,0
2023-04-02T09:00,372,0.264,16.2,39,0
2023-04-02T10:00,544,0.262,17.5,37,0
2023-04-02T11:00,682,0.261,18.4,35,0
2023-04-02T12:00,762,0.259,18.9,33,0
2023-04-02T13:00,757,0.26,19.2,33,0
2023-04-02T14:00,688,0.26,19,37,0.2
2023-04-02T15:00,418,0.263,18.3,42,0.4
2023-04-02T16:00,533,0.261,19.3,30,0
2023-04-02T17:00,378,0.26,18.8,33,0
2023-04-02T18:00,161,0.259,17.3,37,0
2023-04-02T19:00,34,0.259,15.6,40,0
2023-04-02T20:00,0,0.259,14.3,46,0
2023-04-02T21:00,0,0.259,13.1,52,0
2023-04-02T22:00,0,0.258,12.7,54,0
2023-04-02T23:00,0,0.258,13.3,50,0
2023-04-03T00:00,0,0.258,14.2,45,0
2023-04-03T01:00,0,0.244,14.3,45,0
2023-04-03T02:00,0,0.244,15.1,41,0
2023-04-03T03:00,0,0.244,15.2,40,0
2023-04-03T04:00,0,0.243,14.8,41,0
2023-04-03T05:00,0,0.243,14.4,42,0
2023-04-03T06:00,0,0.243,13.6,43,0
2023-04-03T07:00,33,0.243,14,44,0
2023-04-03T08:00,181,0.242,16,41,0
2023-04-03T09:00,370,0.241,17.8,36,0
2023-04-03T10:00,537,0.24,18.6,34,0
2023-04-03T11:00,634,0.239,18.6,36,0
2023-04-03T12:00,725,0.238,19.8,31,0
2023-04-03T13:00,797,0.226,20.2,27,0
2023-04-03T14:00,775,0.229,18.5,46,0.5
2023-04-03T15:00,553,0.228,19.5,34,0
2023-04-03T16:00,517,0.228,19,33,0.1
2023-04-03T17:00,350,0.227,18.1,38,0
2023-04-03T18:00,159,0.228,17.5,37,0.1
2023-04-03T19:00,33,0.23,13.6,56,0.2
2023-04-03T20:00,0,0.229,13.5,55,0
2023-04-03T21:00,0,0.233,12.1,68,0.4
2023-04-03T22:00,0,0.255,11.4,72,1.8
2023-04-03T23:00,0,0.264,11.4,76,0.7
2023-04-04T00:00,0,0.28,10.6,81,1.2
2023-04-04T01:00,0,0.312,10.8,70,0.2
2023-04-04T02:00,0,0.311,11.2,67,0
2023-04-04T03:00,0,0.31,10.9,68,0
2023-04-04T04:00,0,0.309,10.3,73,0
2023-04-04T05:00,0,0.308,10,69,0
2023-04-04T06:00,0,0.307,9.5,67,0
2023-04-04T07:00,40,0.306,9.8,68,0
2023-04-04T08:00,197,0.305,11.2,58,0
2023-04-04T09:00,385,0.303,11.7,50,0
2023-04-04T10:00,361,0.302,11.3,51,0
2023-04-04T11:00,336,0.3,11.7,51,0
2023-04-04T12:00,562,0.299,12.7,46,0.1
2023-04-04T13:00,700,0.294,13.6,41,0.2
2023-04-04T14:00,644,0.292,14.4,37,0
2023-04-04T15:00,678,0.29,15.1,32,0
2023-04-04T16:00,553,0.288,14.8,31,0
2023-04-04T17:00,395,0.287,14.3,31,0
2023-04-04T18:00,205,0.286,13.3,40,0
2023-04-04T19:00,43,0.285,10.6,56,0
2023-04-04T20:00,0,0.284,9.5,62,0
2023-04-04T21:00,0,0.284,11.3,49,0
2023-04-04T22:00,0,0.284,6.6,71,0
2023-04-04T23:00,0,0.283,6.5,70,0
2023-04-05T00:00,0,0.283,7.4,61,0
2023-04-05T01:00,0,0.287,8.4,57,0
2023-04-05T02:00,0,0.287,8,58,0
2023-04-05T03:00,0,0.286,6.5,69,0
2023-04-05T04:00,0,0.286,6.2,72,0
2023-04-05T05:00,0,0.286,7.3,69,0
2023-04-05T06:00,0,0.285,7.1,70,0
2023-04-05T07:00,32,0.285,8.3,68,0
2023-04-05T08:00,100,0.284,10.1,58,0
2023-04-05T09:00,183,0.283,11.1,45,0
2023-04-05T10:00,535,0.282,12.7,40,0
2023-04-05T11:00,693,0.28,13.6,39,0
2023-04-05T12:00,628,0.279,13.2,41,0
2023-04-05T13:00,695,0.275,14.3,39,0
2023-04-05T14:00,665,0.276,13.3,49,0.2
2023-04-05T15:00,584,0.274,12.5,53,0
2023-04-05T16:00,452,0.273,13.1,49,0
2023-04-05T17:00,353,0.272,13,52,0
2023-04-05T18:00,196,0.272,12.4,57,0
2023-04-05T19:00,42,0.271,9.6,77,0
2023-04-05T20:00,0,0.271,8,81,0
2023-04-05T21:00,0,0.271,8.4,73,0
2023-04-05T22:00,0,0.271,7.8,72,0
2023-04-05T23:00,0,0.27,7.2,75,0
2023-04-06T00:00,0,0.27,6.8,75,0
2023-04-06T01:00,0,0.266,8.4,56,0
2023-04-06T02:00,0,0.266,8,55,0
2023-04-06T03:00,0,0.265,7.8,57,0
2023-04-06T04:00,0,0.265,7.9,57,0
2023-04-06T05:00,0,0.265,7.2,63,0
2023-04-06T06:00,0,0.265,6.3,71,0
2023-04-06T07:00,45,0.264,7.6,71,0
2023-04-06T08:00,204,0.264,11.4,53,0
2023-04-06T09:00,386,0.263,12.1,47,0
2023-04-06T10:00,548,0.262,12.2,54,0
2023-04-06T11:00,685,0.261,12.4,57,0
2023-04-06T12:00,611,0.26,12.2,60,0
2023-04-06T13:00,671,0.258,12,60,0
2023-04-06T14:00,740,0.257,12.9,56,0
2023-04-06T15:00,612,0.256,13.1,59,0
2023-04-06T16:00,444,0.255,12.8,62,0
2023-04-06T17:00,318,0.254,12.8,62,0
2023-04-06T18:00,189,0.253,12.2,65,0
2023-04-06T19:00,43,0.253,10.6,77,0
2023-04-06T20:00,0,0.253,9.6,82,0
2023-04-06T21:00,0,0.253,11.3,73,0
2023-04-06T22:00,0,0.253,7.8,87,0
2023-04-06T23:00,0,0.253,8.2,85,0
2023-04-07T00:00,0,0.253,7.5,87,0
2023-04-07T01:00,0,0.253,8.8,86,0
2023-04-07T02:00,0,0.253,8.6,85,0
2023-04-07T03:00,0,0.253,8.1,87,0
2023-04-07T04:00,0,0.253,7.4,87,0
2023-04-07T05:00,0,0.253,7.2,84,0
2023-04-07T06:00,0,0.252,6.7,84,0
2023-04-07T07:00,40,0.252,10.1,73,0
2023-04-07T08:00,152,0.252,11.7,75,0
2023-04-07T09:00,284,0.252,12.4,80,0.1
2023-04-07T10:00,451,0.254,12.8,78,0.3
2023-04-07T11:00,279,0.255,12.4,82,0.1
2023-04-07T12:00,320,0.255,12.8,80,0.1
2023-04-07T13:00,375,0.262,12.7,80,0.1
2023-04-07T14:00,400,0.267,11.8,86,0.6
2023-04-07T15:00,376,0.322,11.1,94,4.2
2023-04-07T16:00,206,0.321,11.1,90,0.1
2023-04-07T17:00,175,0.321,11.8,84,0.1
2023-04-07T18:00,125,0.32,11.6,84,0
2023-04-07T19:00,40,0.318,10.8,87,0
2023-04-07T20:00,0,0.317,10.2,88,0
2023-04-07T21:00,0,0.316,10,83,0
2023-04-07T22:00,0,0.315,10.3,74,0
2023-04-07T23:00,0,0.314,10.4,72,0
2023-04-08T00:00,0,0.313,10.5,69,0
2023-04-08T01:00,0,0.264,10.7,66,0
2023-04-08T02:00,0,0.264,10.8,64,0
2023-04-08T03:00,0,0.263,11,61,0
2023-04-08T04:00,0,0.263,10.6,62,0
2023-04-08T05:00,0,0.263,10.8,59,0
2023-04-08T06:00,0,0.262,10.8,57,0
2023-04-08T07:00,50,0.262,11.6,56,0
2023-04-08T08:00,212,0.262,13.8,48,0
2023-04-08T09:00,397,0.261,15.1,42,0
2023-04-08T10:00,569,0.26,16.2,39,0
2023-04-08T11:00,706,0.258,17,38,0
2023-04-08T12:00,765,0.256,17.5,38,0
2023-04-08T13:00,788,0.255,17.4,35,0
2023-04-08T14:00,561,0.254,16.6,54,0
2023-04-08T15:00,624,0.252,16.2,64,0
2023-04-08T16:00,521,0.251,15.6,57,0
2023-04-08T17:00,332,0.25,15.4,48,0
2023-04-08T18:00,199,0.25,14.9,49,0
2023-04-08T19:00,49,0.25,12.2,60,0
2023-04-08T20:00,0,0.249,10.6,68,0
2023-04-08T21:00,0,0.249,10.3,68,0
2023-04-08T22:00,0,0.249,10.2,67,0
2023-04-08T23:00,0,0.249,10.3,65,0
2023-04-09T00:00,0,0.249,10.8,61,0
2023-04-09T01:00,0,0.244,11.7,55,0
2023-04-09T02:00,0,0.244,12.1,59,0
2023-04-09T03:00,0,0.244,11.4,61,0
2023-04-09T04:00,0,0.244,11.4,59,0
2023-04-09T05:00,0,0.244,10.2,62,0
2023-04-09T06:00,0,0.243,9.3,65,0
2023-04-09T07:00,54,0.243,10.2,67,0
2023-04-09T08:00,217,0.243,13.7,60,0
2023-04-09T09:00,402,0.242,15.9,54,0
2023-04-09T10:00,571,0.242,16.5,52,0.1
2023-04-09T11:00,628,0.242,15.8,64,0
2023-04-09T12:00,594,0.241,14.5,74,0
2023-04-09T13:00,642,0.24,14.7,64,0
2023-04-09T14:00,659,0.239,15.9,57,0
2023-04-09T15:00,650,0.237,15.8,59,0
2023-04-09T16:00,503,0.236,15.3,63,0
2023-04-09T17:00,365,0.236,15,65,0
2023-04-09T18:00,194,0.235,14.5,67,0
2023-04-09T19:00,47,0.235,14.2,70,0
2023-04-09T20:00,0,0.235,13.9,70,0
2023-04-09T21:00,0,0.235,11.1,81,0
2023-04-09T22:00,0,0.235,10.9,86,0
2023-04-09T23:00,0,0.235,10.8,90,0
2023-04-10T00:00,0,0.235,10.7,89,0
2023-04-10T01:00,0,0.232,10.7,84,0
2023-04-10T02:00,0,0.232,10.1,83,0
2023-04-10T03:00,0,0.232,9.7,83,0
2023-04-10T04:00,0,0.232,9.2,84,0
2023-04-10T05:00,0,0.232,9.4,82,0
2023-04-10T06:00,0,0.232,8.5,84,0
2023-04-10T07:00,53,0.232,11.3,77,0
2023-04-10T08:00,209,0.232,13.5,65,0
2023-04-10T09:00,380,0.231,14.6,62,0
2023-04-10T10:00,532,0.231,15.7,60,0
2023-04-10T11:00,679,0.23,16,62,0
2023-04-10T12:00,531,0.229,14.7,74,0
2023-04-10T13:00,727,0.23,15.7,70,0
2023-04-10T14:00,653,0.229,15.4,62,0
2023-04-10T15:00,674,0.228,16.1,58,0
2023-04-10T16:00,522,0.227,16,62,0
2023-04-10T17:00,381,0.227,15.8,65,0
2023-04-10T18:00,161,0.226,15.1,69,0
2023-04-10T19:00,46,0.226,12.9,83,0
2023-04-10T20:00,0,0.226,14.2,72,0
2023-04-10T21:00,0,0.226,14.6,68,0
2023-04-10T22:00,0,0.226,14.3,71,0
2023-04-10T23:00,0,0.226,13.1,75,0
2023-04-11T00:00,0,0.226,12.1,83,0
2023-04-11T01:00,0,0.225,12.6,82,0
2023-04-11T02:00,0,0.225,12.3,88,0
2023-04-11T03:00,0,0.225,10.3,93,0
2023-04-11T04:00,0,0.225,10.9,90,0
2023-04-11T05:00,0,0.225,12.3,87,0
2023-04-11T06:00,0,0.225,11,94,0
2023-04-11T07:00,30,0.225,12,89,0
2023-04-11T08:00,116,0.225,12.5,90,0
2023-04-11T09:00,158,0.225,13.4,85,0
2023-04-11T10:00,258,0.225,13.9,83,0.1
2023-04-11T11:00,358,0.225,14.4,80,0
2023-04-11T12:00,528,0.225,15.4,75,0
2023-04-11T13:00,564,0.225,14.5,78,0.1
2023-04-11T14:00,430,0.226,14.7,81,0.2
2023-04-11T15:00,412,0.227,14.7,83,0.2
2023-04-11T16:00,298,0.227,14.5,84,0
2023-04-11T17:00,217,0.227,14.6,78,0
2023-04-11T18:00,154,0.227,14.2,81,0
2023-04-11T19:00,32,0.227,13.4,92,0
2023-04-11T20:00,0,0.227,13.3,94,0
2023-04-11T21:00,0,0.228,13.2,93,0.1
2023-04-11T22:00,0,0.228,12.7,95,0
2023-04-11T23:00,0,0.228,12.5,95,0
2023-04-12T00:00,0,0.228,12.4,94,0
2023-04-12T01:00,0,0.224,12.2,93,0
2023-04-12T02:00,0,0.224,12.7,89,0
2023-04-12T03:00,0,0.224,12.8,87,0
2023-04-12T04:00,0,0.224,12.9,88,0
2023-04-12T05:00,0,0.224,12.8,88,0
2023-04-12T06:00,0,0.224,12.7,89,0
2023-04-12T07:00,31,0.224,13.1,90,0
2023-04-12T08:00,93,0.224,13.9,89,0
2023-04-12T09:00,156,0.225,14.6,86,0.1
2023-04-12T10:00,254,0.225,15.5,81,0
2023-04-12T11:00,544,0.224,17,72,0
2023-04-12T12:00,555,0.223,16.8,76,0
2023-04-12T13:00,666,0.224,14.7,88,0
2023-04-12T14:00,288,0.227,14.6,91,0.4
2023-04-12T15:00,229,0.227,14.8,89,0
2023-04-12T16:00,249,0.227,15.1,86,0
2023-04-12T17:00,189,0.226,14.8,86,0
2023-04-12T18:00,108,0.226,14.3,86,0
2023-04-12T19:00,26,0.226,13.6,90,0
2023-04-12T20:00,0,0.227,13.1,94,0
2023-04-12T21:00,0,0.227,13,95,0
2023-04-12T22:00,0,0.228,13,96,0.1
2023-04-12T23:00,0,0.248,12.9,96,1.7
2023-04-13T00:00,0,0.306,12.9,96,4.2
2023-04-13T01:00,0,0.257,12.9,98,0.9
2023-04-13T02:00,0,0.258,12.5,96,0.1
2023-04-13T03:00,0,0.258,11.9,96,0
2023-04-13T04:00,0,0.257,11.6,93,0
2023-04-13T05:00,0,0.257,12.1,88,0
2023-04-13T06:00,0,0.257,12.7,83,0
2023-04-13T07:00,39,0.257,13.2,77,0
2023-04-13T08:00,157,0.257,13.9,68,0
2023-04-13T09:00,341,0.256,14.9,56,0
2023-04-13T10:00,494,0.256,15.7,47,0
2023-04-13T11:00,358,0.255,14.5,54,0
2023-04-13T12:00,391,0.255,14.4,45,0.1
2023-04-13T13:00,425,0.27,13.7,53,0
2023-04-13T14:00,518,0.269,15.5,45,0
2023-04-13T15:00,435,0.268,14.8,44,0
2023-04-13T16:00,269,0.267,12.5,58,0
2023-04-13T17:00,219,0.267,12.7,49,0.1
2023-04-13T18:00,114,0.267,12.8,47,0
2023-04-13T19:00,35,0.266,12.4,49,0
2023-04-13T20:00,0,0.266,10.7,62,0
2023-04-13T21:00,0,0.266,10.1,62,0
2023-04-13T22:00,0,0.265,9.6,70,0
2023-04-13T23:00,0,0.265,11.1,56,0
2023-04-14T00:00,0,0.265,9.8,58,0
2023-04-14T01:00,0,0.267,8.1,60,0
2023-04-14T02:00,0,0.267,8.3,54,0
2023-04-14T03:00,0,0.266,7.7,61,0
2023-04-14T04:00,0,0.266,7.1,65,0
2023-04-14T05:00,0,0.266,6.9,65,0
2023-04-14T06:00,1,0.265,6.8,65,0
2023-04-14T07:00,77,0.265,8.9,64,0
2023-04-14T08:00,253,0.264,13.7,58,0
2023-04-14T09:00,447,0.263,15.8,32,0
2023-04-14T10:00,620,0.262,16.6,39,0
2023-04-14T11:00,733,0.26,17.1,39,0
2023-04-14T12:00,800,0.258,17.6,35,0
2023-04-14T13:00,852,0.256,17,28,0
2023-04-14T14:00,814,0.254,18.4,24,0
2023-04-14T15:00,719,0.252,17.7,34,0
2023-04-14T16:00,573,0.251,17.2,36,0
2023-04-14T17:00,422,0.25,16.6,34,0
2023-04-14T18:00,219,0.249,15.1,52,0
2023-04-14T19:00,57,0.249,13.3,60,0
2023-04-14T20:00,0,0.248,12.9,72,0
2023-04-14T21:00,0,0.248,12.4,89,0
2023-04-14T22:00,0,0.248,12.5,91,0
2023-04-14T23:00,0,0.248,12.2,88,0
2023-04-15T00:00,0,0.248,11.9,84,0
2023-04-15T01:00,0,0.247,11.7,91,0
2023-04-15T02:00,0,0.247,11.7,88,0
2023-04-15T03:00,0,0.247,12.2,82,0
2023-04-15T04:00,0,0.247,11.6,87,0
2023-04-15T05:00,0,0.247,11.5,90,0
2023-04-15T06:00,1,0.247,11.6,95,0
2023-04-15T07:00,34,0.247,12.3,92,0
2023-04-15T08:00,108,0.247,12.8,86,0
2023-04-15T09:00,210,0.249,13.1,83,0.3
2023-04-15T10:00,285,0.253,13,85,0.5
2023-04-15T11:00,318,0.256,12.9,86,0.3
2023-04-15T12:00,392,0.256,13.6,80,0.1
2023-04-15T13:00,340,0.256,14,79,0
2023-04-15T14:00,324,0.257,14.6,76,0.1
2023-04-15T15:00,303,0.257,14.3,77,0.2
2023-04-15T16:00,331,0.26,14.1,73,0.3
2023-04-15T17:00,153,0.26,14.5,67,0
2023-04-15T18:00,53,0.265,13.8,70,0.6
2023-04-15T19:00,52,0.264,14,61,0
2023-04-15T20:00,0,0.264,13.7,60,0
2023-04-15T21:00,0,0.264,13.5,57,0
2023-04-15T22:00,0,0.263,13.7,53,0
2023-04-15T23:00,0,0.263,13.5,54,0
2023-04-16T00:00,0,0.263,13.3,53,0
2023-04-16T01:00,0,0.286,14.8,38,0
2023-04-16T02:00,0,0.285,13.8,43,0
2023-04-16T03:00,0,0.285,12.6,46,0
2023-04-16T04:00,0,0.284,12.6,44,0
2023-04-16T05:00,0,0.283,12.9,43,0
2023-04-16T06:00,2,0.283,12.6,45,0
2023-04-16T07:00,80,0.282,13.9,45,0
2023-04-16T08:00,234,0.281,16.1,41,0
2023-04-16T09:00,441,0.28,17.7,35,0
2023-04-16T10:00,610,0.278,18.8,33,0
2023-04-16T11:00,736,0.276,19.8,30,0
2023-04-16T12:00,797,0.273,20.1,30,0
2023-04-16T13:00,839,0.269,20.2,35,0
2023-04-16T14:00,731,0.268,19.1,57,0
2023-04-16T15:00,646,0.266,18.5,47,0
2023-04-16T16:00,574,0.264,19.2,39,0
2023-04-16T17:00,402,0.263,18.9,39,0
2023-04-16T18:00,202,0.262,18.1,48,0
2023-04-16T19:00,64,0.262,15.1,58,0
2023-04-16T20:00,0,0.261,14.6,59,0
2023-04-16T21:00,0,0.261,13.8,66,0
2023-04-16T22:00,0,0.262,13.6,63,0.1
2023-04-16T23:00,0,0.261,14.7,55,0
2023-04-17T00:00,0,0.261,14.4,58,0
2023-04-17T01:00,0,0.253,12.4,74,0
2023-04-17T02:00,0,0.253,12.8,70,0
2023-04-17T03:00,0,0.253,13.4,62,0
2023-04-17T04:00,0,0.252,13.4,58,0
2023-04-17T05:00,0,0.252,12.8,58,0
2023-04-17T06:00,2,0.252,13,57,0
2023-04-17T07:00,83,0.252,14.4,57,0
2023-04-17T08:00,255,0.251,16.7,50,0
2023-04-17T09:00,440,0.25,18,41,0
2023-04-17T10:00,608,0.249,18.7,39,0
2023-04-17T11:00,708,0.247,19.2,40,0
2023-04-17T12:00,758,0.245,19.2,41,0
2023-04-17T13:00,804,0.249,19.3,34,0
2023-04-17T14:00,726,0.248,18.2,47,0.1
2023-04-17T15:00,571,0.248,16.9,54,0
2023-04-17T16:00,472,0.247,17.6,49,0
2023-04-17T17:00,342,0.246,17.2,51,0
2023-04-17T18:00,199,0.245,15.4,71,0
2023-04-17T19:00,66,0.245,14.7,78,0
2023-04-17T20:00,1,0.245,12.5,83,0
2023-04-17T21:00,0,0.245,13.2,63,0
2023-04-17T22:00,0,0.245,14.7,50,0
2023-04-17T23:00,0,0.244,14.5,52,0
2023-04-18T00:00,0,0.244,14.1,56,0
2023-04-18T01:00,0,0.24,13.3,56,0
2023-04-18T02:00,0,0.239,13.7,53,0
2023-04-18T03:00,0,0.239,13.7,52,0
2023-04-18T04:00,0,0.239,14.2,50,0
2023-04-18T05:00,0,0.238,14.1,51,0
2023-04-18T06:00,2,0.238,13.4,57,0
2023-04-18T07:00,84,0.238,14.3,57,0
2023-04-18T08:00,251,0.237,16.6,51,0
2023-04-18T09:00,436,0.236,18.2,42,0
2023-04-18T10:00,575,0.235,18.6,41,0
2023-04-18T11:00,607,0.234,19,39,0
2023-04-18T12:00,728,0.232,19.5,38,0
2023-04-18T13:00,811,0.229,20.2,34,0
2023-04-18T14:00,749,0.227,20.4,33,0
2023-04-18T15:00,473,0.226,18.3,50,0
2023-04-18T16:00,468,0.225,19.4,46,0
2023-04-18T17:00,410,0.224,20.2,40,0
2023-04-18T18:00,229,0.224,18.7,52,0
2023-04-18T19:00,66,0.224,16.9,59,0
2023-04-18T20:00,1,0.223,16.1,58,0
2023-04-18T21:00,0,0.223,14.6,64,0
2023-04-18T22:00,0,0.223,14,63,0
2023-04-18T23:00,0,0.223,13.6,64,0
2023-04-19T00:00,0,0.223,12.8,67,0
2023-04-19T01:00,0,0.221,13,64,0
2023-04-19T02:00,0,0.221,12.3,67,0
2023-04-19T03:00,0,0.221,12.2,65,0
2023-04-19T04:00,0,0.221,12.4,64,0
2023-04-19T05:00,0,0.221,12.5,64,0
2023-04-19T06:00,3,0.221,12.5,65,0
2023-04-19T07:00,86,0.221,14.2,64,0
2023-04-19T08:00,253,0.22,18,57,0
2023-04-19T09:00,442,0.22,18.7,47,0
2023-04-19T10:00,610,0.219,18.4,56,0
2023-04-19T11:00,714,0.217,18.3,60,0
2023-04-19T12:00,802,0.216,18.7,58,0
2023-04-19T13:00,699,0.211,18.9,55,0
2023-04-19T14:00,616,0.21,18.8,61,0
2023-04-19T15:00,555,0.209,18.6,70,0
2023-04-19T16:00,489,0.209,18,73,0
2023-04-19T17:00,371,0.208,17.6,69,0
2023-04-19T18:00,213,0.208,16.7,72,0
2023-04-19T19:00,67,0.208,14.5,90,0
2023-04-19T20:00,1,0.208,13.6,96,0
2023-04-19T21:00,0,0.208,12.9,98,0
2023-04-19T22:00,0,0.208,12.4,97,0
2023-04-19T23:00,0,0.208,12.4,95,0
2023-04-20T00:00,0,0.208,12.5,94,0
2023-04-20T01:00,0,0.207,10.9,93,0
2023-04-20T02:00,0,0.207,12,92,0
2023-04-20T03:00,0,0.207,12.9,92,0
2023-04-20T04:00,0,0.207,13.4,96,0
2023-04-20T05:00,0,0.208,13.1,97,0.1
2023-04-20T06:00,2,0.208,13.4,93,0
2023-04-20T07:00,65,0.208,13.8,87,0
2023-04-20T08:00,139,0.209,14.5,78,0.1
2023-04-20T09:00,242,0.21,14.7,80,0.2
2023-04-20T10:00,372,0.211,15.2,80,0.1
2023-04-20T11:00,375,0.213,15.4,79,0.3
2023-04-20T12:00,433,0.213,15.8,77,0.1
2023-04-20T13:00,644,0.211,16,74,0
2023-04-20T14:00,613,0.214,16.6,75,0.4
2023-04-20T15:00,442,0.214,16.2,75,0
2023-04-20T16:00,422,0.214,16.3,75,0
2023-04-20T17:00,315,0.213,15.8,80,0
2023-04-20T18:00,161,0.213,14.9,85,0
2023-04-20T19:00,45,0.213,14.1,90,0
2023-04-20T20:00,1,0.213,14,91,0
2023-04-20T21:00,0,0.213,13.8,92,0
2023-04-20T22:00,0,0.213,13.5,93,0
2023-04-20T23:00,0,0.213,13.2,94,0.1
2023-04-21T00:00,0,0.214,11.8,95,0.1
2023-04-21T01:00,0,0.208,13.1,95,0
2023-04-21T02:00,0,0.209,13.6,94,0.1
2023-04-21T03:00,0,0.209,12.7,96,0
2023-04-21T04:00,0,0.209,12.3,95,0
2023-04-21T05:00,0,0.209,12.4,88,0
2023-04-21T06:00,4,0.209,12.1,83,0
2023-04-21T07:00,81,0.209,13.4,79,0
2023-04-21T08:00,238,0.209,15.2,69,0
2023-04-21T09:00,373,0.208,16.2,61,0
2023-04-21T10:00,431,0.208,16.4,61,0
2023-04-21T11:00,425,0.207,16.6,60,0
2023-04-21T12:00,541,0.206,17,59,0
2023-04-21T13:00,581,0.205,16.2,62,0
2023-04-21T14:00,475,0.205,17.3,57,0
2023-04-21T15:00,567,0.204,17.9,58,0
2023-04-21T16:00,434,0.203,17.4,64,0
2023-04-21T17:00,338,0.202,16.9,70,0
2023-04-21T18:00,207,0.202,16.4,73,0
2023-04-21T19:00,64,0.202,15.3,84,0
2023-04-21T20:00,2,0.202,13.9,78,0
2023-04-21T21:00,0,0.202,13.7,74,0
2023-04-21T22:00,0,0.202,13,76,0
2023-04-21T23:00,0,0.202,12.7,78,0
2023-04-22T00:00,0,0.202,12.4,79,0
2023-04-22T01:00,0,0.202,11.5,84,0
2023-04-22T02:00,0,0.202,11.7,83,0
2023-04-22T03:00,0,0.202,11.6,83,0
2023-04-22T04:00,0,0.202,11.2,85,0
2023-04-22T05:00,0,0.202,10.9,86,0
2023-04-22T06:00,5,0.202,11.1,85,0
2023-04-22T07:00,85,0.202,13.7,77,0
2023-04-22T08:00,253,0.202,16.5,62,0
2023-04-22T09:00,445,0.201,17.7,53,0
2023-04-22T10:00,607,0.2,17.9,55,0
2023-04-22T11:00,741,0.199,17.8,59,0
2023-04-22T12:00,811,0.198,17.8,62,0
2023-04-22T13:00,840,0.197,16.9,58,0
2023-04-22T14:00,632,0.196,18,56,0
2023-04-22T15:00,713,0.195,18,61,0
2023-04-22T16:00,572,0.194,17.4,68,0
2023-04-22T17:00,411,0.193,16.9,69,0
2023-04-22T18:00,242,0.193,16.3,69,0
2023-04-22T19:00,74,0.193,14.7,87,0
2023-04-22T20:00,2,0.193,13.3,89,0
2023-04-22T21:00,0,0.193,12.9,90,0
2023-04-22T22:00,0,0.193,12.3,91,0
2023-04-22T23:00,0,0.193,11.8,91,0
2023-04-23T00:00,0,0.193,11.9,91,0
2023-04-23T01:00,0,0.192,13.2,87,0
2023-04-23T02:00,0,0.192,12.4,89,0
2023-04-23T03:00,0,0.192,11.8,88,0
2023-04-23T04:00,0,0.192,11.6,88,0
2023-04-23T05:00,0,0.192,11.3,88,0
2023-04-23T06:00,6,0.192,11.9,87,0
2023-04-23T07:00,98,0.192,13.6,79,0
2023-04-23T08:00,272,0.192,14.7,78,0
2023-04-23T09:00,454,0.191,15.7,75,0
2023-04-23T10:00,607,0.191,16.4,73,0
2023-04-23T11:00,741,0.19,16.7,74,0
2023-04-23T12:00,809,0.189,17,71,0
2023-04-23T13:00,745,0.188,16.2,73,0
2023-04-23T14:00,622,0.187,16.4,69,0
2023-04-23T15:00,608,0.186,16.5,70,0
2023-04-23T16:00,458,0.185,16.3,72,0
2023-04-23T17:00,295,0.185,15.9,75,0
2023-04-23T18:00,139,0.185,14.9,81,0
2023-04-23T19:00,47,0.185,14.4,82,0
2023-04-23T20:00,2,0.185,13.3,92,0
2023-04-23T21:00,0,0.186,12.4,97,0.1
2023-04-23T22:00,0,0.186,13.1,95,0
2023-04-23T23:00,0,0.186,12.4,95,0
2023-04-24T00:00,0,0.186,13.2,89,0
2023-04-24T01:00,0,0.185,13.6,95,0
2023-04-24T02:00,0,0.185,13.8,92,0
2023-04-24T03:00,0,0.185,13.6,87,0
2023-04-24T04:00,0,0.185,14.4,83,0
2023-04-24T05:00,0,0.185,14.5,78,0
2023-04-24T06:00,7,0.185,12.1,88,0
2023-04-24T07:00,109,0.185,14.2,84,0
2023-04-24T08:00,289,0.185,16.4,70,0
2023-04-24T09:00,476,0.185,17.7,66,0
2023-04-24T10:00,642,0.184,18.3,69,0
2023-04-24T11:00,771,0.183,18.3,73,0
2023-04-24T12:00,840,0.182,18.2,71,0
2023-04-24T13:00,823,0.182,19.3,57,0
2023-04-24T14:00,767,0.181,18.9,73,0
2023-04-24T15:00,679,0.18,18.8,67,0
2023-04-24T16:00,554,0.179,18.5,59,0
2023-04-24T17:00,414,0.178,18.2,56,0
2023-04-24T18:00,249,0.178,17.2,63,0
2023-04-24T19:00,76,0.178,15.8,75,0
2023-04-24T20:00,3,0.178,15,71,0
2023-04-24T21:00,0,0.178,14.4,68,0
2023-04-24T22:00,0,0.178,13.5,70,0
2023-04-24T23:00,0,0.178,13,68,0
2023-04-25T00:00,0,0.178,12.4,68,0
2023-04-25T01:00,0,0.175,12.3,78,0
2023-04-25T02:00,0,0.175,12,82,0
2023-04-25T03:00,0,0.175,12.9,86,0
2023-04-25T04:00,0,0.175,11.8,90,0
2023-04-25T05:00,0,0.175,10.5,84,0
2023-04-25T06:00,8,0.175,10.6,75,0
2023-04-25T07:00,112,0.175,13,69,0
2023-04-25T08:00,283,0.175,16.2,67,0
2023-04-25T09:00,463,0.175,16.8,75,0
2023-04-25T10:00,624,0.174,16.9,78,0
2023-04-25T11:00,700,0.173,17.5,74,0
2023-04-25T12:00,763,0.173,18.3,65,0
2023-04-25T13:00,758,0.174,19.2,52,0
2023-04-25T14:00,757,0.173,19,69,0
2023-04-25T15:00,722,0.172,18.5,75,0
2023-04-25T16:00,580,0.172,17.9,66,0
2023-04-25T17:00,387,0.171,19,43,0
2023-04-25T18:00,242,0.171,18,54,0
2023-04-25T19:00,89,0.171,15.8,71,0
2023-04-25T20:00,3,0.171,14.9,66,0
2023-04-25T21:00,0,0.171,14.9,60,0
2023-04-25T22:00,0,0.171,14.3,61,0
2023-04-25T23:00,0,0.171,13.3,64,0
2023-04-26T00:00,0,0.171,13.9,51,0
2023-04-26T01:00,0,0.167,13.3,48,0
2023-04-26T02:00,0,0.167,11.6,58,0
2023-04-26T03:00,0,0.167,10.8,64,0
2023-04-26T04:00,0,0.167,10.2,67,0
2023-04-26T05:00,0,0.167,9.9,67,0
2023-04-26T06:00,9,0.167,10.3,66,0
2023-04-26T07:00,117,0.167,13,66,0
2023-04-26T08:00,297,0.166,17.1,43,0
2023-04-26T09:00,483,0.166,18.6,33,0
2023-04-26T10:00,644,0.165,19.2,34,0
2023-04-26T11:00,773,0.164,18.7,45,0
2023-04-26T12:00,848,0.164,17.8,57,0
2023-04-26T13:00,870,0.162,17.7,63,0
2023-04-26T14:00,825,0.161,17.8,73,0
2023-04-26T15:00,723,0.16,17.5,74,0
2023-04-26T16:00,589,0.16,17.6,73,0
2023-04-26T17:00,419,0.16,17.3,77,0
2023-04-26T18:00,229,0.159,16.5,84,0
2023-04-26T19:00,84,0.159,15.6,90,0
2023-04-26T20:00,4,0.159,14.3,95,0
2023-04-26T21:00,0,0.16,13.7,92,0
2023-04-26T22:00,0,0.16,13.9,90,0
2023-04-26T23:00,0,0.16,13.8,89,0
2023-04-27T00:00,0,0.16,13.3,89,0
2023-04-27T01:00,0,0.16,13,86,0
2023-04-27T02:00,0,0.16,11.6,88,0
2023-04-27T03:00,0,0.16,11.4,86,0
2023-04-27T04:00,0,0.16,11.2,86,0
2023-04-27T05:00,0,0.16,11.1,83,0
2023-04-27T06:00,10,0.16,11.7,82,0
2023-04-27T07:00,111,0.16,15,70,0
2023-04-27T08:00,278,0.16,16.6,68,0
2023-04-27T09:00,469,0.16,17.4,66,0
2023-04-27T10:00,633,0.159,17.9,64,0
2023-04-27T11:00,685,0.159,17.8,64,0
2023-04-27T12:00,809,0.158,18.3,60,0
2023-04-27T13:00,802,0.157,18.4,58,0
2023-04-27T14:00,815,0.156,18.5,64,0
2023-04-27T15:00,629,0.155,18.3,64,0
2023-04-27T16:00,456,0.155,18.3,54,0
2023-04-27T17:00,196,0.155,17.5,61,0
2023-04-27T18:00,149,0.155,16.3,78,0
2023-04-27T19:00,65,0.155,15.4,85,0
2023-04-27T20:00,4,0.155,15,88,0
2023-04-27T21:00,0,0.155,14.3,86,0
2023-04-27T22:00,0,0.155,13,86,0
2023-04-27T23:00,0,0.155,14.7,71,0
2023-04-28T00:00,0,0.155,15.7,64,0
2023-04-28T01:00,0,0.154,13.7,68,0
2023-04-28T02:00,0,0.154,13.3,68,0
2023-04-28T03:00,0,0.154,13.4,69,0
2023-04-28T04:00,0,0.154,12.5,74,0
2023-04-28T05:00,0,0.154,13.5,69,0
2023-04-28T06:00,10,0.154,12,78,0
2023-04-28T07:00,115,0.154,15.5,66,0
2023-04-28T08:00,286,0.154,16.2,69,0
2023-04-28T09:00,460,0.154,16.7,75,0
2023-04-28T10:00,613,0.153,17.2,73,0
2023-04-28T11:00,682,0.153,17.5,73,0
2023-04-28T12:00,552,0.153,17,77,0.1
2023-04-28T13:00,522,0.153,16.2,75,0.1
2023-04-28T14:00,324,0.153,15.9,81,0.1
2023-04-28T15:00,230,0.154,15.9,80,0.2
2023-04-28T16:00,167,0.155,15.6,79,0.1
2023-04-28T17:00,100,0.156,15.4,78,0
2023-04-28T18:00,65,0.156,15.1,80,0
2023-04-28T19:00,25,0.156,14.7,81,0
2023-04-28T20:00,2,0.156,14.5,83,0
2023-04-28T21:00,0,0.156,14.3,84,0
2023-04-28T22:00,0,0.156,14.1,86,0
2023-04-28T23:00,0,0.156,14,87,0
2023-04-29T00:00,0,0.156,13.5,92,0
2023-04-29T01:00,0,0.155,14.2,89,0
2023-04-29T02:00,0,0.155,14.4,88,0
2023-04-29T03:00,0,0.155,14.3,90,0
2023-04-29T04:00,0,0.155,14.3,91,0
2023-04-29T05:00,0,0.155,14.4,91,0
2023-04-29T06:00,6,0.155,14.4,91,0
2023-04-29T07:00,25,0.156,14.6,88,0
2023-04-29T08:00,103,0.222,14.9,88,5.1
2023-04-29T09:00,198,0.23,15.6,85,0.6
2023-04-29T10:00,332,0.23,16.2,83,0
2023-04-29T11:00,446,0.23,16.8,80,0.1
2023-04-29T12:00,526,0.23,17,79,0
2023-04-29T13:00,367,0.169,16.8,80,0
2023-04-29T14:00,195,0.171,16.6,84,0.2
2023-04-29T15:00,230,0.174,16.4,87,0.4
2023-04-29T16:00,128,0.216,16,91,3.3
2023-04-29T17:00,114,0.227,15.9,93,0.8
2023-04-29T18:00,218,0.226,16,90,0
2023-04-29T19:00,68,0.226,15.3,93,0
2023-04-29T20:00,4,0.226,14.4,95,0
2023-04-29T21:00,0,0.226,14,94,0
2023-04-29T22:00,0,0.226,13.2,93,0
2023-04-29T23:00,0,0.226,14,90,0
2023-04-30T00:00,0,0.226,13.6,89,0
2023-04-30T01:00,0,0.173,14.6,87,0
2023-04-30T02:00,0,0.173,15.1,83,0
2023-04-30T03:00,0,0.173,15,83,0
2023-04-30T04:00,0,0.173,14.7,84,0
2023-04-30T05:00,0,0.173,14.9,85,0
2023-04-30T06:00,8,0.173,15.5,85,0
2023-04-30T07:00,71,0.173,16.3,86,0
2023-04-30T08:00,194,0.174,18.1,76,0.1
2023-04-30T09:00,260,0.178,18.7,75,0.4
2023-04-30T10:00,387,0.194,19.3,73,1.4
2023-04-30T11:00,231,0.204,18.3,79,0.9
2023-04-30T12:00,256,0.221,17.9,87,1.4
2023-04-30T13:00,126,0.184,18.2,84,0.7
2023-04-30T14:00,399,0.184,20.2,70,0
2023-04-30T15:00,242,0.184,19.3,70,0
2023-04-30T16:00,216,0.184,19.6,69,0
2023-04-30T17:00,129,0.184,19.1,70,0.1
2023-04-30T18:00,84,0.185,18.3,71,0.1
2023-04-30T19:00,18,0.186,17.2,72,0.1
2023-04-30T20:00,2,0.19,16.8,74,0.4
2023-04-30T21:00,0,0.195,16.6,75,0.5
2023-04-30T22:00,0,0.205,16.1,82,1
2023-04-30T23:00,0,0.23,15.8,84,1.8
2023-05-01T00:00,0,0.236,15.8,84,0.4
2023-05-01T01:00,0,0.274,15.6,82,0.7
2023-05-01T02:00,0,0.275,15.8,82,0.2
2023-05-01T03:00,0,0.277,15.7,81,0.2
2023-05-01T04:00,0,0.28,15.3,83,0.3
2023-05-01T05:00,0,0.291,15.2,83,0.8
2023-05-01T06:00,3,0.31,15.1,84,1.5
2023-05-01T07:00,16,0.316,14.9,84,0.6
2023-05-01T08:00,50,0.315,15.7,83,0
2023-05-01T09:00,208,0.313,17.6,75,0
2023-05-01T10:00,279,0.312,18.1,70,0
2023-05-01T11:00,202,0.311,17.9,67,0.1
2023-05-01T12:00,481,0.314,18.7,65,0.5
2023-05-01T13:00,450,0.296,18.1,62,0.5
2023-05-01T14:00,562,0.294,19.4,58,0
2023-05-01T15:00,600,0.292,18.7,61,0
2023-05-01T16:00,475,0.29,17.8,65,0.1
2023-05-01T17:00,185,0.289,16.7,68,0.1
2023-05-01T18:00,104,0.288,15.8,70,0
2023-05-01T19:00,61,0.288,15.3,70,0.1
2023-05-01T20:00,5,0.288,14.9,70,0.1
2023-05-01T21:00,0,0.288,14.7,70,0
2023-05-01T22:00,0,0.287,14.5,70,0
2023-05-01T23:00,0,0.286,14.4,70,0
2023-05-02T00:00,0,0.285,14.5,68,0
2023-05-02T01:00,0,0.301,13.9,74,0.3
2023-05-02T02:00,0,0.305,13.9,75,0.6
2023-05-02T03:00,0,0.309,13.9,74,0.6
2023-05-02T04:00,0,0.314,13.8,74,0.7
2023-05-02T05:00,0,0.315,13.9,72,0.2
2023-05-02T06:00,11,0.317,13.9,72,0.4
2023-05-02T07:00,97,0.315,14.6,69,0
2023-05-02T08:00,150,0.314,15.4,65,0
2023-05-02T09:00,344,0.311,16.9,60,0
2023-05-02T10:00,558,0.309,18.7,52,0
2023-05-02T11:00,580,0.306,19.8,49,0
2023-05-02T12:00,465,0.303,20.2,46,0
2023-05-02T13:00,612,0.285,20.5,47,0
2023-05-02T14:00,485,0.283,21.1,47,0
2023-05-02T15:00,666,0.281,22.4,42,0
2023-05-02T16:00,562,0.279,22.1,44,0
2023-05-02T17:00,408,0.277,21.5,48,0
2023-05-02T18:00,219,0.276,20.5,54,0
2023-05-02T19:00,78,0.275,19.1,57,0
2023-05-02T20:00,5,0.274,18.4,55,0
2023-05-02T21:00,0,0.273,17.3,56,0
2023-05-02T22:00,0,0.273,16.8,56,0
2023-05-02T23:00,0,0.272,16.7,56,0
2023-05-03T00:00,0,0.271,16,63,0
2023-05-03T01:00,0,0.27,16.4,63,0
2023-05-03T02:00,0,0.269,16.6,62,0
2023-05-03T03:00,0,0.269,16.6,62,0
2023-05-03T04:00,0,0.268,16.3,63,0
2023-05-03T05:00,0,0.267,15.9,64,0
2023-05-03T06:00,16,0.267,15.9,65,0
2023-05-03T07:00,132,0.266,16.8,63,0
2023-05-03T08:00,310,0.265,18,60,0
2023-05-03T09:00,492,0.264,19.2,55,0
2023-05-03T10:00,644,0.262,20.5,49,0
2023-05-03T11:00,770,0.26,21.8,44,0
2023-05-03T12:00,859,0.257,22.4,42,0
2023-05-03T13:00,851,0.252,22.3,42,0
2023-05-03T14:00,843,0.25,23.2,39,0
2023-05-03T15:00,760,0.248,23.3,38,0
2023-05-03T16:00,630,0.246,23.3,39,0
2023-05-03T17:00,461,0.244,22.4,44,0
2023-05-03T18:00,279,0.244,20.9,55,0
2023-05-03T19:00,107,0.243,18.5,67,0
2023-05-03T20:00,8,0.243,16.9,66,0
2023-05-03T21:00,0,0.243,15.8,69,0
2023-05-03T22:00,0,0.242,14.4,75,0
2023-05-03T23:00,0,0.242,13.4,78,0
2023-05-04T00:00,0,0.242,13.3,76,0
2023-05-04T01:00,0,0.24,14.2,70,0
2023-05-04T02:00,0,0.239,13.8,72,0
2023-05-04T03:00,0,0.239,13,76,0
2023-05-04T04:00,0,0.239,12.7,77,0
2023-05-04T05:00,0,0.239,12.3,78,0
2023-05-04T06:00,18,0.239,12.8,77,0
2023-05-04T07:00,138,0.238,16.2,72,0
2023-05-04T08:00,312,0.238,19.1,59,0
2023-05-04T09:00,491,0.237,19.6,61,0
2023-05-04T10:00,650,0.235,19.2,68,0
2023-05-04T11:00,773,0.234,19.1,66,0
2023-05-04T12:00,768,0.232,19.5,65,0
2023-05-04T13:00,763,0.226,20.3,57,0
2023-05-04T14:00,618,0.224,21.1,53,0
2023-05-04T15:00,687,0.223,21.5,57,0
2023-05-04T16:00,616,0.221,21.8,53,0
2023-05-04T17:00,452,0.22,21.7,56,0
2023-05-04T18:00,271,0.219,20.8,62,0
2023-05-04T19:00,104,0.219,19,72,0
2023-05-04T20:00,8,0.219,19.3,65,0
2023-05-04T21:00,0,0.219,16.8,76,0
2023-05-04T22:00,0,0.219,16.5,77,0
2023-05-04T23:00,0,0.219,15.4,79,0
2023-05-05T00:00,0,0.219,14.8,80,0
2023-05-05T01:00,0,0.214,14.9,78,0
2023-05-05T02:00,0,0.214,14.1,78,0
2023-05-05T03:00,0,0.214,14,78,0
2023-05-05T04:00,0,0.214,14.7,74,0
2023-05-05T05:00,0,0.214,14.3,74,0
2023-05-05T06:00,19,0.213,14.7,76,0
2023-05-05T07:00,138,0.213,17.3,72,0
2023-05-05T08:00,311,0.213,19.4,61,0
2023-05-05T09:00,489,0.212,19.3,64,0
2023-05-05T10:00,647,0.211,19.4,67,0
2023-05-05T11:00,768,0.21,19.9,67,0
2023-05-05T12:00,853,0.208,20.5,64,0
2023-05-05T13:00,863,0.205,20.3,63,0
2023-05-05T14:00,754,0.204,20,69,0
2023-05-05T15:00,710,0.202,19.3,76,0
2023-05-05T16:00,581,0.201,19,79,0
2023-05-05T17:00,382,0.201,18.5,82,0
2023-05-05T18:00,247,0.2,17.6,88,0
2023-05-05T19:00,96,0.2,16.6,91,0
2023-05-05T20:00,9,0.2,15.6,93,0
2023-05-05T21:00,0,0.2,15.5,88,0
2023-05-05T22:00,0,0.2,15.4,88,0
2023-05-05T23:00,0,0.2,15.1,91,0
2023-05-06T00:00,0,0.2,14.8,92,0
2023-05-06T01:00,0,0.196,14.8,93,0
2023-05-06T02:00,0,0.196,14.2,93,0
2023-05-06T03:00,0,0.196,13.8,93,0
2023-05-06T04:00,0,0.196,13.6,93,0
2023-05-06T05:00,0,0.196,13.6,92,0
2023-05-06T06:00,18,0.196,15,89,0
2023-05-06T07:00,139,0.196,16.6,84,0
2023-05-06T08:00,310,0.196,17.6,82,0
2023-05-06T09:00,484,0.195,18.2,81,0
2023-05-06T10:00,643,0.194,18.9,79,0
2023-05-06T11:00,741,0.193,19.4,77,0
2023-05-06T12:00,782,0.192,19.5,77,0
2023-05-06T13:00,688,0.188,18.6,81,0
2023-05-06T14:00,735,0.187,18.5,81,0
2023-05-06T15:00,645,0.186,18.3,82,0
2023-05-06T16:00,553,0.186,18.1,80,0
2023-05-06T17:00,357,0.185,17.4,84,0
2023-05-06T18:00,230,0.185,16.7,88,0
2023-05-06T19:00,93,0.185,16,92,0
2023-05-06T20:00,9,0.185,15.1,96,0
2023-05-06T21:00,0,0.185,15.9,90,0
2023-05-06T22:00,0,0.185,15.5,91,0
2023-05-06T23:00,0,0.185,14.4,95,0
2023-05-07T00:00,0,0.185,15.3,92,0
2023-05-07T01:00,0,0.184,14.5,93,0
2023-05-07T02:00,0,0.184,13.9,94,0
2023-05-07T03:00,0,0.184,15.5,88,0
2023-05-07T04:00,0,0.184,15.2,89,0
2023-05-07T05:00,0,0.184,13.4,95,0
2023-05-07T06:00,21,0.184,14.5,93,0
2023-05-07T07:00,137,0.184,16.8,80,0
2023-05-07T08:00,276,0.184,17.9,74,0
2023-05-07T09:00,450,0.183,18.4,72,0
2023-05-07T10:00,601,0.182,18.3,74,0
2023-05-07T11:00,753,0.181,18.7,71,0
2023-05-07T12:00,732,0.18,19.7,66,0
2023-05-07T13:00,777,0.181,19.8,68,0
2023-05-07T14:00,594,0.18,18.9,73,0
2023-05-07T15:00,716,0.179,19.3,71,0
2023-05-07T16:00,598,0.178,18.9,70,0
2023-05-07T17:00,389,0.177,18.3,72,0
2023-05-07T18:00,274,0.177,17.8,75,0
2023-05-07T19:00,112,0.177,17,79,0
2023-05-07T20:00,10,0.177,15.4,93,0
2023-05-07T21:00,0,0.177,15.1,93,0
2023-05-07T22:00,0,0.177,15.4,91,0
2023-05-07T23:00,0,0.177,14.6,93,0
2023-05-08T00:00,0,0.177,14.5,92,0
2023-05-08T01:00,0,0.176,15.2,95,0
2023-05-08T02:00,0,0.176,15.1,92,0
2023-05-08T03:00,0,0.176,15,91,0
2023-05-08T04:00,0,0.176,14.6,92,0
2023-05-08T05:00,0,0.177,14.6,92,0
2023-05-08T06:00,22,0.177,15.1,90,0
2023-05-08T07:00,144,0.176,17.7,79,0
2023-05-08T08:00,318,0.176,20.3,68,0
2023-05-08T09:00,479,0.176,21.8,58,0
2023-05-08T10:00,652,0.175,22.8,54,0
2023-05-08T11:00,776,0.174,23.3,53,0
2023-05-08T12:00,825,0.173,23.7,56,0
2023-05-08T13:00,821,0.17,22.8,62,0
2023-05-08T14:00,759,0.17,22.2,71,0.2
2023-05-08T15:00,534,0.17,21.9,74,0
2023-05-08T16:00,486,0.169,20.9,75,0
2023-05-08T17:00,319,0.169,20.4,77,0
2023-05-08T18:00,212,0.169,19.7,83,0
2023-05-08T19:00,95,0.169,19.4,85,0
2023-05-08T20:00,10,0.169,17.6,92,0
2023-05-08T21:00,0,0.169,17.6,86,0
2023-05-08T22:00,0,0.169,17.7,80,0
2023-05-08T23:00,0,0.169,17.2,82,0
2023-05-09T00:00,0,0.169,17,80,0
2023-05-09T01:00,0,0.207,16.1,91,0
2023-05-09T02:00,0,0.207,15.3,93,0
2023-05-09T03:00,0,0.207,15.5,91,0
2023-05-09T04:00,0,0.207,15.7,91,0
2023-05-09T05:00,0,0.207,15.1,92,0
2023-05-09T06:00,20,0.207,16.2,89,0
2023-05-09T07:00,124,0.207,18.4,84,0
2023-05-09T08:00,263,0.206,19.7,75,0
2023-05-09T09:00,455,0.206,20,77,0
2023-05-09T10:00,561,0.205,19.8,80,0
2023-05-09T11:00,498,0.204,19.9,80,0
2023-05-09T12:00,524,0.203,20.1,77,0
2023-05-09T13:00,515,0.204,19.6,83,0.1
2023-05-09T14:00,579,0.206,21.3,70,0.2
2023-05-09T15:00,597,0.205,20.8,74,0
2023-05-09T16:00,249,0.206,19.4,85,0.2
2023-05-09T17:00,107,0.207,19,81,0.1
2023-05-09T18:00,65,0.207,18.5,83,0
2023-05-09T19:00,29,0.207,18,88,0
2023-05-09T20:00,4,0.209,17.5,92,0.3
2023-05-09T21:00,0,0.213,17.2,96,0.4
2023-05-09T22:00,0,0.216,16.8,97,0.3
2023-05-09T23:00,0,0.219,16.7,98,0.3
2023-05-10T00:00,0,0.228,16.6,97,0.6
2023-05-10T01:00,0,0.226,16.5,95,0.3
2023-05-10T02:00,0,0.226,16.3,93,0
2023-05-10T03:00,0,0.226,16.4,91,0.1
2023-05-10T04:00,0,0.227,16.2,92,0.1
2023-05-10T05:00,0,0.228,16.3,87,0.1
2023-05-10T06:00,15,0.228,16.6,81,0
2023-05-10T07:00,87,0.228,16.4,75,0
2023-05-10T08:00,162,0.227,16.4,76,0
2023-05-10T09:00,314,0.227,17.5,70,0
2023-05-10T10:00,533,0.226,19.4,58,0
2023-05-10T11:00,675,0.225,20.4,53,0
2023-05-10T12:00,699,0.223,20.8,52,0
2023-05-10T13:00,845,0.22,21,52,0
2023-05-10T14:00,706,0.218,22.5,49,0
2023-05-10T15:00,619,0.217,21.8,47,0
2023-05-10T16:00,517,0.218,20.6,52,0.3
2023-05-10T17:00,279,0.224,19.6,62,0.7
2023-05-10T18:00,254,0.224,20,55,0
2023-05-10T19:00,98,0.224,18.7,70,0
2023-05-10T20:00,12,0.223,17.1,70,0
2023-05-10T21:00,0,0.223,16.1,77,0
2023-05-10T22:00,0,0.223,16,75,0
2023-05-10T23:00,0,0.223,16.2,72,0
2023-05-11T00:00,0,0.223,16,72,0
2023-05-11T01:00,0,0.216,15,78,0
2023-05-11T02:00,0,0.216,14.7,78,0
2023-05-11T03:00,0,0.216,14.8,69,0
2023-05-11T04:00,0,0.216,14.5,68,0
2023-05-11T05:00,0,0.216,14.4,66,0
2023-05-11T06:00,25,0.216,14.7,66,0
2023-05-11T07:00,137,0.215,16.7,63,0
2023-05-11T08:00,324,0.215,18.4,60,0
2023-05-11T09:00,499,0.214,17.4,74,0
2023-05-11T10:00,574,0.213,17.7,66,0
2023-05-11T11:00,616,0.212,19.2,53,0
2023-05-11T12:00,839,0.211,20.3,55,0
2023-05-11T13:00,784,0.228,20.7,44,0.3
2023-05-11T14:00,762,0.227,21.3,45,0
2023-05-11T15:00,507,0.226,20.8,48,0
2023-05-11T16:00,439,0.224,19.7,53,0
2023-05-11T17:00,239,0.224,19.7,50,0
2023-05-11T18:00,162,0.223,19,54,0
2023-05-11T19:00,91,0.223,17.8,65,0
2023-05-11T20:00,11,0.222,16.5,82,0
2023-05-11T21:00,0,0.222,15.7,83,0
2023-05-11T22:00,0,0.222,15,83,0
2023-05-11T23:00,0,0.222,14.5,86,0
2023-05-12T00:00,0,0.222,14.2,85,0
2023-05-12T01:00,0,0.323,14.2,84,3
2023-05-12T02:00,0,0.321,14.2,85,0
2023-05-12T03:00,0,0.324,13.5,87,0.5
2023-05-12T04:00,0,0.326,14.1,81,0.3
2023-05-12T05:00,0,0.326,13.5,86,0.2
2023-05-12T06:00,23,0.34,13.4,87,1.2
2023-05-12T07:00,107,0.337,14.5,82,0
2023-05-12T08:00,276,0.334,15.5,74,0
2023-05-12T09:00,466,0.331,16.5,68,0
2023-05-12T10:00,579,0.349,16.1,71,2.1
2023-05-12T11:00,572,0.377,15.8,75,2.8
2023-05-12T12:00,613,0.37,15.2,80,0.1
2023-05-12T13:00,729,0.345,15.6,80,0
2023-05-12T14:00,658,0.342,16.8,73,0.2
2023-05-12T15:00,661,0.343,17.2,70,0.6
2023-05-12T16:00,505,0.34,16.7,77,0.2
2023-05-12T17:00,245,0.342,15.4,80,0.6
2023-05-12T18:00,161,0.338,15.6,79,0
2023-05-12T19:00,103,0.335,15.3,79,0
2023-05-12T20:00,14,0.333,14.4,87,0
2023-05-12T21:00,0,0.33,13.9,88,0
2023-05-12T22:00,0,0.328,13.5,86,0
2023-05-12T23:00,0,0.326,12.9,87,0
2023-05-13T00:00,0,0.324,13.3,86,0
2023-05-13T01:00,0,0.316,13.5,85,0
2023-05-13T02:00,0,0.315,12.8,86,0
2023-05-13T03:00,0,0.313,12.5,88,0
2023-05-13T04:00,0,0.312,12.5,87,0
2023-05-13T05:00,0,0.311,12.2,88,0
2023-05-13T06:00,24,0.309,12.9,83,0
2023-05-13T07:00,150,0.308,14.4,74,0
2023-05-13T08:00,317,0.306,15.8,66,0
2023-05-13T09:00,512,0.304,17.1,58,0
2023-05-13T10:00,651,0.302,17.8,55,0
2023-05-13T11:00,763,0.299,17.8,60,0
2023-05-13T12:00,668,0.306,17,72,1
2023-05-13T13:00,773,0.29,18.6,51,0.7
2023-05-13T14:00,832,0.29,19.1,61,0.3
2023-05-13T15:00,648,0.298,16.6,72,1
2023-05-13T16:00,394,0.297,17,63,0
2023-05-13T17:00,415,0.295,17.3,62,0
2023-05-13T18:00,258,0.294,17.5,59,0
2023-05-13T19:00,128,0.293,16.4,75,0
2023-05-13T20:00,16,0.292,14.4,82,0
2023-05-13T21:00,0,0.291,14.4,85,0
2023-05-13T22:00,0,0.291,14.1,82,0
2023-05-13T23:00,0,0.29,13.7,80,0
2023-05-14T00:00,0,0.289,13.9,76,0
2023-05-14T01:00,0,0.292,14.6,75,0
2023-05-14T02:00,0,0.292,14.4,74,0
2023-05-14T03:00,0,0.291,14.5,71,0
2023-05-14T04:00,0,0.29,14.3,70,0
2023-05-14T05:00,0,0.289,14,72,0
2023-05-14T06:00,21,0.288,14.3,71,0
2023-05-14T07:00,75,0.287,14.8,70,0
2023-05-14T08:00,153,0.286,15.1,69,0
2023-05-14T09:00,192,0.285,15.6,68,0
2023-05-14T10:00,231,0.284,16.4,62,0
2023-05-14T11:00,313,0.283,17.5,57,0
2023-05-14T12:00,718,0.28,19.2,52,0
2023-05-14T13:00,794,0.291,18.7,50,0
2023-05-14T14:00,363,0.292,16.9,66,0.3
2023-05-14T15:00,386,0.291,17.2,62,0
2023-05-14T16:00,559,0.289,17.9,61,0
2023-05-14T17:00,394,0.287,18.3,58,0
2023-05-14T18:00,243,0.286,17.8,63,0
2023-05-14T19:00,125,0.285,16.2,81,0
2023-05-14T20:00,17,0.285,14.3,92,0
2023-05-14T21:00,0,0.284,13.2,93,0
2023-05-14T22:00,0,0.283,14.3,87,0
2023-05-14T23:00,0,0.283,15.3,82,0
2023-05-15T00:00,0,0.282,12.4,89,0
2023-05-15T01:00,0,0.306,13.6,88,0
2023-05-15T02:00,0,0.305,12.4,88,0
2023-05-15T03:00,0,0.304,11.9,89,0
2023-05-15T04:00,0,0.303,12.8,89,0
2023-05-15T05:00,0,0.302,12.9,90,0
2023-05-15T06:00,33,0.301,13.6,88,0
2023-05-15T07:00,165,0.3,15.6,84,0
2023-05-15T08:00,326,0.299,16.5,86,0
2023-05-15T09:00,484,0.297,17.1,84,0
2023-05-15T10:00,672,0.295,17.9,83,0
2023-05-15T11:00,679,0.293,18.1,85,0
2023-05-15T12:00,812,0.291,18.8,84,0
2023-05-15T13:00,880,0.283,20.3,80,0
2023-05-15T14:00,796,0.286,20.1,80,0.6
2023-05-15T15:00,719,0.288,20.5,78,0.5
2023-05-15T16:00,580,0.287,20.5,82,0
2023-05-15T17:00,390,0.285,20.9,73,0
2023-05-15T18:00,280,0.284,19.8,79,0
2023-05-15T19:00,131,0.284,19.1,75,0
2023-05-15T20:00,17,0.283,18.7,57,0
2023-05-15T21:00,0,0.282,18.4,56,0
2023-05-15T22:00,0,0.281,18.2,56,0
2023-05-15T23:00,0,0.281,17.7,57,0
2023-05-16T00:00,0,0.28,17.2,59,0
2023-05-16T01:00,0,0.272,18.4,50,0
2023-05-16T02:00,0,0.271,18.5,51,0
2023-05-16T03:00,0,0.27,18.1,54,0
2023-05-16T04:00,0,0.27,18.1,55,0
2023-05-16T05:00,0,0.269,17.9,55,0
2023-05-16T06:00,34,0.269,18,55,0
2023-05-16T07:00,161,0.268,19.1,53,0
2023-05-16T08:00,336,0.267,20.5,47,0
2023-05-16T09:00,529,0.265,21.1,42,0
2023-05-16T10:00,689,0.263,22,39,0
2023-05-16T11:00,721,0.261,22.2,38,0
2023-05-16T12:00,654,0.259,21.7,40,0
2023-05-16T13:00,428,0.254,22,35,0
2023-05-16T14:00,362,0.254,20.2,54,0.1
2023-05-16T15:00,344,0.257,19.6,59,0.4
2023-05-16T16:00,329,0.258,19,60,0.2
2023-05-16T17:00,226,0.257,19,58,0
2023-05-16T18:00,65,0.259,18.4,59,0.2
2023-05-16T19:00,40,0.259,18.4,56,0.1
2023-05-16T20:00,8,0.259,17.6,57,0
2023-05-16T21:00,0,0.258,18.2,54,0
2023-05-16T22:00,0,0.258,16.3,63,0
2023-05-16T23:00,0,0.258,15.6,59,0
2023-05-17T00:00,0,0.258,15.5,61,0
2023-05-17T01:00,0,0.248,18.6,42,0
2023-05-17T02:00,0,0.248,19.6,44,0
2023-05-17T03:00,0,0.248,18.7,51,0.1
2023-05-17T04:00,0,0.256,17.7,60,0.9
2023-05-17T05:00,0,0.275,16.2,75,1.8
2023-05-17T06:00,11,0.279,16.6,64,0.3
2023-05-17T07:00,96,0.279,17,59,0.1
2023-05-17T08:00,155,0.286,16.9,61,0.8
2023-05-17T09:00,253,0.297,17,63,1.2
2023-05-17T10:00,238,0.301,17,64,0.5
2023-05-17T11:00,224,0.306,16.4,66,0.6
2023-05-17T12:00,138,0.31,16.3,64,0.6
2023-05-17T13:00,111,0.31,15.9,66,0.9
2023-05-17T14:00,103,0.313,15.4,67,0.4
2023-05-17T15:00,96,0.311,15.6,64,0
2023-05-17T16:00,335,0.309,16.8,60,0
2023-05-17T17:00,192,0.308,16.4,59,0
2023-05-17T18:00,82,0.306,15.9,59,0
2023-05-17T19:00,50,0.305,15.6,59,0
2023-05-17T20:00,9,0.303,15.4,58,0
2023-05-17T21:00,0,0.302,15.7,57,0
2023-05-17T22:00,0,0.301,15.8,57,0
2023-05-17T23:00,0,0.3,15.8,57,0
2023-05-18T00:00,0,0.299,16.1,57,0
2023-05-18T01:00,0,0.313,15.8,61,0
2023-05-18T02:00,0,0.312,16,59,0
2023-05-18T03:00,0,0.31,15.5,61,0
2023-05-18T04:00,0,0.309,15.3,62,0
2023-05-18T05:00,0,0.308,15.8,62,0
2023-05-18T06:00,23,0.306,15.9,64,0
2023-05-18T07:00,99,0.305,16.3,66,0
2023-05-18T08:00,339,0.303,17.2,65,0
2023-05-18T09:00,478,0.301,17.9,64,0
2023-05-18T10:00,588,0.299,18.9,57,0
2023-05-18T11:00,747,0.297,19.3,58,0
2023-05-18T12:00,837,0.294,19.8,55,0
2023-05-18T13:00,826,0.292,20.2,53,0
2023-05-18T14:00,729,0.292,19.9,59,0.2
2023-05-18T15:00,698,0.29,21.1,54,0
2023-05-18T16:00,546,0.288,20.7,51,0
2023-05-18T17:00,283,0.286,18.8,62,0
2023-05-18T18:00,209,0.285,18.5,63,0
2023-05-18T19:00,84,0.284,17.6,65,0
2023-05-18T20:00,11,0.284,17.2,65,0
2023-05-18T21:00,0,0.283,16.9,66,0
2023-05-18T22:00,0,0.282,16.9,66,0
2023-05-18T23:00,0,0.282,16.5,67,0
2023-05-19T00:00,0,0.284,16.3,68,0.3
2023-05-19T01:00,0,0.276,16.4,68,0.6
2023-05-19T02:00,0,0.276,16.3,68,0
2023-05-19T03:00,0,0.276,16,69,0
2023-05-19T04:00,0,0.277,15.6,73,0.2
2023-05-19T05:00,0,0.281,15.3,76,0.5
2023-05-19T06:00,6,0.288,15.2,78,0.7
2023-05-19T07:00,24,0.293,15.2,79,0.7
2023-05-19T08:00,83,0.297,15.2,83,0.4
2023-05-19T09:00,118,0.306,15.4,83,0.8
2023-05-19T10:00,121,0.318,15.6,83,1.1
2023-05-19T11:00,138,0.327,15.7,84,0.9
2023-05-19T12:00,156,0.332,15.9,83,0.6
2023-05-19T13:00,243,0.334,17.1,72,0.5
2023-05-19T14:00,148,0.335,16.5,76,0.3
2023-05-19T15:00,282,0.334,16.8,75,0.2
2023-05-19T16:00,297,0.332,17.2,71,0
2023-05-19T17:00,465,0.329,18.1,63,0
2023-05-19T18:00,153,0.327,16.9,68,0
2023-05-19T19:00,131,0.325,16.2,72,0
2023-05-19T20:00,20,0.323,15.5,75,0
2023-05-19T21:00,0,0.321,15.6,74,0
2023-05-19T22:00,0,0.32,16,71,0
2023-05-19T23:00,0,0.318,16,71,0
2023-05-20T00:00,0,0.318,15.9,72,0.1
2023-05-20T01:00,0,0.316,15.9,69,0.1
2023-05-20T02:00,0,0.325,15.5,73,1.2
2023-05-20T03:00,0,0.328,15.3,74,0.4
2023-05-20T04:00,0,0.327,15.4,73,0.1
2023-05-20T05:00,0,0.327,15.3,73,0.2
2023-05-20T06:00,6,0.329,15.2,75,0.4
2023-05-20T07:00,49,0.329,15.4,75,0.2
2023-05-20T08:00,63,0.329,15.5,75,0.2
2023-05-20T09:00,121,0.33,15.9,76,0.4
2023-05-20T10:00,174,0.332,16.4,75,0.3
2023-05-20T11:00,202,0.332,16.7,75,0.3
2023-05-20T12:00,462,0.33,18.3,70,0
2023-05-20T13:00,153,0.321,16.7,76,0
2023-05-20T14:00,248,0.319,17.8,72,0
2023-05-20T15:00,373,0.317,17.9,72,0
2023-05-20T16:00,469,0.315,18.3,70,0
2023-05-20T17:00,312,0.313,17.8,70,0
2023-05-20T18:00,88,0.312,17,72,0
2023-05-20T19:00,21,0.313,16.8,72,0.2
2023-05-20T20:00,8,0.312,16.7,71,0
2023-05-20T21:00,0,0.311,16.8,70,0
2023-05-20T22:00,0,0.31,16.8,69,0
2023-05-20T23:00,0,0.31,16.8,69,0.2
2023-05-21T00:00,0,0.31,16.8,70,0.1
2023-05-21T01:00,0,0.315,16.7,75,0.9
2023-05-21T02:00,0,0.322,16.8,77,0.9
2023-05-21T03:00,0,0.33,16.3,82,0.7
2023-05-21T04:00,0,0.333,16.5,80,0.5
2023-05-21T05:00,0,0.332,16.4,79,0
2023-05-21T06:00,14,0.33,16.5,78,0
2023-05-21T07:00,44,0.329,16.8,76,0
2023-05-21T08:00,39,0.327,17,75,0
2023-05-21T09:00,127,0.325,17.4,74,0
2023-05-21T10:00,262,0.324,18.1,72,0
2023-05-21T11:00,452,0.321,19.2,69,0
2023-05-21T12:00,770,0.318,21,63,0
2023-05-21T13:00,766,0.311,21.8,61,0
2023-05-21T14:00,796,0.308,22.1,62,0
2023-05-21T15:00,654,0.306,22.4,62,0
2023-05-21T16:00,607,0.303,22.5,62,0
2023-05-21T17:00,481,0.301,21.5,65,0
2023-05-21T18:00,227,0.3,20.9,67,0
2023-05-21T19:00,136,0.299,19.9,67,0
2023-05-21T20:00,23,0.298,19.4,67,0
2023-05-21T21:00,0,0.297,19.4,64,0
2023-05-21T22:00,0,0.296,19.4,63,0
2023-05-21T23:00,0,0.296,19,64,0
2023-05-22T00:00,0,0.295,19.1,63,0
2023-05-22T01:00,0,0.294,18.8,61,0
2023-05-22T02:00,0,0.293,19.4,58,0
2023-05-22T03:00,0,0.292,19,59,0
2023-05-22T04:00,0,0.292,18.9,59,0
2023-05-22T05:00,0,0.291,18.8,58,0
2023-05-22T06:00,43,0.29,19.4,57,0
2023-05-22T07:00,179,0.289,19.8,59,0
2023-05-22T08:00,352,0.288,21.1,59,0
2023-05-22T09:00,527,0.286,22.2,58,0
2023-05-22T10:00,680,0.284,23.2,55,0
2023-05-22T11:00,795,0.282,24.1,52,0
2023-05-22T12:00,865,0.279,25,49,0
2023-05-22T13:00,884,0.275,23.6,58,0
2023-05-22T14:00,859,0.279,24,57,0.7
2023-05-22T15:00,766,0.277,24.8,50,0
2023-05-22T16:00,641,0.275,24.8,49,0
2023-05-22T17:00,494,0.273,24.5,51,0
2023-05-22T18:00,305,0.274,23.2,60,0.2
2023-05-22T19:00,123,0.273,21.9,65,0
2023-05-22T20:00,23,0.273,20.4,69,0
2023-05-22T21:00,0,0.273,18.7,75,0
2023-05-22T22:00,0,0.272,18.1,75,0
2023-05-22T23:00,0,0.272,17.9,74,0
2023-05-23T00:00,0,0.272,18,71,0
2023-05-23T01:00,0,0.256,17,72,0
2023-05-23T02:00,0,0.256,17.4,69,0
2023-05-23T03:00,0,0.256,17.7,68,0
2023-05-23T04:00,0,0.256,17.2,70,0
2023-05-23T05:00,0,0.255,16.8,72,0
2023-05-23T06:00,43,0.255,17.7,72,0
2023-05-23T07:00,178,0.255,20.8,72,0
2023-05-23T08:00,352,0.254,23.3,59,0
2023-05-23T09:00,525,0.253,22.9,65,0
2023-05-23T10:00,598,0.251,22.5,77,0
2023-05-23T11:00,720,0.25,22.8,79,0
2023-05-23T12:00,781,0.248,22.6,79,0
2023-05-23T13:00,801,0.243,22.9,75,0
2023-05-23T14:00,834,0.241,23.8,71,0
2023-05-23T15:00,708,0.239,23.1,74,0
2023-05-23T16:00,627,0.238,22.1,87,0
2023-05-23T17:00,461,0.237,22.1,88,0
2023-05-23T18:00,297,0.236,20.8,97,0
2023-05-23T19:00,130,0.236,19.7,99,0
2023-05-23T20:00,25,0.236,18.4,100,0
2023-05-23T21:00,0,0.236,18.4,98,0
2023-05-23T22:00,0,0.236,18.6,94,0
2023-05-23T23:00,0,0.236,18.4,91,0
2023-05-24T00:00,0,0.236,17.6,90,0
2023-05-24T01:00,0,0.232,17.9,86,0
2023-05-24T02:00,0,0.232,17.2,80,0
2023-05-24T03:00,0,0.232,17.9,76,0
2023-05-24T04:00,0,0.232,17.8,76,0
2023-05-24T05:00,0,0.232,16,83,0
2023-05-24T06:00,44,0.232,18,81,0
2023-05-24T07:00,180,0.232,19.5,76,0
2023-05-24T08:00,354,0.232,20.2,79,0
2023-05-24T09:00,523,0.231,20.3,82,0
2023-05-24T10:00,676,0.23,20.4,83,0
2023-05-24T11:00,787,0.228,20.8,80,0
2023-05-24T12:00,855,0.227,21.1,79,0
2023-05-24T13:00,889,0.222,21.7,69,0
2023-05-24T14:00,866,0.221,22.3,69,0
2023-05-24T15:00,782,0.219,21.5,77,0
2023-05-24T16:00,647,0.218,21,80,0
2023-05-24T17:00,491,0.217,20.2,81,0
2023-05-24T18:00,302,0.217,20.1,80,0
2023-05-24T19:00,139,0.216,19.2,86,0
2023-05-24T20:00,26,0.216,17.6,96,0
2023-05-24T21:00,0,0.216,17.8,94,0
2023-05-24T22:00,0,0.216,17.6,87,0
2023-05-24T23:00,0,0.216,17.3,82,0
2023-05-25T00:00,0,0.216,16.6,86,0
2023-05-25T01:00,0,0.217,17.5,84,0
2023-05-25T02:00,0,0.22,17.4,82,0.3
2023-05-25T03:00,0,0.224,16.9,87,0.4
2023-05-25T04:00,0,0.224,16.3,91,0
2023-05-25T05:00,0,0.224,16.5,87,0
2023-05-25T06:00,30,0.228,17.2,83,0.4
2023-05-25T07:00,83,0.228,17.4,83,0
2023-05-25T08:00,237,0.227,19.6,73,0
2023-05-25T09:00,445,0.227,20.9,68,0
2023-05-25T10:00,637,0.226,21.8,62,0
2023-05-25T11:00,762,0.225,22.9,59,0.1
2023-05-25T12:00,810,0.224,23.1,59,0.1
2023-05-25T13:00,858,0.217,22.8,58,0.1
2023-05-25T14:00,850,0.217,24.6,47,0.1
2023-05-25T15:00,654,0.217,23.2,55,0.1
2023-05-25T16:00,635,0.215,22.8,58,0
2023-05-25T17:00,491,0.214,22.8,56,0
2023-05-25T18:00,323,0.214,21.8,59,0
2023-05-25T19:00,148,0.213,20.8,63,0
2023-05-25T20:00,28,0.213,20,64,0
2023-05-25T21:00,0,0.213,19.4,64,0
2023-05-25T22:00,0,0.213,19.2,62,0
2023-05-25T23:00,0,0.212,19.2,58,0
2023-05-26T00:00,0,0.212,19.1,56,0
2023-05-26T01:00,0,0.224,18.9,61,0
2023-05-26T02:00,0,0.223,18.8,61,0
2023-05-26T03:00,0,0.223,18.8,60,0
2023-05-26T04:00,0,0.223,19.2,57,0
2023-05-26T05:00,0,0.223,19.2,56,0
2023-05-26T06:00,47,0.223,19.7,57,0
2023-05-26T07:00,185,0.222,21.6,55,0
2023-05-26T08:00,359,0.221,24,52,0
2023-05-26T09:00,534,0.22,24.9,45,0
2023-05-26T10:00,689,0.219,24.9,51,0
2023-05-26T11:00,807,0.217,24.6,61,0
2023-05-26T12:00,790,0.215,24.3,63,0
2023-05-26T13:00,889,0.208,25,55,0
2023-05-26T14:00,844,0.206,25.8,50,0
2023-05-26T15:00,665,0.205,25.3,56,0
2023-05-26T16:00,630,0.203,25.5,47,0
2023-05-26T17:00,495,0.202,25.3,49,0
2023-05-26T18:00,321,0.201,24.9,52,0
2023-05-26T19:00,150,0.201,23.8,60,0
2023-05-26T20:00,29,0.201,21.4,66,0
2023-05-26T21:00,0,0.201,21.7,63,0
2023-05-26T22:00,0,0.201,21.1,65,0
2023-05-26T23:00,0,0.201,20.1,67,0
2023-05-27T00:00,0,0.201,19.5,66,0
2023-05-27T01:00,0,0.193,19.8,59,0
2023-05-27T02:00,0,0.193,19.8,60,0
2023-05-27T03:00,0,0.192,19.5,62,0
2023-05-27T04:00,0,0.192,18.6,67,0
2023-05-27T05:00,0,0.192,17.9,70,0
2023-05-27T06:00,49,0.192,19,68,0
2023-05-27T07:00,187,0.192,21.9,67,0
2023-05-27T08:00,362,0.191,24.6,51,0
2023-05-27T09:00,537,0.191,24.9,53,0
2023-05-27T10:00,691,0.189,25.2,57,0
2023-05-27T11:00,808,0.188,24.9,63,0
2023-05-27T12:00,765,0.187,23.9,71,0
2023-05-27T13:00,722,0.177,24.1,73,0
2023-05-27T14:00,717,0.176,24.2,69,0
2023-05-27T15:00,600,0.176,24.5,56,0
2023-05-27T16:00,507,0.175,24.6,55,0
2023-05-27T17:00,439,0.174,23.9,61,0
2023-05-27T18:00,304,0.173,23.2,64,0
2023-05-27T19:00,149,0.173,22.7,64,0
2023-05-27T20:00,28,0.173,21.2,71,0
2023-05-27T21:00,0,0.173,20.3,71,0
2023-05-27T22:00,0,0.173,20.8,71,0
2023-05-27T23:00,0,0.173,19.9,80,0
2023-05-28T00:00,0,0.173,19.6,82,0
2023-05-28T01:00,0,0.163,20.1,77,0
2023-05-28T02:00,0,0.214,19.1,84,4.1
2023-05-28T03:00,0,0.247,18.9,86,2.3
2023-05-28T04:00,0,0.247,18.5,88,0
2023-05-28T05:00,0,0.247,18.1,90,0
2023-05-28T06:00,33,0.248,18.7,87,0.1
2023-05-28T07:00,124,0.248,19.9,81,0.1
2023-05-28T08:00,325,0.248,21.3,75,0
2023-05-28T09:00,481,0.247,22.8,67,0
2023-05-28T10:00,624,0.246,23.7,61,0
2023-05-28T11:00,697,0.245,24.2,58,0.1
2023-05-28T12:00,593,0.244,24.2,58,0
2023-05-28T13:00,535,0.16,25.3,53,0
2023-05-28T14:00,619,0.159,24.5,58,0
2023-05-28T15:00,335,0.191,23,66,2.8
2023-05-28T16:00,489,0.191,24,62,0
2023-05-28T17:00,387,0.19,24.5,59,0
2023-05-28T18:00,284,0.19,24.5,53,0
2023-05-28T19:00,110,0.189,23.4,66,0
2023-05-28T20:00,26,0.189,22.2,71,0
2023-05-28T21:00,0,0.189,21,78,0
2023-05-28T22:00,0,0.189,20,84,0
2023-05-28T23:00,0,0.189,19.5,85,0
2023-05-29T00:00,0,0.189,19.7,80,0
2023-05-29T01:00,0,0.163,21,68,0
2023-05-29T02:00,0,0.163,21.1,62,0
2023-05-29T03:00,0,0.163,20.2,66,0
2023-05-29T04:00,0,0.163,20,67,0
2023-05-29T05:00,0,0.163,19.5,69,0
2023-05-29T06:00,39,0.163,19.6,70,0
2023-05-29T07:00,149,0.163,20.3,68,0
2023-05-29T08:00,290,0.162,21.8,62,0
2023-05-29T09:00,498,0.162,23.2,56,0
2023-05-29T10:00,672,0.161,24.2,52,0
2023-05-29T11:00,693,0.16,24.4,52,0
2023-05-29T12:00,828,0.159,25.3,50,0
2023-05-29T13:00,791,0.16,25.2,50,0
2023-05-29T14:00,755,0.159,24.5,51,0
2023-05-29T15:00,637,0.159,24.5,52,0
2023-05-29T16:00,611,0.158,25,52,0
2023-05-29T17:00,491,0.157,25,53,0
2023-05-29T18:00,324,0.157,24.3,53,0
2023-05-29T19:00,140,0.156,22.9,59,0
2023-05-29T20:00,30,0.156,21.7,62,0
2023-05-29T21:00,0,0.156,20.9,65,0
2023-05-29T22:00,0,0.156,20.3,66,0
2023-05-29T23:00,0,0.156,19.7,67,0
2023-05-30T00:00,0,0.156,19.6,66,0
2023-05-30T01:00,0,0.15,19.3,67,0
2023-05-30T02:00,0,0.15,20.1,64,0
2023-05-30T03:00,0,0.15,20.4,60,0
2023-05-30T04:00,0,0.15,20.5,58,0
2023-05-30T05:00,0,0.15,20.7,56,0
2023-05-30T06:00,51,0.15,21.5,55,0
2023-05-30T07:00,191,0.15,22.8,54,0
2023-05-30T08:00,364,0.149,24,52,0
2023-05-30T09:00,537,0.149,25,46,0
2023-05-30T10:00,678,0.148,25.7,44,0
2023-05-30T11:00,785,0.147,26.3,43,0
2023-05-30T12:00,809,0.146,26.1,45,0
2023-05-30T13:00,814,0.141,26.2,44,0
2023-05-30T14:00,677,0.141,26.5,42,0
2023-05-30T15:00,727,0.14,25.9,50,0
2023-05-30T16:00,592,0.139,25.5,57,0
2023-05-30T17:00,427,0.139,24.7,60,0
2023-05-30T18:00,308,0.139,25,59,0
2023-05-30T19:00,139,0.138,24.1,55,0
2023-05-30T20:00,29,0.138,22.7,57,0
2023-05-30T21:00,0,0.138,21.9,63,0
2023-05-30T22:00,0,0.138,20.9,66,0
2023-05-30T23:00,0,0.138,19.9,68,0
2023-05-31T00:00,0,0.16,18.9,76,2.1
2023-05-31T01:00,0,0.156,19.7,73,0.6
2023-05-31T02:00,0,0.156,19.8,69,0
2023-05-31T03:00,0,0.156,19.1,72,0
2023-05-31T04:00,0,0.156,19.1,73,0
2023-05-31T05:00,0,0.155,18.9,74,0
2023-05-31T06:00,39,0.155,19,72,0
2023-05-31T07:00,138,0.155,19.5,70,0
2023-05-31T08:00,270,0.155,20.2,67,0
2023-05-31T09:00,428,0.155,21.3,62,0
2023-05-31T10:00,600,0.154,22.2,58,0
2023-05-31T11:00,721,0.153,22.7,59,0
2023-05-31T12:00,783,0.153,22.6,55,0
2023-05-31T13:00,827,0.152,22.8,58,0
2023-05-31T14:00,819,0.152,23.7,51,0
2023-05-31T15:00,720,0.151,24,52,0
2023-05-31T16:00,638,0.15,23.3,55,0
2023-05-31T17:00,506,0.15,23.1,56,0
2023-05-31T18:00,330,0.149,22.1,60,0
2023-05-31T19:00,156,0.149,21.3,63,0
2023-05-31T20:00,34,0.149,20.2,63,0
2023-05-31T21:00,0,0.149,19.8,63,0
2023-05-31T22:00,0,0.149,19.4,64,0
2023-05-31T23:00,0,0.149,19.2,65,0
2023-06-01T00:00,0,0.149,19.3,64,0
2023-06-01T01:00,0,0.149,19.1,61,0
2023-06-01T02:00,0,0.149,19.9,57,0
2023-06-01T03:00,0,0.149,20.1,56,0
2023-06-01T04:00,0,0.149,19.9,57,0
2023-06-01T05:00,0,0.149,19.8,57,0
2023-06-01T06:00,52,0.149,20,58,0
2023-06-01T07:00,190,0.148,21,57,0
2023-06-01T08:00,340,0.148,22,54,0
2023-06-01T09:00,504,0.148,23,51,0
2023-06-01T10:00,680,0.147,24.1,48,0
2023-06-01T11:00,743,0.146,24.9,47,0
2023-06-01T12:00,860,0.145,25.4,48,0
2023-06-01T13:00,897,0.143,24.7,52,0
2023-06-01T14:00,810,0.142,24.7,49,0
2023-06-01T15:00,647,0.142,24.9,51,0
2023-06-01T16:00,645,0.141,24.4,56,0
2023-06-01T17:00,462,0.141,22.7,71,0
2023-06-01T18:00,260,0.141,22.4,71,0
2023-06-01T19:00,134,0.141,22.8,63,0
2023-06-01T20:00,35,0.141,21.5,71,0
2023-06-01T21:00,0,0.141,19.2,82,0
2023-06-01T22:00,0,0.141,19.6,77,0
2023-06-01T23:00,0,0.141,19,80,0
2023-06-02T00:00,0,0.141,18.8,79,0
2023-06-02T01:00,0,0.133,19.1,77,0
2023-06-02T02:00,0,0.133,18.2,79,0
2023-06-02T03:00,0,0.142,18.5,77,0.9
2023-06-02T04:00,0,0.2,18,82,4.4
2023-06-02T05:00,0,0.2,17.6,84,0
2023-06-02T06:00,48,0.2,19,79,0
2023-06-02T07:00,176,0.2,20.2,74,0
2023-06-02T08:00,353,0.199,21,73,0
2023-06-02T09:00,520,0.199,21.7,74,0
2023-06-02T10:00,680,0.198,22.2,75,0
2023-06-02T11:00,766,0.197,21.8,79,0
2023-06-02T12:00,622,0.196,22.6,72,0
2023-06-02T13:00,860,0.131,25,51,0
2023-06-02T14:00,828,0.132,23.6,64,0.1
2023-06-02T15:00,643,0.131,24,60,0
2023-06-02T16:00,668,0.131,24.8,55,0
2023-06-02T17:00,510,0.13,23.9,65,0
2023-06-02T18:00,336,0.13,23.3,70,0
2023-06-02T19:00,167,0.13,22.1,77,0
2023-06-02T20:00,38,0.13,20.9,82,0
2023-06-02T21:00,0,0.13,19.3,88,0
2023-06-02T22:00,0,0.13,18.6,90,0
2023-06-02T23:00,0,0.13,19.3,87,0
2023-06-03T00:00,0,0.13,18.5,89,0
2023-06-03T01:00,0,0.129,20.2,78,0
2023-06-03T02:00,0,0.129,17.7,86,0
2023-06-03T03:00,0,0.129,16.8,91,0
2023-06-03T04:00,0,0.129,18.1,92,0
2023-06-03T05:00,1,0.129,18.3,91,0
2023-06-03T06:00,54,0.129,19,88,0
2023-06-03T07:00,191,0.129,20.6,78,0
2023-06-03T08:00,358,0.129,21.8,72,0
2023-06-03T09:00,536,0.129,21.9,77,0
2023-06-03T10:00,687,0.13,22.3,75,0.2
2023-06-03T11:00,794,0.134,21.5,80,0.5
2023-06-03T12:00,583,0.135,21.7,77,0.1
2023-06-03T13:00,847,0.128,22.9,68,0
2023-06-03T14:00,844,0.128,24.1,65,0
2023-06-03T15:00,633,0.128,23.5,71,0
2023-06-03T16:00,573,0.128,23,67,0
2023-06-03T17:00,446,0.127,23,62,0
2023-06-03T18:00,289,0.127,22.6,68,0
2023-06-03T19:00,157,0.127,21.4,81,0
2023-06-03T20:00,37,0.127,19.9,91,0
2023-06-03T21:00,0,0.127,19.6,94,0
2023-06-03T22:00,0,0.127,19.2,96,0
2023-06-03T23:00,0,0.127,18.1,97,0
2023-06-04T00:00,0,0.127,18,94,0
2023-06-04T01:00,0,0.129,18.7,92,0
2023-06-04T02:00,0,0.129,17.3,91,0
2023-06-04T03:00,0,0.129,17.2,89,0
2023-06-04T04:00,0,0.129,18,88,0
2023-06-04T05:00,1,0.129,18,90,0
2023-06-04T06:00,52,0.129,19.1,83,0
2023-06-04T07:00,155,0.129,20.7,71,0
2023-06-04T08:00,267,0.129,21.7,64,0
2023-06-04T09:00,429,0.128,22.7,62,0
2023-06-04T10:00,548,0.128,23.1,62,0
2023-06-04T11:00,448,0.246,18.3,87,9
2023-06-04T12:00,174,0.251,19,90,0.6
2023-06-04T13:00,468,0.136,23.6,62,0.2
2023-06-04T14:00,663,0.163,21.3,79,2.5
2023-06-04T15:00,470,0.164,22,74,0.1
2023-06-04T16:00,505,0.163,23,65,0
2023-06-04T17:00,499,0.163,22.1,77,0
2023-06-04T18:00,242,0.163,20.4,83,0
2023-06-04T19:00,114,0.168,19.8,84,0.5
2023-06-04T20:00,23,0.168,18.8,94,0
2023-06-04T21:00,0,0.171,18.6,90,0.4
2023-06-04T22:00,0,0.172,18.3,92,0
2023-06-04T23:00,0,0.172,18,93,0
2023-06-05T00:00,0,0.173,18.2,88,0.1
2023-06-05T01:00,0,0.17,18.5,90,0.1
2023-06-05T02:00,0,0.17,18.2,91,0
2023-06-05T03:00,0,0.17,18.4,88,0
2023-06-05T04:00,0,0.17,18.5,88,0
2023-06-05T05:00,0,0.17,18,87,0
2023-06-05T06:00,45,0.17,18.6,84,0
2023-06-05T07:00,128,0.17,20,70,0
2023-06-05T08:00,265,0.17,21.1,66,0
2023-06-05T09:00,500,0.169,22.3,63,0
2023-06-05T10:00,659,0.168,23.2,57,0
2023-06-05T11:00,640,0.168,23,58,0
2023-06-05T12:00,546,0.176,21.4,69,1
2023-06-05T13:00,546,0.2,22.5,62,0.5
2023-06-05T14:00,473,0.201,22.8,61,0.3
2023-06-05T15:00,595,0.276,20.9,78,5.9
2023-06-05T16:00,177,0.351,18.5,91,5.7
2023-06-05T17:00,230,0.347,20,81,0.1
2023-06-05T18:00,206,0.343,20.6,79,0
2023-06-05T19:00,141,0.339,20.6,79,0
2023-06-05T20:00,34,0.335,19,88,0
2023-06-05T21:00,0,0.332,19.1,88,0
2023-06-05T22:00,0,0.329,19.5,89,0
2023-06-05T23:00,0,0.327,17.8,96,0
2023-06-06T00:00,0,0.324,18.1,100,0
2023-06-06T01:00,0,0.217,18.3,100,0
2023-06-06T02:00,0,0.217,17.4,100,0
2023-06-06T03:00,0,0.217,17.1,100,0
2023-06-06T04:00,0,0.217,16.8,100,0
2023-06-06T05:00,1,0.216,15.6,100,0
2023-06-06T06:00,54,0.216,18,98,0
2023-06-06T07:00,187,0.219,19.9,84,0.3
2023-06-06T08:00,348,0.22,20.7,82,0.1
2023-06-06T09:00,528,0.22,21.6,79,0.1
2023-06-06T10:00,614,0.225,21.7,81,0.6
2023-06-06T11:00,706,0.234,20.9,86,0.8
2023-06-06T12:00,611,0.233,21,84,0
2023-06-06T13:00,726,0.236,22.5,72,0
2023-06-06T14:00,750,0.235,22.4,76,0
2023-06-06T15:00,598,0.234,21.9,78,0
2023-06-06T16:00,350,0.233,21.6,81,0
2023-06-06T17:00,414,0.232,21.7,82,0
2023-06-06T18:00,240,0.231,21.6,81,0
2023-06-06T19:00,100,0.231,20.9,84,0
2023-06-06T20:00,34,0.231,20,91,0
2023-06-06T21:00,0,0.23,19.3,93,0
2023-06-06T22:00,0,0.23,19.3,95,0
2023-06-06T23:00,0,0.23,18.4,97,0
2023-06-07T00:00,0,0.23,18.8,98,0
2023-06-07T01:00,0,0.229,19.6,98,0
2023-06-07T02:00,0,0.229,19.5,98,0
2023-06-07T03:00,0,0.229,19.3,99,0
2023-06-07T04:00,0,0.229,19.2,96,0
2023-06-07T05:00,0,0.233,18.8,95,0.4
2023-06-07T06:00,30,0.233,19,95,0
2023-06-07T07:00,133,0.233,20.2,84,0.1
2023-06-07T08:00,244,0.245,19.8,85,1.3
2023-06-07T09:00,248,0.245,20.1,86,0
2023-06-07T10:00,246,0.245,19.9,90,0
2023-06-07T11:00,644,0.245,21.6,79,0.1
2023-06-07T12:00,426,0.244,20.8,83,0
2023-06-07T13:00,712,0.219,22.9,69,0
2023-06-07T14:00,747,0.217,22.8,72,0
2023-06-07T15:00,630,0.216,21.7,81,0
2023-06-07T16:00,507,0.215,21.7,80,0
2023-06-07T17:00,368,0.214,21.7,80,0
2023-06-07T18:00,231,0.213,21.4,83,0
2023-06-07T19:00,149,0.213,20.6,89,0
2023-06-07T20:00,28,0.213,20.4,91,0
2023-06-07T21:00,0,0.213,20.1,90,0
2023-06-07T22:00,0,0.213,19.9,94,0
2023-06-07T23:00,0,0.214,19.5,96,0
2023-06-08T00:00,0,0.213,19.4,98,0
2023-06-08T01:00,0,0.212,19.5,98,0
2023-06-08T02:00,0,0.212,18.1,98,0
2023-06-08T03:00,0,0.212,18.4,96,0
2023-06-08T04:00,0,0.211,17.8,96,0
2023-06-08T05:00,1,0.211,17.7,96,0
2023-06-08T06:00,53,0.211,19.6,91,0
2023-06-08T07:00,181,0.211,20.9,84,0
2023-06-08T08:00,339,0.212,21.6,83,0.1
2023-06-08T09:00,425,0.212,21.9,81,0.1
2023-06-08T10:00,570,0.211,22.1,78,0.1
2023-06-08T11:00,606,0.211,22.3,75,0.1
2023-06-08T12:00,736,0.21,22.8,73,0.1
2023-06-08T13:00,819,0.21,23.5,70,0.2
2023-06-08T14:00,808,0.203,23.8,72,0
2023-06-08T15:00,580,0.202,23.1,73,0
2023-06-08T16:00,604,0.201,23.1,70,0
2023-06-08T17:00,490,0.2,23.1,68,0
2023-06-08T18:00,295,0.199,22.3,74,0
2023-06-08T19:00,168,0.199,21.6,80,0
2023-06-08T20:00,36,0.198,20.4,89,0
2023-06-08T21:00,0,0.198,19.2,95,0
2023-06-08T22:00,0,0.198,20.3,89,0
2023-06-08T23:00,0,0.198,19.5,93,0
2023-06-09T00:00,0,0.198,18.7,96,0
2023-06-09T01:00,0,0.198,18.1,97,0
2023-06-09T02:00,0,0.197,18.9,92,0
2023-06-09T03:00,0,0.197,18.4,92,0
2023-06-09T04:00,0,0.197,17.7,94,0
2023-06-09T05:00,1,0.197,18,95,0
2023-06-09T06:00,56,0.197,19.5,93,0
2023-06-09T07:00,192,0.197,21.3,73,0
2023-06-09T08:00,327,0.196,21.9,65,0
2023-06-09T09:00,339,0.195,22.1,67,0
2023-06-09T10:00,344,0.195,22.3,71,0
2023-06-09T11:00,264,0.194,22.2,75,0
2023-06-09T12:00,389,0.193,22.6,75,0
2023-06-09T13:00,815,0.192,24.1,68,0
2023-06-09T14:00,805,0.193,23.6,69,0.3
2023-06-09T15:00,444,0.195,22.7,73,0.3
2023-06-09T16:00,385,0.199,22.3,79,0.5
2023-06-09T17:00,323,0.199,22,80,0
2023-06-09T18:00,221,0.198,22,79,0
2023-06-09T19:00,141,0.201,21.5,78,0.3
2023-06-09T20:00,21,0.216,20.5,87,1.5
2023-06-09T21:00,0,0.217,20.1,86,0.1
2023-06-09T22:00,0,0.217,19.9,89,0
2023-06-09T23:00,0,0.217,19.3,88,0
2023-06-10T00:00,0,0.217,18.2,90,0
2023-06-10T01:00,0,0.211,19.8,96,0
2023-06-10T02:00,0,0.211,19,97,0
2023-06-10T03:00,0,0.211,19,97,0
2023-06-10T04:00,0,0.211,18.8,97,0
2023-06-10T05:00,1,0.211,18.5,97,0
2023-06-10T06:00,51,0.211,19.3,95,0
2023-06-10T07:00,187,0.211,20.9,85,0
2023-06-10T08:00,289,0.21,22,77,0
2023-06-10T09:00,487,0.21,22.7,75,0
2023-06-10T10:00,665,0.209,22.9,78,0
2023-06-10T11:00,532,0.219,21.6,83,1.1
2023-06-10T12:00,414,0.22,20.5,88,0.1
2023-06-10T13:00,462,0.216,23.2,70,0
2023-06-10T14:00,727,0.215,22.8,76,0.1
2023-06-10T15:00,446,0.215,23.4,74,0.1
2023-06-10T16:00,544,0.215,23,78,0.2
2023-06-10T17:00,431,0.222,22.3,81,0.7
2023-06-10T18:00,297,0.221,22,84,0
2023-06-10T19:00,152,0.221,21.3,89,0
2023-06-10T20:00,38,0.221,20.8,93,0
2023-06-10T21:00,0,0.221,21,92,0
2023-06-10T22:00,0,0.22,20.7,96,0
2023-06-10T23:00,0,0.22,18.8,100,0
2023-06-11T00:00,0,0.22,18.2,100,0
2023-06-11T01:00,0,0.257,20.3,95,0
2023-06-11T02:00,0,0.271,19.5,92,1.5
2023-06-11T03:00,0,0.27,20.9,88,0
2023-06-11T04:00,0,0.27,18.4,94,0
2023-06-11T05:00,1,0.269,17.8,97,0
2023-06-11T06:00,57,0.269,20.3,89,0
2023-06-11T07:00,199,0.268,21.8,83,0
2023-06-11T08:00,364,0.267,23.2,78,0
2023-06-11T09:00,524,0.266,23.9,78,0
2023-06-11T10:00,679,0.266,24.2,77,0.2
2023-06-11T11:00,780,0.264,24.5,77,0
2023-06-11T12:00,756,0.262,24.4,80,0
2023-06-11T13:00,764,0.239,26.2,63,0.2
2023-06-11T14:00,753,0.237,25.5,71,0
2023-06-11T15:00,460,0.236,24.8,75,0
2023-06-11T16:00,520,0.234,25,72,0
2023-06-11T17:00,418,0.233,24.9,70,0
2023-06-11T18:00,256,0.232,24.3,75,0
2023-06-11T19:00,142,0.231,23.6,82,0
2023-06-11T20:00,35,0.231,22.3,88,0
2023-06-11T21:00,0,0.231,21.5,93,0
2023-06-11T22:00,0,0.231,21.3,94,0
2023-06-11T23:00,0,0.23,21.1,93,0
2023-06-12T00:00,0,0.23,20.8,93,0
2023-06-12T01:00,0,0.228,21.2,83,0
2023-06-12T02:00,0,0.228,21.3,78,0
2023-06-12T03:00,0,0.227,20.8,82,0
2023-06-12T04:00,0,0.227,20.4,87,0
2023-06-12T05:00,1,0.227,20.6,79,0
2023-06-12T06:00,49,0.227,21.7,72,0
2023-06-12T07:00,166,0.226,22.9,69,0
2023-06-12T08:00,310,0.225,23.8,67,0
2023-06-12T09:00,455,0.224,24.7,64,0
2023-06-12T10:00,672,0.222,26.3,56,0
2023-06-12T11:00,794,0.22,27,52,0
2023-06-12T12:00,784,0.218,26.5,52,0
2023-06-12T13:00,725,0.251,25.6,58,0.4
2023-06-12T14:00,679,0.252,24.9,65,0.4
2023-06-12T15:00,458,0.31,22.3,80,4.7
2023-06-12T16:00,289,0.311,22.8,77,0.3
2023-06-12T17:00,171,0.309,23.3,74,0
2023-06-12T18:00,117,0.308,23.2,73,0
2023-06-12T19:00,60,0.306,22.6,81,0.1
2023-06-12T20:00,26,0.305,22.6,78,0
2023-06-12T21:00,0,0.303,20.4,90,0
2023-06-12T22:00,0,0.302,21.1,88,0
2023-06-12T23:00,0,0.301,21.7,88,0
2023-06-13T00:00,0,0.299,21.9,86,0
2023-06-13T01:00,0,0.252,21.6,88,0
2023-06-13T02:00,0,0.251,19.9,90,0
2023-06-13T03:00,0,0.251,20.7,84,0
2023-06-13T04:00,0,0.251,22.3,76,0
2023-06-13T05:00,1,0.25,21.2,82,0
2023-06-13T06:00,58,0.25,21.3,86,0
2023-06-13T07:00,91,0.283,20,91,2.6
2023-06-13T08:00,111,0.312,20.8,79,2.3
2023-06-13T09:00,63,0.313,20.6,85,0.3
2023-06-13T10:00,323,0.313,21.9,81,0.3
2023-06-13T11:00,424,0.342,21.6,80,2.4
2023-06-13T12:00,403,0.344,22.4,79,0.6
2023-06-13T13:00,508,0.319,21.9,85,3.3
2023-06-13T14:00,699,0.32,23.2,73,0.4
2023-06-13T15:00,348,0.319,22,77,0.2
2023-06-13T16:00,121,0.327,21.1,85,1.1
2023-06-13T17:00,160,0.336,21.1,89,1
2023-06-13T18:00,225,0.336,21.4,85,0.4
2023-06-13T19:00,115,0.333,21.2,89,0
2023-06-13T20:00,25,0.331,20.1,91,0.1
2023-06-13T21:00,0,0.328,20.9,84,0
2023-06-13T22:00,0,0.326,18.9,93,0
2023-06-13T23:00,0,0.323,20.2,87,0
2023-06-14T00:00,0,0.321,18,95,0
2023-06-14T01:00,0,0.35,19.5,92,0
2023-06-14T02:00,0,0.346,17.5,95,0
2023-06-14T03:00,0,0.342,17.4,95,0
2023-06-14T04:00,0,0.339,18.2,93,0
2023-06-14T05:00,1,0.336,17.9,94,0
2023-06-14T06:00,54,0.333,19,93,0
2023-06-14T07:00,154,0.331,20.8,80,0
2023-06-14T08:00,318,0.328,22.1,72,0
2023-06-14T09:00,485,0.325,23.3,68,0
2023-06-14T10:00,664,0.336,23,72,1.4
2023-06-14T11:00,703,0.369,22.4,82,3.1
2023-06-14T12:00,575,0.401,21.7,83,3.7
2023-06-14T13:00,540,0.355,21.6,80,0.1
2023-06-14T14:00,547,0.35,23.6,68,0
2023-06-14T15:00,543,0.344,24,66,0
2023-06-14T16:00,367,0.34,23.6,70,0
2023-06-14T17:00,336,0.336,24,69,0
2023-06-14T18:00,254,0.333,23.6,73,0
2023-06-14T19:00,135,0.33,23.4,75,0
2023-06-14T20:00,40,0.327,21.1,83,0
2023-06-14T21:00,0,0.325,21,79,0
2023-06-14T22:00,0,0.323,20.8,78,0
2023-06-14T23:00,0,0.321,20.6,77,0
2023-06-15T00:00,0,0.32,20.7,76,0
2023-06-15T01:00,0,0.334,20.9,76,0
2023-06-15T02:00,0,0.331,20.9,76,0
2023-06-15T03:00,0,0.329,20.9,76,0
2023-06-15T04:00,0,0.327,21.3,72,0
2023-06-15T05:00,1,0.325,21,72,0
2023-06-15T06:00,56,0.323,20.7,70,0
2023-06-15T07:00,193,0.32,21.5,71,0
2023-06-15T08:00,351,0.318,22.7,68,0
2023-06-15T09:00,514,0.315,23.9,63,0
2023-06-15T10:00,667,0.311,25,56,0
2023-06-15T11:00,796,0.307,26.1,52,0
2023-06-15T12:00,886,0.303,26.8,49,0
2023-06-15T13:00,897,0.298,27.1,46,0
2023-06-15T14:00,853,0.294,28,40,0
2023-06-15T15:00,654,0.291,26.9,49,0
2023-06-15T16:00,532,0.289,26.3,52,0.1
2023-06-15T17:00,335,0.287,26.3,52,0
2023-06-15T18:00,288,0.286,26.4,51,0
2023-06-15T19:00,159,0.285,25.3,64,0
2023-06-15T20:00,39,0.284,23.2,69,0
2023-06-15T21:00,0,0.283,22.3,75,0
2023-06-15T22:00,0,0.283,20.7,85,0
2023-06-15T23:00,0,0.282,19.4,92,0
2023-06-16T00:00,0,0.282,19,91,0
2023-06-16T01:00,0,0.289,20.2,79,0
2023-06-16T02:00,0,0.288,20.5,74,0
2023-06-16T03:00,0,0.312,19.9,76,2.3
2023-06-16T04:00,0,0.312,20.1,76,0.1
2023-06-16T05:00,1,0.31,19.1,84,0
2023-06-16T06:00,58,0.309,19.5,87,0
2023-06-16T07:00,198,0.308,22.6,84,0
2023-06-16T08:00,359,0.307,24.8,64,0
2023-06-16T09:00,524,0.305,25.2,64,0
2023-06-16T10:00,636,0.302,26,57,0
2023-06-16T11:00,771,0.299,26.5,56,0
2023-06-16T12:00,795,0.296,25.8,69,0
2023-06-16T13:00,822,0.27,27.4,43,0
2023-06-16T14:00,834,0.267,27.3,46,0
2023-06-16T15:00,753,0.264,25.9,64,0
2023-06-16T16:00,610,0.262,25,70,0
2023-06-16T17:00,512,0.261,25.1,66,0
2023-06-16T18:00,341,0.259,24.8,68,0
2023-06-16T19:00,180,0.259,24.1,76,0
2023-06-16T20:00,49,0.258,22,91,0
2023-06-16T21:00,0,0.258,22,90,0
2023-06-16T22:00,0,0.258,21.5,89,0
2023-06-16T23:00,0,0.258,20.6,91,0
2023-06-17T00:00,0,0.257,20,92,0
2023-06-17T01:00,0,0.258,21.3,79,0
2023-06-17T02:00,0,0.258,20.1,83,0
2023-06-17T03:00,0,0.257,20.3,80,0
2023-06-17T04:00,0,0.257,19.7,82,0
2023-06-17T05:00,1,0.257,19.2,83,0
2023-06-17T06:00,58,0.257,20.5,80,0
2023-06-17T07:00,193,0.256,23,77,0
2023-06-17T08:00,361,0.255,24.5,64,0
2023-06-17T09:00,537,0.253,24.9,69,0
2023-06-17T10:00,663,0.252,24.9,74,0
2023-06-17T11:00,784,0.25,24.5,80,0
2023-06-17T12:00,756,0.248,24.7,77,0
2023-06-17T13:00,797,0.246,25.7,63,0
2023-06-17T14:00,796,0.244,25.4,69,0
2023-06-17T15:00,783,0.241,25.1,73,0
2023-06-17T16:00,645,0.24,24.7,78,0
2023-06-17T17:00,504,0.238,24,82,0
2023-06-17T18:00,321,0.238,23.2,84,0
2023-06-17T19:00,174,0.237,22.8,83,0
2023-06-17T20:00,45,0.237,22,88,0
2023-06-17T21:00,0,0.237,21.9,87,0
2023-06-17T22:00,0,0.237,20.5,91,0
2023-06-17T23:00,0,0.237,19.9,91,0
2023-06-18T00:00,0,0.237,20.1,89,0
2023-06-18T01:00,0,0.236,20.6,90,0
2023-06-18T02:00,0,0.236,20.6,86,0
2023-06-18T03:00,0,0.236,20.8,85,0
2023-06-18T04:00,0,0.236,19.2,91,0
2023-06-18T05:00,1,0.236,19.9,91,0
2023-06-18T06:00,53,0.235,21.1,89,0
2023-06-18T07:00,178,0.235,22.4,81,0
2023-06-18T08:00,345,0.234,23.1,79,0
2023-06-18T09:00,505,0.233,23.7,77,0
2023-06-18T10:00,659,0.232,24.1,78,0
2023-06-18T11:00,767,0.23,24.4,78,0
2023-06-18T12:00,832,0.228,24.8,74,0
2023-06-18T13:00,819,0.226,24.3,80,0
2023-06-18T14:00,801,0.224,24.7,78,0
2023-06-18T15:00,657,0.222,24.4,79,0
2023-06-18T16:00,552,0.221,23.9,81,0
2023-06-18T17:00,390,0.22,23.5,82,0
2023-06-18T18:00,308,0.219,23.3,82,0
2023-06-18T19:00,160,0.219,22.9,83,0
2023-06-18T20:00,44,0.219,22.3,87,0
2023-06-18T21:00,0,0.219,21.4,92,0
2023-06-18T22:00,0,0.219,21.1,92,0
2023-06-18T23:00,0,0.219,21.3,92,0
2023-06-19T00:00,0,0.219,20.7,94,0
2023-06-19T01:00,0,0.219,21.6,91,0
2023-06-19T02:00,0,0.219,21.7,90,0
2023-06-19T03:00,0,0.219,21.6,91,0
2023-06-19T04:00,0,0.219,21.1,92,0
2023-06-19T05:00,1,0.219,21.2,86,0
2023-06-19T06:00,55,0.219,21.6,82,0
2023-06-19T07:00,187,0.219,22.5,82,0
2023-06-19T08:00,346,0.218,23.5,79,0
2023-06-19T09:00,465,0.217,24.3,75,0
2023-06-19T10:00,596,0.216,24.9,75,0
2023-06-19T11:00,590,0.215,24.9,76,0.1
2023-06-19T12:00,736,0.215,24.6,82,0.2
2023-06-19T13:00,592,0.211,24.4,81,0.1
2023-06-19T14:00,604,0.21,24.5,81,0
2023-06-19T15:00,552,0.209,24.5,80,0
2023-06-19T16:00,494,0.208,24.3,80,0
2023-06-19T17:00,444,0.207,24.4,73,0
2023-06-19T18:00,310,0.206,24,75,0
2023-06-19T19:00,169,0.205,23.4,79,0
2023-06-19T20:00,39,0.205,22.7,83,0
2023-06-19T21:00,0,0.205,22.2,86,0
2023-06-19T22:00,0,0.205,21.9,86,0
2023-06-19T23:00,0,0.205,21.6,85,0
2023-06-20T00:00,0,0.205,21.6,83,0
2023-06-20T01:00,0,0.203,21.7,82,0
2023-06-20T02:00,0,0.203,21.6,83,0
2023-06-20T03:00,0,0.203,21.7,83,0
2023-06-20T04:00,0,0.203,21.4,83,0
2023-06-20T05:00,1,0.202,21.2,82,0
2023-06-20T06:00,56,0.202,22.2,76,0
2023-06-20T07:00,176,0.202,23.6,65,0
2023-06-20T08:00,289,0.201,24.2,59,0
2023-06-20T09:00,482,0.2,25.1,53,0
2023-06-20T10:00,657,0.199,25.8,47,0
2023-06-20T11:00,755,0.197,26.4,44,0
2023-06-20T12:00,818,0.195,26.6,43,0
2023-06-20T13:00,863,0.192,26.2,42,0
2023-06-20T14:00,420,0.191,25.3,50,0
2023-06-20T15:00,559,0.189,25.7,51,0
2023-06-20T16:00,452,0.188,25.5,53,0
2023-06-20T17:00,468,0.187,25.5,55,0
2023-06-20T18:00,348,0.187,25.1,58,0
2023-06-20T19:00,184,0.186,24.3,62,0
2023-06-20T20:00,51,0.186,23.2,67,0
2023-06-20T21:00,0,0.186,22.6,70,0
2023-06-20T22:00,0,0.186,22.3,74,0
2023-06-20T23:00,0,0.185,21.8,77,0
2023-06-21T00:00,0,0.185,21.8,77,0
2023-06-21T01:00,0,0.184,21.8,69,0
2023-06-21T02:00,0,0.184,22.1,66,0
2023-06-21T03:00,0,0.183,21.7,67,0
2023-06-21T04:00,0,0.183,21.4,68,0
2023-06-21T05:00,1,0.183,21.1,70,0
2023-06-21T06:00,55,0.183,21.9,70,0
2023-06-21T07:00,185,0.183,23.7,66,0
2023-06-21T08:00,331,0.182,24.8,62,0
2023-06-21T09:00,528,0.181,25.7,59,0
2023-06-21T10:00,680,0.18,26.5,56,0
2023-06-21T11:00,791,0.179,26.7,55,0
2023-06-21T12:00,840,0.177,27.1,51,0
2023-06-21T13:00,748,0.171,27.1,47,0
2023-06-21T14:00,859,0.17,27.1,45,0
2023-06-21T15:00,782,0.168,26.9,46,0
2023-06-21T16:00,652,0.167,27.1,46,0
2023-06-21T17:00,432,0.166,27.1,45,0
2023-06-21T18:00,257,0.165,26.8,44,0
2023-06-21T19:00,141,0.165,25.9,48,0
2023-06-21T20:00,51,0.165,24.9,50,0
2023-06-21T21:00,1,0.165,24.3,49,0
2023-06-21T22:00,0,0.164,23.9,50,0
2023-06-21T23:00,0,0.164,23.6,54,0
2023-06-22T00:00,0,0.164,23.4,57,0
2023-06-22T01:00,0,0.158,23.1,56,0
2023-06-22T02:00,0,0.157,23.6,51,0
2023-06-22T03:00,0,0.157,23.6,47,0
2023-06-22T04:00,0,0.157,23.9,45,0
2023-06-22T05:00,1,0.157,23.9,45,0
2023-06-22T06:00,46,0.157,24,50,0
2023-06-22T07:00,162,0.156,25.7,49,0
2023-06-22T08:00,353,0.156,28,34,0
2023-06-22T09:00,531,0.155,28.9,32,0
2023-06-22T10:00,682,0.154,29.6,32,0
2023-06-22T11:00,742,0.153,29.9,31,0
2023-06-22T12:00,856,0.151,30.1,30,0
2023-06-22T13:00,769,0.149,29.8,36,0
2023-06-22T14:00,682,0.148,29,42,0
2023-06-22T15:00,805,0.146,28.5,47,0
2023-06-22T16:00,320,0.146,27.5,49,0
2023-06-22T17:00,329,0.145,27.4,48,0
2023-06-22T18:00,152,0.145,26.3,51,0
2023-06-22T19:00,67,0.145,25.2,57,0
2023-06-22T20:00,50,0.145,23.7,64,0
2023-06-22T21:00,0,0.145,22.4,71,0
2023-06-22T22:00,0,0.145,22,71,0
2023-06-22T23:00,0,0.145,21.5,76,0
2023-06-23T00:00,0,0.145,21,78,0
2023-06-23T01:00,0,0.137,22.3,65,0
2023-06-23T02:00,0,0.137,21.1,76,0
2023-06-23T03:00,0,0.137,21.5,73,0
2023-06-23T04:00,0,0.137,20.7,76,0
2023-06-23T05:00,1,0.137,21.9,74,0
2023-06-23T06:00,55,0.137,22.5,77,0
2023-06-23T07:00,190,0.137,24.8,69,0
2023-06-23T08:00,361,0.137,27,58,0
2023-06-23T09:00,535,0.137,27.8,58,0
2023-06-23T10:00,689,0.136,27.9,58,0
2023-06-23T11:00,811,0.135,28,64,0
2023-06-23T12:00,870,0.135,28,72,0
2023-06-23T13:00,890,0.135,26.8,82,0
2023-06-23T14:00,746,0.135,27.6,75,0
2023-06-23T15:00,758,0.134,28.5,69,0
2023-06-23T16:00,670,0.134,28.8,67,0
2023-06-23T17:00,513,0.133,29,68,0
2023-06-23T18:00,355,0.133,29.2,65,0
2023-06-23T19:00,188,0.133,28.3,67,0
2023-06-23T20:00,52,0.133,25.9,84,0
2023-06-23T21:00,1,0.133,26.2,59,0
2023-06-23T22:00,0,0.133,25.8,40,0
2023-06-23T23:00,0,0.132,26.3,37,0
2023-06-24T00:00,0,0.132,26.4,35,0
2023-06-24T01:00,0,0.132,26.2,37,0
2023-06-24T02:00,0,0.132,25.9,38,0
2023-06-24T03:00,0,0.131,25.8,37,0
2023-06-24T04:00,0,0.131,25.3,38,0
2023-06-24T05:00,1,0.131,25.1,38,0
2023-06-24T06:00,58,0.131,25.2,39,0
2023-06-24T07:00,199,0.131,26.2,37,0
2023-06-24T08:00,371,0.131,27.1,35,0
2023-06-24T09:00,547,0.13,28.3,34,0
2023-06-24T10:00,703,0.13,29.5,32,0
2023-06-24T11:00,820,0.129,30.3,32,0
2023-06-24T12:00,895,0.128,30.8,33,0
2023-06-24T13:00,920,0.123,31.2,26,0
2023-06-24T14:00,896,0.122,31.9,26,0
2023-06-24T15:00,814,0.122,32,28,0
2023-06-24T16:00,691,0.121,31.5,32,0
2023-06-24T17:00,535,0.121,29.7,48,0
2023-06-24T18:00,363,0.121,29.9,43,0
2023-06-24T19:00,193,0.12,28.6,48,0
2023-06-24T20:00,54,0.12,27.2,57,0
2023-06-24T21:00,1,0.12,24.8,63,0
2023-06-24T22:00,0,0.12,25,53,0
2023-06-24T23:00,0,0.12,25.2,50,0
2023-06-25T00:00,0,0.12,25.1,49,0
2023-06-25T01:00,0,0.115,24.5,51,0
2023-06-25T02:00,0,0.115,24,52,0
2023-06-25T03:00,0,0.115,23.3,53,0
2023-06-25T04:00,0,0.115,22.6,56,0
2023-06-25T05:00,1,0.115,22.9,54,0
2023-06-25T06:00,56,0.115,24.2,53,0
2023-06-25T07:00,194,0.115,26.5,52,0
2023-06-25T08:00,364,0.115,28.6,38,0
2023-06-25T09:00,536,0.115,28.9,40,0
2023-06-25T10:00,689,0.114,27.8,60,0
2023-06-25T11:00,807,0.114,27.1,66,0
2023-06-25T12:00,877,0.114,27.9,51,0
2023-06-25T13:00,829,0.116,28.4,45,0
2023-06-25T14:00,831,0.116,28.5,47,0
2023-06-25T15:00,780,0.115,28.7,46,0
2023-06-25T16:00,677,0.115,28.2,53,0
2023-06-25T17:00,528,0.115,28.2,51,0
2023-06-25T18:00,358,0.115,28.1,50,0
2023-06-25T19:00,188,0.115,27.5,52,0
2023-06-25T20:00,53,0.115,25.9,62,0
2023-06-25T21:00,1,0.115,24.7,64,0
2023-06-25T22:00,0,0.115,24,65,0
2023-06-25T23:00,0,0.115,23.7,68,0
2023-06-26T00:00,0,0.115,23.2,73,0
2023-06-26T01:00,0,0.114,22.9,76,0
2023-06-26T02:00,0,0.114,22.3,77,0
2023-06-26T03:00,0,0.114,22.1,76,0
2023-06-26T04:00,0,0.114,22.1,76,0
2023-06-26T05:00,1,0.114,21.9,78,0
2023-06-26T06:00,54,0.114,23.5,72,0
2023-06-26T07:00,192,0.114,26.3,64,0
2023-06-26T08:00,361,0.114,26.9,62,0
2023-06-26T09:00,530,0.114,27.4,63,0
2023-06-26T10:00,681,0.114,27.5,66,0
2023-06-26T11:00,798,0.113,27.5,66,0
2023-06-26T12:00,871,0.113,28,61,0
2023-06-26T13:00,884,0.112,28.3,54,0
2023-06-26T14:00,866,0.112,29.2,49,0
2023-06-26T15:00,744,0.112,29.3,50,0
2023-06-26T16:00,616,0.112,28.7,60,0
2023-06-26T17:00,493,0.112,28.3,66,0
2023-06-26T18:00,333,0.112,27.8,68,0
2023-06-26T19:00,179,0.112,26.5,74,0
2023-06-26T20:00,49,0.112,25.3,82,0
2023-06-26T21:00,1,0.112,24.4,91,0
2023-06-26T22:00,0,0.112,23.8,95,0
2023-06-26T23:00,0,0.112,23.3,96,0
2023-06-27T00:00,0,0.112,22.8,96,0
2023-06-27T01:00,0,0.108,23.6,92,0
2023-06-27T02:00,0,0.108,23,94,0
2023-06-27T03:00,0,0.108,22.7,91,0
2023-06-27T04:00,0,0.108,22,93,0
2023-06-27T05:00,1,0.108,21.9,92,0
2023-06-27T06:00,49,0.108,23.4,87,0
2023-06-27T07:00,166,0.108,24,87,0
2023-06-27T08:00,336,0.108,25,83,0
2023-06-27T09:00,518,0.108,25.9,78,0
2023-06-27T10:00,671,0.108,26.5,73,0
2023-06-27T11:00,778,0.108,26.7,71,0
2023-06-27T12:00,772,0.108,26.6,72,0
2023-06-27T13:00,793,0.16,27.6,69,0
2023-06-27T14:00,816,0.159,28.1,63,0
2023-06-27T15:00,726,0.159,28.3,62,0
2023-06-27T16:00,525,0.158,27.3,68,0
2023-06-27T17:00,442,0.158,26.6,72,0
2023-06-27T18:00,303,0.158,26,76,0
2023-06-27T19:00,170,0.157,24.8,83,0
2023-06-27T20:00,47,0.157,23.8,89,0
2023-06-27T21:00,1,0.157,23,94,0
2023-06-27T22:00,0,0.158,22.6,96,0
2023-06-27T23:00,0,0.158,22.5,94,0
2023-06-28T00:00,0,0.158,21.9,94,0
2023-06-28T01:00,0,0.154,21.1,95,0
2023-06-28T02:00,0,0.154,22.1,82,0
2023-06-28T03:00,0,0.154,22.1,81,0
2023-06-28T04:00,0,0.154,22,83,0
2023-06-28T05:00,0,0.155,22,84,0
2023-06-28T06:00,48,0.155,23.4,76,0
2023-06-28T07:00,183,0.154,25.4,69,0
2023-06-28T08:00,355,0.154,26.9,62,0
2023-06-28T09:00,487,0.154,28.1,55,0
2023-06-28T10:00,646,0.153,29.1,50,0
2023-06-28T11:00,781,0.153,30,47,0
2023-06-28T12:00,877,0.152,30.9,44,0
2023-06-28T13:00,875,0.159,31.4,41,0
2023-06-28T14:00,794,0.161,29.7,55,0.4
2023-06-28T15:00,698,0.171,28.3,62,1.3
2023-06-28T16:00,617,0.173,28.1,65,0.3
2023-06-28T17:00,405,0.173,27.8,70,0.1
2023-06-28T18:00,278,0.173,27.7,69,0.1
2023-06-28T19:00,126,0.191,27,70,1.8
2023-06-28T20:00,48,0.289,24.9,77,7.1
2023-06-28T21:00,0,0.288,23.9,87,0
2023-06-28T22:00,0,0.287,23.5,91,0
2023-06-28T23:00,0,0.286,23.2,93,0
2023-06-29T00:00,0,0.286,22.7,92,0
2023-06-29T01:00,0,0.185,23.3,75,0.1
2023-06-29T02:00,0,0.184,23.8,73,0
2023-06-29T03:00,0,0.184,23.8,75,0
2023-06-29T04:00,0,0.184,23.2,78,0
2023-06-29T05:00,0,0.184,22.8,81,0
2023-06-29T06:00,42,0.184,23.5,79,0
2023-06-29T07:00,142,0.184,25,73,0
2023-06-29T08:00,262,0.184,25.7,69,0
2023-06-29T09:00,381,0.184,26.3,67,0.1
2023-06-29T10:00,410,0.184,26.3,64,0
2023-06-29T11:00,575,0.183,27,58,0
2023-06-29T12:00,593,0.182,27.1,56,0
2023-06-29T13:00,663,0.181,28.3,56,0
2023-06-29T14:00,723,0.18,27.7,58,0
2023-06-29T15:00,508,0.18,27.2,59,0.1
2023-06-29T16:00,623,0.18,28.3,54,0
2023-06-29T17:00,434,0.18,27.7,56,0.1
2023-06-29T18:00,253,0.179,27.2,57,0
2023-06-29T19:00,164,0.179,26.9,58,0
2023-06-29T20:00,40,0.179,25.8,67,0
2023-06-29T21:00,0,0.179,26.1,59,0
2023-06-29T22:00,0,0.179,24.2,74,0
2023-06-29T23:00,0,0.179,22.8,78,0
2023-06-30T00:00,0,0.179,21.3,86,0
2023-06-30T01:00,0,0.181,21.7,80,0
2023-06-30T02:00,0,0.181,21.4,80,0
2023-06-30T03:00,0,0.181,20.9,82,0
2023-06-30T04:00,0,0.181,20.9,81,0
2023-06-30T05:00,0,0.181,20.5,83,0
2023-06-30T06:00,26,0.181,21.6,80,0
2023-06-30T07:00,87,0.196,21.4,80,1.8
2023-06-30T08:00,154,0.196,22.5,75,0
2023-06-30T09:00,276,0.203,21.9,81,0.8
2023-06-30T10:00,85,0.217,20.6,90,1.3
2023-06-30T11:00,485,0.218,23,79,0.1
2023-06-30T12:00,605,0.218,23.9,75,0.1
2023-06-30T13:00,442,0.313,22.5,85,0
2023-06-30T14:00,436,0.313,23.4,80,0.3
2023-06-30T15:00,301,0.316,22.5,85,0.7
2023-06-30T16:00,321,0.339,21.8,82,2.2
2023-06-30T17:00,287,0.338,23.1,76,0.2
2023-06-30T18:00,251,0.347,21.9,81,1.2
2023-06-30T19:00,115,0.343,21.5,81,0
2023-06-30T20:00,19,0.339,21,81,0
2023-06-30T21:00,0,0.336,20.5,85,0
2023-06-30T22:00,0,0.334,20.1,89,0.1
2023-06-30T23:00,0,0.332,20,91,0
2023-07-01T00:00,0,0.329,19.3,94,0
2023-07-01T01:00,0,0.305,19.4,85,0
2023-07-01T02:00,0,0.304,19.1,84,0
2023-07-01T03:00,0,0.303,18.4,85,0
2023-07-01T04:00,0,0.301,18,86,0
2023-07-01T05:00,0,0.3,17.5,86,0
2023-07-01T06:00,46,0.299,19.1,83,0
2023-07-01T07:00,169,0.297,22.1,71,0
2023-07-01T08:00,320,0.296,22.8,75,0
2023-07-01T09:00,525,0.294,24,72,0
2023-07-01T10:00,680,0.292,24.9,70,0.1
2023-07-01T11:00,738,0.29,25.4,69,0.1
2023-07-01T12:00,801,0.288,26.1,65,0.1
2023-07-01T13:00,820,0.286,26.5,65,0.5
2023-07-01T14:00,828,0.287,26.9,63,0.5
2023-07-01T15:00,737,0.306,26.5,64,2.3
2023-07-01T16:00,586,0.312,26.1,67,1.1
2023-07-01T17:00,447,0.31,25.8,71,0
2023-07-01T18:00,299,0.308,25.1,71,0
2023-07-01T19:00,173,0.306,24.2,72,0
2023-07-01T20:00,52,0.305,22,84,0
2023-07-01T21:00,1,0.303,22.7,77,0
2023-07-01T22:00,0,0.302,20.1,90,0
2023-07-01T23:00,0,0.301,20.5,88,0
2023-07-02T00:00,0,0.3,20.1,90,0
2023-07-02T01:00,0,0.273,19.9,89,0
2023-07-02T02:00,0,0.272,20.5,87,0
2023-07-02T03:00,0,0.271,20.1,87,0
2023-07-02T04:00,0,0.271,19.8,85,0
2023-07-02T05:00,0,0.27,19.6,84,0
2023-07-02T06:00,50,0.27,21,80,0
2023-07-02T07:00,181,0.269,23,77,0
2023-07-02T08:00,340,0.268,24.5,73,0
2023-07-02T09:00,481,0.266,25.5,70,0
2023-07-02T10:00,571,0.266,25.8,73,0.1
2023-07-02T11:00,640,0.268,26.1,69,0.6
2023-07-02T12:00,656,0.277,25.6,73,1.2
2023-07-02T13:00,637,0.283,24.1,83,1
2023-07-02T14:00,675,0.282,25.4,73,0.1
2023-07-02T15:00,585,0.279,25.5,70,0
2023-07-02T16:00,621,0.277,25.7,68,0
2023-07-02T17:00,486,0.275,25.3,70,0
2023-07-02T18:00,335,0.274,25,71,0
2023-07-02T19:00,176,0.273,24.2,74,0
2023-07-02T20:00,46,0.272,23.2,80,0
2023-07-02T21:00,0,0.271,22.5,85,0
2023-07-02T22:00,0,0.271,22.1,88,0
2023-07-02T23:00,0,0.27,21.7,89,0
2023-07-03T00:00,0,0.27,21.3,91,0
2023-07-03T01:00,0,0.27,21.1,89,0
2023-07-03T02:00,0,0.269,21.1,89,0
2023-07-03T03:00,0,0.269,20.7,90,0
2023-07-03T04:00,0,0.268,20.1,92,0
2023-07-03T05:00,0,0.268,19.6,92,0
2023-07-03T06:00,41,0.267,20.5,91,0
2023-07-03T07:00,150,0.267,22.8,80,0
2023-07-03T08:00,324,0.265,24.1,74,0
2023-07-03T09:00,472,0.264,25.2,69,0
2023-07-03T10:00,570,0.262,25.9,66,0
2023-07-03T11:00,618,0.26,26.2,67,0
2023-07-03T12:00,702,0.258,26.3,68,0
2023-07-03T13:00,778,0.257,26.1,69,0
2023-07-03T14:00,610,0.255,25.7,72,0
2023-07-03T15:00,648,0.253,25.8,72,0
2023-07-03T16:00,576,0.251,25.7,69,0
2023-07-03T17:00,438,0.25,25.2,70,0
2023-07-03T18:00,286,0.249,24.6,73,0
2023-07-03T19:00,167,0.248,24.1,76,0
2023-07-03T20:00,46,0.248,23.2,81,0
2023-07-03T21:00,0,0.248,22.5,86,0
2023-07-03T22:00,0,0.247,22,89,0
2023-07-03T23:00,0,0.247,21.6,92,0
2023-07-04T00:00,0,0.247,21.3,93,0
2023-07-04T01:00,0,0.246,21.5,86,0
2023-07-04T02:00,0,0.246,22.7,80,0
2023-07-04T03:00,0,0.245,23,78,0
2023-07-04T04:00,0,0.245,22.5,81,0
2023-07-04T05:00,0,0.245,21.1,87,0
2023-07-04T06:00,34,0.245,22.4,79,0
2023-07-04T07:00,72,0.244,22.9,76,0
2023-07-04T08:00,195,0.244,24,70,0
2023-07-04T09:00,479,0.242,25.9,64,0
2023-07-04T10:00,645,0.242,26.8,60,0.2
2023-07-04T11:00,753,0.241,27.5,57,0.1
2023-07-04T12:00,773,0.241,27.5,58,0.2
2023-07-04T13:00,778,0.241,27.3,58,0.4
2023-07-04T14:00,784,0.246,26.2,67,0.7
2023-07-04T15:00,660,0.249,26,69,0.6
2023-07-04T16:00,472,0.248,25.5,73,0
2023-07-04T17:00,398,0.247,25,75,0
2023-07-04T18:00,303,0.246,24.6,77,0
2023-07-04T19:00,152,0.246,23.6,80,0
2023-07-04T20:00,42,0.245,22.9,83,0
2023-07-04T21:00,0,0.245,22.3,87,0
2023-07-04T22:00,0,0.245,22,88,0
2023-07-04T23:00,0,0.245,21.9,89,0
2023-07-05T00:00,0,0.244,21.2,90,0
2023-07-05T01:00,0,0.269,20.7,91,0
2023-07-05T02:00,0,0.268,21.4,89,0
2023-07-05T03:00,0,0.268,20.8,89,0
2023-07-05T04:00,0,0.268,20,91,0
2023-07-05T05:00,0,0.267,19.7,93,0
2023-07-05T06:00,33,0.267,21.1,87,0
2023-07-05T07:00,182,0.266,23.2,78,0
2023-07-05T08:00,329,0.265,24.7,73,0
2023-07-05T09:00,492,0.263,25.9,66,0
2023-07-05T10:00,559,0.261,26.7,61,0
2023-07-05T11:00,709,0.259,26.7,65,0
2023-07-05T12:00,770,0.263,26.5,66,0.8
2023-07-05T13:00,732,0.258,26.3,67,0
2023-07-05T14:00,723,0.256,26.6,66,0
2023-07-05T15:00,577,0.254,26.3,66,0
2023-07-05T16:00,497,0.252,26.3,65,0
2023-07-05T17:00,362,0.251,25.8,64,0
2023-07-05T18:00,259,0.25,25,68,0
2023-07-05T19:00,147,0.249,24.3,73,0
2023-07-05T20:00,41,0.249,23.2,81,0
2023-07-05T21:00,0,0.248,22.5,84,0
2023-07-05T22:00,0,0.248,22.1,87,0
2023-07-05T23:00,0,0.248,21.6,90,0
2023-07-06T00:00,0,0.247,21.1,91,0
2023-07-06T01:00,0,0.246,21.5,91,0
2023-07-06T02:00,0,0.246,22.4,89,0
2023-07-06T03:00,0,0.246,22.3,93,0
2023-07-06T04:00,0,0.246,22.1,93,0
2023-07-06T05:00,0,0.245,22.2,89,0
2023-07-06T06:00,38,0.245,22.5,86,0
2023-07-06T07:00,153,0.245,23.6,80,0
2023-07-06T08:00,349,0.244,25,70,0
2023-07-06T09:00,451,0.243,25.7,66,0.1
2023-07-06T10:00,500,0.242,26.3,63,0.1
2023-07-06T11:00,615,0.241,27.1,61,0
2023-07-06T12:00,785,0.239,27.9,61,0
2023-07-06T13:00,664,0.263,28,62,0
2023-07-06T14:00,720,0.261,27.6,63,0.1
2023-07-06T15:00,728,0.286,24.8,72,2.6
2023-07-06T16:00,526,0.294,26.5,64,0.8
2023-07-06T17:00,358,0.292,26.5,64,0
2023-07-06T18:00,296,0.29,26,65,0
2023-07-06T19:00,123,0.289,25.2,69,0
2023-07-06T20:00,48,0.288,24.1,75,0
2023-07-06T21:00,0,0.287,22.4,81,0
2023-07-06T22:00,0,0.286,21.3,84,0
2023-07-06T23:00,0,0.285,20.9,85,0
2023-07-07T00:00,0,0.285,20.6,84,0
2023-07-07T01:00,0,0.258,20.7,83,0
2023-07-07T02:00,0,0.258,20.7,81,0
2023-07-07T03:00,0,0.257,20.5,81,0
2023-07-07T04:00,0,0.257,20.5,80,0
2023-07-07T05:00,0,0.256,20.6,79,0
2023-07-07T06:00,46,0.256,21.6,77,0
2023-07-07T07:00,178,0.255,23.9,68,0
2023-07-07T08:00,346,0.254,25.5,63,0
2023-07-07T09:00,501,0.253,26.9,57,0
2023-07-07T10:00,617,0.251,27.9,54,0
2023-07-07T11:00,744,0.248,29,50,0
2023-07-07T12:00,823,0.246,29.4,49,0
2023-07-07T13:00,842,0.244,30.4,42,0
2023-07-07T14:00,818,0.242,30.4,42,0
2023-07-07T15:00,733,0.24,30,41,0
2023-07-07T16:00,625,0.238,29.7,44,0
2023-07-07T17:00,475,0.236,29.1,47,0
2023-07-07T18:00,307,0.235,28.7,50,0
2023-07-07T19:00,178,0.235,28.3,54,0
2023-07-07T20:00,40,0.234,26.7,56,0
2023-07-07T21:00,0,0.234,25.1,60,0
2023-07-07T22:00,0,0.234,25,67,0
2023-07-07T23:00,0,0.233,24.2,71,0
2023-07-08T00:00,0,0.233,23.6,72,0
2023-07-08T01:00,0,0.227,23.5,70,0
2023-07-08T02:00,0,0.227,23.2,70,0
2023-07-08T03:00,0,0.226,23.2,68,0
2023-07-08T04:00,0,0.23,23,67,0.4
2023-07-08T05:00,0,0.23,23.7,67,0.1
2023-07-08T06:00,30,0.23,24.2,67,0
2023-07-08T07:00,151,0.23,25.6,64,0
2023-07-08T08:00,312,0.229,26.6,59,0
2023-07-08T09:00,486,0.228,27.9,56,0
2023-07-08T10:00,669,0.226,28.8,53,0
2023-07-08T11:00,803,0.224,30,45,0
2023-07-08T12:00,844,0.222,30.5,45,0
2023-07-08T13:00,859,0.215,32.1,43,0
2023-07-08T14:00,806,0.213,32.4,43,0
2023-07-08T15:00,707,0.212,32.3,42,0
2023-07-08T16:00,632,0.21,32.1,40,0
2023-07-08T17:00,498,0.209,31.1,44,0
2023-07-08T18:00,351,0.208,30.4,45,0
2023-07-08T19:00,182,0.207,29.6,47,0
2023-07-08T20:00,51,0.207,28,58,0
2023-07-08T21:00,0,0.207,26.2,65,0
2023-07-08T22:00,0,0.206,24.8,72,0
2023-07-08T23:00,0,0.206,24.2,72,0
2023-07-09T00:00,0,0.206,24.5,68,0
2023-07-09T01:00,0,0.201,23.3,73,0
2023-07-09T02:00,0,0.201,23.7,71,0
2023-07-09T03:00,0,0.201,23.5,71,0
2023-07-09T04:00,0,0.201,23.2,71,0
2023-07-09T05:00,0,0.201,22.8,72,0
2023-07-09T06:00,45,0.201,23.8,70,0
2023-07-09T07:00,181,0.2,27.1,63,0
2023-07-09T08:00,353,0.2,29.7,54,0
2023-07-09T09:00,526,0.199,31.3,45,0
2023-07-09T10:00,680,0.197,32.5,39,0
2023-07-09T11:00,802,0.196,33.1,39,0
2023-07-09T12:00,878,0.194,33.2,40,0
2023-07-09T13:00,887,0.192,32.7,41,0
2023-07-09T14:00,867,0.19,32.6,41,0
2023-07-09T15:00,731,0.189,32.2,42,0
2023-07-09T16:00,637,0.188,32.1,41,0
2023-07-09T17:00,484,0.187,31.6,43,0
2023-07-09T18:00,326,0.186,30.9,47,0
2023-07-09T19:00,184,0.185,30.1,53,0
2023-07-09T20:00,50,0.185,29.2,53,0
2023-07-09T21:00,0,0.185,27,71,0
2023-07-09T22:00,0,0.185,26.5,70,0
2023-07-09T23:00,0,0.185,26.2,65,0
2023-07-10T00:00,0,0.185,25.3,69,0
2023-07-10T01:00,0,0.178,24.8,67,0
2023-07-10T02:00,0,0.178,24.5,71,0
2023-07-10T03:00,0,0.178,24.5,70,0
2023-07-10T04:00,0,0.178,24.4,70,0
2023-07-10T05:00,0,0.178,24.2,69,0
2023-07-10T06:00,43,0.178,25.2,68,0
2023-07-10T07:00,177,0.177,28.8,64,0
2023-07-10T08:00,347,0.177,30.8,47,0
2023-07-10T09:00,519,0.176,31.3,47,0
2023-07-10T10:00,672,0.175,31.4,51,0
2023-07-10T11:00,790,0.174,31.7,49,0
2023-07-10T12:00,856,0.173,32.3,45,0
2023-07-10T13:00,845,0.175,32.4,44,0
2023-07-10T14:00,828,0.174,32.2,45,0
2023-07-10T15:00,705,0.173,31.7,47,0
2023-07-10T16:00,627,0.172,31.4,49,0
2023-07-10T17:00,499,0.171,30.7,52,0
2023-07-10T18:00,342,0.17,29.5,57,0
2023-07-10T19:00,182,0.17,28.2,62,0
2023-07-10T20:00,50,0.17,27.4,66,0
2023-07-10T21:00,0,0.17,26.5,71,0
2023-07-10T22:00,0,0.17,25.9,73,0
2023-07-10T23:00,0,0.17,25.4,78,0
2023-07-11T00:00,0,0.17,24.9,78,0
2023-07-11T01:00,0,0.172,26.7,62,0
2023-07-11T02:00,0,0.172,25.1,71,0
2023-07-11T03:00,0,0.172,24.6,72,0
2023-07-11T04:00,0,0.172,24.4,71,0
2023-07-11T05:00,0,0.172,23.8,72,0
2023-07-11T06:00,42,0.172,25.4,63,0
2023-07-11T07:00,176,0.171,27.5,53,0
2023-07-11T08:00,346,0.171,28.7,50,0
2023-07-11T09:00,519,0.17,29.5,52,0
2023-07-11T10:00,673,0.169,29.9,58,0
2023-07-11T11:00,791,0.168,30.2,64,0
2023-07-11T12:00,866,0.167,30.4,66,0
2023-07-11T13:00,839,0.177,30.1,70,0
2023-07-11T14:00,829,0.176,29.8,72,0
2023-07-11T15:00,745,0.175,29.7,70,0
2023-07-11T16:00,450,0.175,28.3,76,0
2023-07-11T17:00,500,0.174,28.6,73,0
2023-07-11T18:00,269,0.173,27.6,75,0
2023-07-11T19:00,185,0.173,26.8,76,0
2023-07-11T20:00,50,0.173,25.6,83,0
2023-07-11T21:00,0,0.173,24.5,92,0
2023-07-11T22:00,0,0.173,24,91,0
2023-07-11T23:00,0,0.173,24,85,0
2023-07-12T00:00,0,0.173,24.1,78,0
2023-07-12T01:00,0,0.174,23.7,86,0
2023-07-12T02:00,0,0.174,23.9,85,0
2023-07-12T03:00,0,0.174,23.5,88,0
2023-07-12T04:00,0,0.174,22.9,91,0
2023-07-12T05:00,0,0.174,22.7,90,0
2023-07-12T06:00,34,0.174,23.7,82,0
2023-07-12T07:00,127,0.174,26,77,0
2023-07-12T08:00,285,0.173,27.6,71,0
2023-07-12T09:00,508,0.173,28.7,66,0
2023-07-12T10:00,669,0.172,29.2,63,0
2023-07-12T11:00,780,0.171,29.3,63,0
2023-07-12T12:00,853,0.17,29.7,62,0
2023-07-12T13:00,842,0.174,29.8,63,0
2023-07-12T14:00,854,0.173,30.1,62,0
2023-07-12T15:00,681,0.172,29.4,66,0.1
2023-07-12T16:00,480,0.174,28.7,72,0.2
2023-07-12T17:00,370,0.174,28.3,74,0.1
2023-07-12T18:00,260,0.173,28.3,68,0
2023-07-12T19:00,171,0.173,27,75,0
2023-07-12T20:00,41,0.173,25.8,84,0
2023-07-12T21:00,0,0.173,25.2,89,0
2023-07-12T22:00,0,0.173,24.6,89,0
2023-07-12T23:00,0,0.173,24.1,88,0
2023-07-13T00:00,0,0.173,24.5,83,0
2023-07-13T01:00,0,0.17,25.3,87,0
2023-07-13T02:00,0,0.17,25.4,87,0.1
2023-07-13T03:00,0,0.17,25.3,89,0
2023-07-13T04:00,0,0.17,25,92,0
2023-07-13T05:00,0,0.17,24.3,94,0
2023-07-13T06:00,24,0.17,24.9,89,0
2023-07-13T07:00,160,0.17,25.9,82,0
2023-07-13T08:00,304,0.17,26.8,76,0
2023-07-13T09:00,437,0.176,27.1,72,0.8
2023-07-13T10:00,420,0.177,27.8,68,0.2
2023-07-13T11:00,675,0.179,29.4,62,0.3
2023-07-13T12:00,701,0.179,29.7,59,0.1
2023-07-13T13:00,622,0.179,28.2,66,0.8
2023-07-13T14:00,762,0.179,29.5,65,0.1
2023-07-13T15:00,681,0.18,29.5,66,0.2
2023-07-13T16:00,539,0.186,28.8,70,0.8
2023-07-13T17:00,424,0.188,28,74,0.4
2023-07-13T18:00,257,0.188,27.4,77,0
2023-07-13T19:00,128,0.188,27,79,0
2023-07-13T20:00,38,0.188,25.7,87,0
2023-07-13T21:00,0,0.188,25.2,89,0
2023-07-13T22:00,0,0.188,24.7,89,0
2023-07-13T23:00,0,0.188,24.4,89,0
2023-07-14T00:00,0,0.188,24.1,87,0
2023-07-14T01:00,0,0.181,24.1,85,0
2023-07-14T02:00,0,0.181,24.1,85,0
2023-07-14T03:00,0,0.181,24.1,84,0
2023-07-14T04:00,0,0.181,23.8,80,0
2023-07-14T05:00,0,0.181,24.5,74,0
2023-07-14T06:00,32,0.181,24.8,74,0
2023-07-14T07:00,147,0.181,26.3,67,0
2023-07-14T08:00,268,0.18,27.3,64,0
2023-07-14T09:00,472,0.18,28.6,59,0
2023-07-14T10:00,592,0.179,29.4,56,0.1
2023-07-14T11:00,720,0.178,30.2,52,0
2023-07-14T12:00,736,0.178,30,54,0
2023-07-14T13:00,761,0.185,28.9,62,0.2
2023-07-14T14:00,796,0.189,29.3,61,0.6
2023-07-14T15:00,737,0.191,29.2,62,0.4
2023-07-14T16:00,600,0.191,28.7,67,0.1
2023-07-14T17:00,464,0.19,28.3,70,0
2023-07-14T18:00,310,0.189,27.5,73,0
2023-07-14T19:00,171,0.189,26.6,76,0
2023-07-14T20:00,40,0.189,25.9,80,0
2023-07-14T21:00,0,0.189,25.3,84,0
2023-07-14T22:00,0,0.189,24.7,89,0
2023-07-14T23:00,0,0.189,25,83,0
2023-07-15T00:00,0,0.189,24.8,85,0
2023-07-15T01:00,0,0.186,23.7,87,0
2023-07-15T02:00,0,0.186,22.8,88,0
2023-07-15T03:00,0,0.186,22,89,0
2023-07-15T04:00,0,0.186,21.6,89,0
2023-07-15T05:00,0,0.186,21.1,89,0
2023-07-15T06:00,36,0.185,22.2,85,0
2023-07-15T07:00,168,0.185,25.5,73,0
2023-07-15T08:00,336,0.185,26.6,66,0
2023-07-15T09:00,508,0.184,27.6,63,0
2023-07-15T10:00,663,0.183,28.5,63,0
2023-07-15T11:00,783,0.182,29.5,58,0
2023-07-15T12:00,629,0.182,28.4,69,0.1
2023-07-15T13:00,563,0.18,28.4,69,0.1
2023-07-15T14:00,714,0.18,28.4,72,0
2023-07-15T15:00,654,0.179,28.7,68,0
2023-07-15T16:00,615,0.178,28.3,69,0
2023-07-15T17:00,478,0.177,28,66,0
2023-07-15T18:00,353,0.177,27.6,65,0
2023-07-15T19:00,187,0.176,26.7,71,0
2023-07-15T20:00,48,0.176,25.3,84,0
2023-07-15T21:00,0,0.176,24.8,83,0
2023-07-15T22:00,0,0.176,23.9,86,0
2023-07-15T23:00,0,0.176,23.8,80,0
2023-07-16T00:00,0,0.176,23.4,79,0
2023-07-16T01:00,0,0.176,22.5,78,0
2023-07-16T02:00,0,0.176,22.7,73,0
2023-07-16T03:00,0,0.176,22.6,69,0
2023-07-16T04:00,0,0.176,22.3,68,0
2023-07-16T05:00,0,0.176,21.5,73,0
2023-07-16T06:00,35,0.176,22.6,75,0
2023-07-16T07:00,145,0.175,25.7,74,0
2023-07-16T08:00,267,0.175,27,71,0
2023-07-16T09:00,416,0.174,28.2,68,0
2023-07-16T10:00,629,0.174,29,68,0
2023-07-16T11:00,726,0.173,29.5,68,0
2023-07-16T12:00,724,0.172,29.3,68,0
2023-07-16T13:00,643,0.178,29.1,75,0
2023-07-16T14:00,734,0.177,29.5,72,0
2023-07-16T15:00,698,0.176,29.7,68,0
2023-07-16T16:00,564,0.176,29.5,68,0
2023-07-16T17:00,486,0.175,29,72,0
2023-07-16T18:00,338,0.175,28.3,77,0
2023-07-16T19:00,156,0.174,27.4,79,0
2023-07-16T20:00,45,0.174,26,89,0
2023-07-16T21:00,0,0.174,24.9,96,0
2023-07-16T22:00,0,0.174,24.5,96,0
2023-07-16T23:00,0,0.174,24.1,95,0
2023-07-17T00:00,0,0.174,23.4,93,0
2023-07-17T01:00,0,0.175,22.4,90,0
2023-07-17T02:00,0,0.175,23.6,84,0
2023-07-17T03:00,0,0.175,23.1,82,0
2023-07-17T04:00,0,0.175,22.7,83,0
2023-07-17T05:00,0,0.175,22.9,82,0
2023-07-17T06:00,35,0.175,23.6,81,0
2023-07-17T07:00,166,0.175,25.3,79,0
2023-07-17T08:00,335,0.175,26.8,70,0
2023-07-17T09:00,507,0.174,28,65,0
2023-07-17T10:00,659,0.173,28.8,64,0
2023-07-17T11:00,770,0.172,29.4,63,0
2023-07-17T12:00,834,0.171,29.6,64,0
2023-07-17T13:00,866,0.18,29.3,66,0
2023-07-17T14:00,782,0.179,29.2,65,0
2023-07-17T15:00,704,0.178,29.2,65,0
2023-07-17T16:00,626,0.177,28.6,68,0
2023-07-17T17:00,487,0.176,28.2,70,0
2023-07-17T18:00,295,0.176,27.6,74,0
2023-07-17T19:00,179,0.176,27,78,0
2023-07-17T20:00,43,0.176,25.9,84,0
2023-07-17T21:00,0,0.176,25,89,0
2023-07-17T22:00,0,0.176,24.6,91,0
2023-07-17T23:00,0,0.176,24.6,91,0
2023-07-18T00:00,0,0.175,24.4,92,0
2023-07-18T01:00,0,0.175,24.1,92,0
2023-07-18T02:00,0,0.175,24.2,91,0
2023-07-18T03:00,0,0.175,23.9,94,0
2023-07-18T04:00,0,0.175,23.8,94,0
2023-07-18T05:00,0,0.175,23.9,94,0
2023-07-18T06:00,18,0.175,24.2,92,0
2023-07-18T07:00,89,0.175,25.1,87,0
2023-07-18T08:00,270,0.175,26.9,78,0
2023-07-18T09:00,452,0.174,28.1,73,0
2023-07-18T10:00,630,0.173,28.8,70,0
2023-07-18T11:00,746,0.172,29.2,69,0
2023-07-18T12:00,822,0.171,29.3,70,0
2023-07-18T13:00,883,0.184,29.1,70,0
2023-07-18T14:00,779,0.183,29.8,68,0
2023-07-18T15:00,699,0.182,29.2,72,0
2023-07-18T16:00,633,0.181,29.1,73,0
2023-07-18T17:00,499,0.18,28.7,74,0
2023-07-18T18:00,337,0.179,27.7,78,0
2023-07-18T19:00,170,0.179,26.8,83,0
2023-07-18T20:00,41,0.179,25.7,90,0
2023-07-18T21:00,0,0.179,24.9,94,0
2023-07-18T22:00,0,0.179,24.8,94,0
2023-07-18T23:00,0,0.179,24.6,95,0
2023-07-19T00:00,0,0.179,24.4,96,0
2023-07-19T01:00,0,0.178,24.2,96,0
2023-07-19T02:00,0,0.178,24.7,93,0
2023-07-19T03:00,0,0.178,24.4,93,0
2023-07-19T04:00,0,0.178,24.4,93,0
2023-07-19T05:00,0,0.178,24.2,94,0
2023-07-19T06:00,19,0.178,24.5,92,0
2023-07-19T07:00,64,0.177,25.3,88,0
2023-07-19T08:00,185,0.177,25.8,85,0
2023-07-19T09:00,325,0.177,27.4,77,0
2023-07-19T10:00,592,0.176,29.3,69,0
2023-07-19T11:00,725,0.175,29.4,69,0
2023-07-19T12:00,803,0.174,29.8,66,0
2023-07-19T13:00,737,0.187,28.1,76,0
2023-07-19T14:00,617,0.186,29.6,71,0
2023-07-19T15:00,321,0.185,28,77,0
2023-07-19T16:00,280,0.185,28.1,77,0
2023-07-19T17:00,337,0.184,27.9,80,0
2023-07-19T18:00,334,0.184,28,80,0
2023-07-19T19:00,172,0.183,27.3,83,0
2023-07-19T20:00,42,0.183,26,89,0
2023-07-19T21:00,0,0.183,25,93,0
2023-07-19T22:00,0,0.183,24.8,93,0
2023-07-19T23:00,0,0.183,24.3,94,0
2023-07-20T00:00,0,0.183,23.8,95,0
2023-07-20T01:00,0,0.191,23.5,86,0
2023-07-20T02:00,0,0.191,24.7,85,0
2023-07-20T03:00,0,0.191,24.6,88,0
2023-07-20T04:00,0,0.191,25.1,83,0
2023-07-20T05:00,0,0.191,25.2,88,0
2023-07-20T06:00,15,0.191,24.9,94,0
2023-07-20T07:00,129,0.191,26.4,71,0
2023-07-20T08:00,328,0.19,29.3,61,0
2023-07-20T09:00,521,0.189,30.8,57,0
2023-07-20T10:00,683,0.188,32,50,0
2023-07-20T11:00,796,0.187,32.9,47,0
2023-07-20T12:00,807,0.185,32.5,48,0
2023-07-20T13:00,827,0.202,29.7,69,0.5
2023-07-20T14:00,725,0.201,30.5,66,0
2023-07-20T15:00,712,0.199,30.4,64,0
2023-07-20T16:00,620,0.198,30.2,62,0
2023-07-20T17:00,454,0.197,29.4,66,0
2023-07-20T18:00,290,0.196,28.5,70,0
2023-07-20T19:00,173,0.196,27.6,75,0
2023-07-20T20:00,42,0.196,26.1,87,0
2023-07-20T21:00,0,0.196,25.4,93,0
2023-07-20T22:00,0,0.196,25.3,93,0
2023-07-20T23:00,0,0.196,25.4,92,0
2023-07-21T00:00,0,0.196,25,94,0
2023-07-21T01:00,0,0.192,25.3,94,0
2023-07-21T02:00,0,0.192,25.5,91,0
2023-07-21T03:00,0,0.192,25.2,91,0
2023-07-21T04:00,0,0.192,25.1,90,0
2023-07-21T05:00,0,0.192,25,87,0
2023-07-21T06:00,20,0.192,25.1,85,0
2023-07-21T07:00,92,0.192,25.8,81,0
2023-07-21T08:00,274,0.192,27.5,70,0
2023-07-21T09:00,429,0.191,28.8,62,0
2023-07-21T10:00,623,0.19,30.2,57,0
2023-07-21T11:00,662,0.192,30,56,0.4
2023-07-21T12:00,603,0.196,28.8,66,0.7
2023-07-21T13:00,656,0.202,29.6,68,0.9
2023-07-21T14:00,721,0.2,30.1,67,0
2023-07-21T15:00,705,0.2,30.7,65,0.1
2023-07-21T16:00,618,0.2,30,65,0.2
2023-07-21T17:00,456,0.199,29.6,62,0
2023-07-21T18:00,279,0.199,28.4,69,0
2023-07-21T19:00,166,0.198,27.2,79,0
2023-07-21T20:00,36,0.198,26.4,83,0
2023-07-21T21:00,0,0.198,26,82,0
2023-07-21T22:00,0,0.198,26.2,80,0
2023-07-21T23:00,0,0.198,24.7,86,0
2023-07-22T00:00,0,0.198,24,86,0
2023-07-22T01:00,0,0.196,24.2,86,0
2023-07-22T02:00,0,0.196,23.6,88,0
2023-07-22T03:00,0,0.196,23.3,89,0
2023-07-22T04:00,0,0.196,22.7,91,0
2023-07-22T05:00,0,0.196,22.6,90,0
2023-07-22T06:00,23,0.196,23.4,86,0
2023-07-22T07:00,123,0.195,25.4,77,0
2023-07-22T08:00,284,0.195,26.9,71,0
2023-07-22T09:00,477,0.194,28.2,66,0
2023-07-22T10:00,628,0.193,29.1,62,0
2023-07-22T11:00,767,0.193,28.6,64,0.1
2023-07-22T12:00,597,0.199,27.7,70,0.9
2023-07-22T13:00,817,0.197,28.3,70,0.1
2023-07-22T14:00,803,0.196,28.9,68,0
2023-07-22T15:00,619,0.195,28.5,67,0
2023-07-22T16:00,574,0.194,28.6,61,0
2023-07-22T17:00,469,0.193,28.5,60,0
2023-07-22T18:00,355,0.192,28.3,64,0
2023-07-22T19:00,169,0.192,27.2,70,0
2023-07-22T20:00,39,0.192,25.6,78,0
2023-07-22T21:00,0,0.192,24.5,84,0
2023-07-22T22:00,0,0.192,23.4,86,0
2023-07-22T23:00,0,0.191,23,84,0
2023-07-23T00:00,0,0.191,22.6,86,0
2023-07-23T01:00,0,0.191,21.8,93,0
2023-07-23T02:00,0,0.191,21.6,88,0
2023-07-23T03:00,0,0.191,21.6,84,0
2023-07-23T04:00,0,0.191,20.8,91,0
2023-07-23T05:00,0,0.191,20.2,93,0
2023-07-23T06:00,29,0.191,21,86,0
2023-07-23T07:00,159,0.191,24.7,75,0
2023-07-23T08:00,327,0.19,26.6,64,0
2023-07-23T09:00,509,0.189,27.9,60,0
2023-07-23T10:00,670,0.188,29,56,0
2023-07-23T11:00,782,0.187,29.8,54,0
2023-07-23T12:00,855,0.186,29.9,54,0
2023-07-23T13:00,860,0.195,29.2,63,0
2023-07-23T14:00,675,0.194,29.6,60,0
2023-07-23T15:00,681,0.193,29.2,61,0
2023-07-23T16:00,542,0.192,28.5,63,0
2023-07-23T17:00,448,0.191,28.2,65,0
2023-07-23T18:00,336,0.191,27.7,66,0
2023-07-23T19:00,171,0.19,26.8,68,0
2023-07-23T20:00,37,0.19,25.3,77,0
2023-07-23T21:00,0,0.19,24.3,86,0
2023-07-23T22:00,0,0.19,23.8,86,0
2023-07-23T23:00,0,0.19,23.5,87,0
2023-07-24T00:00,0,0.19,23.3,89,0
2023-07-24T01:00,0,0.186,22.6,86,0
2023-07-24T02:00,0,0.186,22.9,84,0
2023-07-24T03:00,0,0.186,22.2,86,0
2023-07-24T04:00,0,0.186,22.2,83,0
2023-07-24T05:00,0,0.189,22.5,82,0.4
2023-07-24T06:00,26,0.189,22.5,80,0
2023-07-24T07:00,149,0.189,24.7,73,0
2023-07-24T08:00,288,0.189,26.3,72,0
2023-07-24T09:00,494,0.188,28,65,0
2023-07-24T10:00,581,0.187,29.3,59,0
2023-07-24T11:00,669,0.186,29.6,62,0
2023-07-24T12:00,866,0.185,30.2,61,0
2023-07-24T13:00,875,0.195,29.6,75,0
2023-07-24T14:00,757,0.195,30,73,0.1
2023-07-24T15:00,583,0.198,29.3,77,0.5
2023-07-24T16:00,484,0.198,30.1,69,0
2023-07-24T17:00,362,0.197,29.5,69,0
2023-07-24T18:00,260,0.196,28.7,72,0
2023-07-24T19:00,139,0.196,28.1,76,0
2023-07-24T20:00,29,0.196,26.8,84,0
2023-07-24T21:00,0,0.196,26.1,89,0
2023-07-24T22:00,0,0.196,26.1,87,0
2023-07-24T23:00,0,0.196,25.7,87,0
2023-07-25T00:00,0,0.196,25,87,0
2023-07-25T01:00,0,0.189,24.9,88,0
2023-07-25T02:00,0,0.189,24.8,79,0
2023-07-25T03:00,0,0.189,23.2,85,0
2023-07-25T04:00,0,0.189,23.1,92,0
2023-07-25T05:00,0,0.189,22.7,95,0
2023-07-25T06:00,10,0.189,23.5,86,0
2023-07-25T07:00,110,0.189,24.7,80,0
2023-07-25T08:00,304,0.188,25.9,75,0
2023-07-25T09:00,487,0.188,26.6,70,0
2023-07-25T10:00,557,0.187,27.1,67,0
2023-07-25T11:00,624,0.186,26.9,68,0
2023-07-25T12:00,651,0.187,27.4,67,0.2
2023-07-25T13:00,712,0.192,29.7,54,0
2023-07-25T14:00,696,0.191,30.2,53,0.1
2023-07-25T15:00,584,0.19,30,57,0
2023-07-25T16:00,591,0.191,29.2,62,0.2
2023-07-25T17:00,472,0.19,29.1,59,0
2023-07-25T18:00,304,0.189,28.3,64,0
2023-07-25T19:00,159,0.189,26.3,71,0
2023-07-25T20:00,33,0.189,25.3,77,0
2023-07-25T21:00,0,0.189,25.2,55,0
2023-07-25T22:00,0,0.189,24.6,33,0
2023-07-25T23:00,0,0.188,24.5,33,0
2023-07-26T00:00,0,0.188,23.5,38,0
2023-07-26T01:00,0,0.192,21.2,55,0
2023-07-26T02:00,0,0.192,22.9,36,0
2023-07-26T03:00,0,0.192,23.1,32,0
2023-07-26T04:00,0,0.192,23.1,33,0
2023-07-26T05:00,0,0.191,22.4,35,0
2023-07-26T06:00,26,0.191,21.6,40,0
2023-07-26T07:00,155,0.191,23.2,42,0
2023-07-26T08:00,328,0.19,24.8,33,0
2023-07-26T09:00,496,0.189,25.7,32,0
2023-07-26T10:00,667,0.188,26.8,32,0
2023-07-26T11:00,786,0.187,28.1,31,0
2023-07-26T12:00,865,0.186,29,30,0
2023-07-26T13:00,872,0.18,29.2,31,0
2023-07-26T14:00,790,0.182,28.1,41,0.4
2023-07-26T15:00,695,0.181,28.2,42,0.1
2023-07-26T16:00,609,0.18,27.9,40,0
2023-07-26T17:00,499,0.18,27.5,36,0
2023-07-26T18:00,327,0.179,26.7,37,0
2023-07-26T19:00,168,0.179,25.9,40,0
2023-07-26T20:00,34,0.178,23.9,57,0
2023-07-26T21:00,0,0.178,22.9,57,0
2023-07-26T22:00,0,0.178,22,54,0
2023-07-26T23:00,0,0.178,20.8,58,0
2023-07-27T00:00,0,0.178,20.3,57,0
2023-07-27T01:00,0,0.174,19.1,59,0
2023-07-27T02:00,0,0.174,18.4,61,0
2023-07-27T03:00,0,0.174,17.9,61,0
2023-07-27T04:00,0,0.173,17,60,0
2023-07-27T05:00,0,0.173,16.6,58,0
2023-07-27T06:00,24,0.173,17.8,57,0
2023-07-27T07:00,151,0.173,21.7,51,0
2023-07-27T08:00,325,0.173,24.8,40,0
2023-07-27T09:00,504,0.172,26.3,35,0
2023-07-27T10:00,662,0.171,27.5,32,0
2023-07-27T11:00,789,0.17,28.4,30,0
2023-07-27T12:00,869,0.169,28.8,32,0
2023-07-27T13:00,896,0.173,28.3,36,0
2023-07-27T14:00,872,0.172,27.7,43,0
2023-07-27T15:00,795,0.171,27.3,48,0
2023-07-27T16:00,671,0.17,26.9,49,0
2023-07-27T17:00,494,0.169,26.4,54,0
2023-07-27T18:00,337,0.169,25,64,0
2023-07-27T19:00,162,0.169,23.9,69,0
2023-07-27T20:00,32,0.168,22.8,75,0
2023-07-27T21:00,0,0.168,22.7,74,0
2023-07-27T22:00,0,0.168,21.6,82,0
2023-07-27T23:00,0,0.168,21.3,80,0
2023-07-28T00:00,0,0.168,20.7,82,0
2023-07-28T01:00,0,0.167,20.2,82,0
2023-07-28T02:00,0,0.167,20.1,80,0
2023-07-28T03:00,0,0.167,19.7,82,0
2023-07-28T04:00,0,0.167,19.6,80,0
2023-07-28T05:00,0,0.167,20.1,78,0
2023-07-28T06:00,9,0.167,20.6,74,0
2023-07-28T07:00,63,0.167,21.7,68,0
2023-07-28T08:00,130,0.167,22.6,69,0
2023-07-28T09:00,327,0.166,24.2,62,0
2023-07-28T10:00,519,0.166,25.4,57,0
2023-07-28T11:00,707,0.165,27,52,0
2023-07-28T12:00,723,0.165,26.3,64,0
2023-07-28T13:00,740,0.172,25.5,67,0.4
2023-07-28T14:00,526,0.174,25.2,70,0.2
2023-07-28T15:00,455,0.178,25.2,71,0.6
2023-07-28T16:00,318,0.182,24.8,77,0.6
2023-07-28T17:00,239,0.184,24.6,80,0.2
2023-07-28T18:00,143,0.186,24.3,82,0.2
2023-07-28T19:00,93,0.186,23.7,85,0.1
2023-07-28T20:00,17,0.187,23.1,90,0.1
2023-07-28T21:00,0,0.188,22.7,93,0.1
2023-07-28T22:00,0,0.19,22.7,94,0.2
2023-07-28T23:00,0,0.19,22.6,94,0.1
2023-07-29T00:00,0,0.191,22.5,95,0
2023-07-29T01:00,0,0.189,22.4,97,0.1
2023-07-29T02:00,0,0.19,22.5,95,0.1
2023-07-29T03:00,0,0.191,22.3,96,0.2
2023-07-29T04:00,0,0.192,22.2,96,0.2
2023-07-29T05:00,0,0.193,22.1,97,0.2
2023-07-29T06:00,9,0.195,22.1,97,0.2
2023-07-29T07:00,54,0.198,22.4,93,0.2
2023-07-29T08:00,122,0.198,22.8,89,0.1
2023-07-29T09:00,224,0.199,23.3,86,0.1
2023-07-29T10:00,451,0.199,24.5,77,0.1
2023-07-29T11:00,689,0.199,25.8,70,0.1
2023-07-29T12:00,696,0.199,26,69,0.1
2023-07-29T13:00,568,0.194,25.7,68,0
2023-07-29T14:00,651,0.193,25.5,71,0.1
2023-07-29T15:00,577,0.194,25,75,0.2
2023-07-29T16:00,353,0.194,24.6,77,0.1
2023-07-29T17:00,281,0.194,24.2,79,0.1
2023-07-29T18:00,169,0.194,23.9,82,0.1
2023-07-29T19:00,85,0.195,23.3,85,0
2023-07-29T20:00,16,0.195,22.8,87,0
2023-07-29T21:00,0,0.195,22.6,88,0
2023-07-29T22:00,0,0.195,22.5,88,0
2023-07-29T23:00,0,0.195,22.5,89,0
2023-07-30T00:00,0,0.195,22.6,89,0
2023-07-30T01:00,0,0.195,22.2,89,0
2023-07-30T02:00,0,0.195,22.1,91,0
2023-07-30T03:00,0,0.195,22,93,0
2023-07-30T04:00,0,0.195,21.9,94,0
2023-07-30T05:00,0,0.195,22.2,93,0
2023-07-30T06:00,8,0.195,22.3,93,0
2023-07-30T07:00,53,0.195,22.7,91,0
2023-07-30T08:00,147,0.195,23.8,82,0
2023-07-30T09:00,328,0.194,25.4,74,0
2023-07-30T10:00,480,0.194,26.9,67,0
2023-07-30T11:00,661,0.193,27.8,64,0
2023-07-30T12:00,824,0.191,28.8,61,0
2023-07-30T13:00,836,0.197,28.5,66,0
2023-07-30T14:00,723,0.195,28.3,66,0
2023-07-30T15:00,695,0.194,28.5,64,0
2023-07-30T16:00,575,0.193,27.8,66,0
2023-07-30T17:00,456,0.192,27,71,0
2023-07-30T18:00,306,0.192,26.2,77,0
2023-07-30T19:00,129,0.191,25.2,80,0
2023-07-30T20:00,24,0.191,24.5,79,0
2023-07-30T21:00,0,0.191,24.4,77,0
2023-07-30T22:00,0,0.191,24,77,0
2023-07-30T23:00,0,0.191,23.8,78,0
2023-07-31T00:00,0,0.191,23.6,78,0
2023-07-31T01:00,0,0.19,23.4,75,0
2023-07-31T02:00,0,0.19,23,76,0
2023-07-31T03:00,0,0.19,22.6,76,0
2023-07-31T04:00,0,0.19,22.1,76,0
2023-07-31T05:00,0,0.19,21.4,73,0
2023-07-31T06:00,19,0.19,21.9,69,0
2023-07-31T07:00,130,0.189,24.8,65,0
2023-07-31T08:00,274,0.189,26.7,59,0
2023-07-31T09:00,411,0.188,27.5,59,0
2023-07-31T10:00,621,0.187,28.7,56,0
2023-07-31T11:00,758,0.186,29.5,56,0
2023-07-31T12:00,780,0.186,29.5,59,0.1
2023-07-31T13:00,807,0.193,28.1,71,0.1
2023-07-31T14:00,756,0.196,28.1,70,0.5
2023-07-31T15:00,584,0.196,28.1,69,0.1
2023-07-31T16:00,576,0.195,28.5,64,0
2023-07-31T17:00,434,0.195,27.7,67,0
2023-07-31T18:00,293,0.194,26.4,76,0
2023-07-31T19:00,133,0.194,25.4,82,0
2023-07-31T20:00,23,0.194,24.3,89,0
2023-07-31T21:00,0,0.194,23.6,94,0
2023-07-31T22:00,0,0.194,23.1,96,0
2023-07-31T23:00,0,0.194,22.8,96,0
2023-08-01T00:00,0,0.194,22.5,96,0
2023-08-01T01:00,0,0.188,22.3,94,0
2023-08-01T02:00,0,0.188,23.2,88,0
2023-08-01T03:00,0,0.188,21.6,96,0
2023-08-01T04:00,0,0.188,21.4,95,0
2023-08-01T05:00,0,0.188,21.7,91,0
2023-08-01T06:00,17,0.188,21.9,86,0
2023-08-01T07:00,117,0.188,23,78,0
2023-08-01T08:00,182,0.188,23.8,75,0
2023-08-01T09:00,382,0.187,25.1,69,0
2023-08-01T10:00,483,0.187,25.8,67,0
2023-08-01T11:00,683,0.186,26.9,64,0
2023-08-01T12:00,717,0.185,27.6,60,0
2023-08-01T13:00,664,0.188,25.5,72,0
2023-08-01T14:00,635,0.188,26.1,70,0
2023-08-01T15:00,550,0.187,26,70,0
2023-08-01T16:00,563,0.186,26.2,68,0
2023-08-01T17:00,309,0.185,24.7,69,0
2023-08-01T18:00,260,0.185,24.1,70,0
2023-08-01T19:00,110,0.185,23.3,76,0
2023-08-01T20:00,24,0.185,22.3,82,0
2023-08-01T21:00,0,0.184,22.3,82,0
2023-08-01T22:00,0,0.184,22.4,83,0
2023-08-01T23:00,0,0.184,22.1,84,0
2023-08-02T00:00,0,0.184,21.2,88,0
2023-08-02T01:00,0,0.186,20.7,91,0
2023-08-02T02:00,0,0.186,21,88,0
2023-08-02T03:00,0,0.186,21.2,83,0
2023-08-02T04:00,0,0.185,21.3,78,0
2023-08-02T05:00,0,0.185,21.4,74,0
2023-08-02T06:00,17,0.185,21.8,73,0
2023-08-02T07:00,126,0.185,23.8,71,0
2023-08-02T08:00,281,0.185,25.1,71,0
2023-08-02T09:00,456,0.184,26.4,68,0
2023-08-02T10:00,625,0.183,27.3,65,0
2023-08-02T11:00,711,0.183,27.8,64,0
2023-08-02T12:00,538,0.182,27.4,67,0
2023-08-02T13:00,727,0.191,26.9,70,0
2023-08-02T14:00,635,0.191,27,73,0.1
2023-08-02T15:00,437,0.191,26,77,0.1
2023-08-02T16:00,377,0.19,25.7,77,0
2023-08-02T17:00,337,0.19,25.3,77,0
2023-08-02T18:00,282,0.189,24.5,78,0
2023-08-02T19:00,131,0.189,23.6,79,0
2023-08-02T20:00,23,0.189,22.7,82,0
2023-08-02T21:00,0,0.189,22,87,0
2023-08-02T22:00,0,0.189,21.6,89,0
2023-08-02T23:00,0,0.189,21.3,91,0
2023-08-03T00:00,0,0.189,20.8,91,0
2023-08-03T01:00,0,0.19,20.8,86,0
2023-08-03T02:00,0,0.19,20.6,89,0
2023-08-03T03:00,0,0.19,20.1,90,0
2023-08-03T04:00,0,0.19,19.9,86,0
2023-08-03T05:00,0,0.19,20.1,83,0
2023-08-03T06:00,15,0.19,20.9,81,0
2023-08-03T07:00,126,0.189,23.5,79,0
2023-08-03T08:00,273,0.189,24.8,76,0
2023-08-03T09:00,448,0.188,26.5,66,0
2023-08-03T10:00,621,0.188,28.5,60,0
2023-08-03T11:00,738,0.186,30.8,39,0
2023-08-03T12:00,789,0.185,31.4,35,0
2023-08-03T13:00,506,0.197,30.8,42,0
2023-08-03T14:00,766,0.196,30.6,41,0
2023-08-03T15:00,696,0.194,30.6,39,0
2023-08-03T16:00,607,0.193,30.4,37,0
2023-08-03T17:00,499,0.192,30,39,0
2023-08-03T18:00,313,0.192,29.1,42,0
2023-08-03T19:00,151,0.191,27.8,48,0
2023-08-03T20:00,24,0.191,25.2,61,0
2023-08-03T21:00,0,0.191,23.9,64,0
2023-08-03T22:00,0,0.191,22.1,88,0
2023-08-03T23:00,0,0.191,21.9,86,0
2023-08-04T00:00,0,0.191,21.5,83,0
2023-08-04T01:00,0,0.19,22.3,79,0
2023-08-04T02:00,0,0.19,22.4,80,0
2023-08-04T03:00,0,0.19,21.5,80,0
2023-08-04T04:00,0,0.19,20.4,82,0
2023-08-04T05:00,0,0.19,20.7,81,0
2023-08-04T06:00,13,0.19,20.6,79,0
2023-08-04T07:00,117,0.19,23,71,0
2023-08-04T08:00,216,0.19,24.2,64,0
2023-08-04T09:00,255,0.189,24.2,60,0
2023-08-04T10:00,500,0.189,25.2,54,0
2023-08-04T11:00,548,0.188,24.7,56,0
2023-08-04T12:00,560,0.187,25.6,51,0
2023-08-04T13:00,736,0.191,25.8,55,0.1
2023-08-04T14:00,451,0.204,22.6,75,1.4
2023-08-04T15:00,619,0.205,25.5,49,0.2
2023-08-04T16:00,616,0.205,24.8,49,0
2023-08-04T17:00,347,0.204,24.2,52,0
2023-08-04T18:00,306,0.203,23.2,58,0
2023-08-04T19:00,120,0.203,22,59,0
2023-08-04T20:00,18,0.203,21.1,61,0
2023-08-04T21:00,0,0.203,21.1,63,0
2023-08-04T22:00,0,0.203,20.2,67,0
2023-08-04T23:00,0,0.202,19.6,67,0
2023-08-05T00:00,0,0.202,19.3,63,0
2023-08-05T01:00,0,0.189,19.4,73,0
2023-08-05T02:00,0,0.189,18.3,80,0
2023-08-05T03:00,0,0.189,17.6,82,0
2023-08-05T04:00,0,0.189,17.3,78,0
2023-08-05T05:00,0,0.189,16.7,78,0
2023-08-05T06:00,14,0.189,16.4,81,0
2023-08-05T07:00,126,0.189,19.8,78,0
2023-08-05T08:00,301,0.189,24.3,49,0
2023-08-05T09:00,480,0.188,25.8,47,0
2023-08-05T10:00,643,0.188,27.1,42,0
2023-08-05T11:00,772,0.186,28.3,35,0
2023-08-05T12:00,853,0.185,28.6,37,0
2023-08-05T13:00,876,0.184,29.7,34,0
2023-08-05T14:00,854,0.183,29.4,38,0
2023-08-05T15:00,753,0.182,28.9,38,0
2023-08-05T16:00,653,0.181,28.9,34,0
2023-08-05T17:00,493,0.18,28.4,36,0
2023-08-05T18:00,318,0.18,28,33,0
2023-08-05T19:00,144,0.179,26.3,40,0
2023-08-05T20:00,20,0.179,24.6,40,0
2023-08-05T21:00,0,0.179,23.5,42,0
2023-08-05T22:00,0,0.179,22.5,46,0
2023-08-05T23:00,0,0.179,21.6,50,0
2023-08-06T00:00,0,0.179,20.5,54,0
2023-08-06T01:00,0,0.178,20.7,41,0
2023-08-06T02:00,0,0.178,19.5,49,0
2023-08-06T03:00,0,0.178,18.7,51,0
2023-08-06T04:00,0,0.178,18.8,52,0
2023-08-06T05:00,0,0.178,18.8,53,0
2023-08-06T06:00,14,0.178,18.6,51,0
2023-08-06T07:00,135,0.178,20.8,50,0
2023-08-06T08:00,315,0.177,24.1,43,0
2023-08-06T09:00,498,0.177,25.4,43,0
2023-08-06T10:00,660,0.176,26,49,0
2023-08-06T11:00,788,0.175,26.5,53,0
2023-08-06T12:00,871,0.174,27.4,50,0
2023-08-06T13:00,902,0.173,28,45,0
2023-08-06T14:00,848,0.172,28.4,42,0
2023-08-06T15:00,749,0.171,28.1,40,0
2023-08-06T16:00,641,0.171,27.3,39,0
2023-08-06T17:00,483,0.17,27.2,35,0
2023-08-06T18:00,316,0.169,27,35,0
2023-08-06T19:00,143,0.169,26.2,50,0
2023-08-06T20:00,19,0.169,23.4,51,0
2023-08-06T21:00,0,0.169,23.6,33,0
2023-08-06T22:00,0,0.169,23.7,26,0
2023-08-06T23:00,0,0.169,23.1,27,0
2023-08-07T00:00,0,0.169,22.1,29,0
2023-08-07T01:00,0,0.17,22.2,26,0
2023-08-07T02:00,0,0.17,21,30,0
2023-08-07T03:00,0,0.17,20.5,32,0
2023-08-07T04:00,0,0.17,20.3,32,0
2023-08-07T05:00,0,0.17,19.9,33,0
2023-08-07T06:00,13,0.169,20.1,33,0
2023-08-07T07:00,128,0.169,21.1,33,0
2023-08-07T08:00,305,0.169,22.6,32,0
2023-08-07T09:00,490,0.168,23.9,29,0
2023-08-07T10:00,657,0.168,25.1,28,0
2023-08-07T11:00,791,0.167,26.2,26,0
2023-08-07T12:00,879,0.166,27.2,25,0
2023-08-07T13:00,905,0.165,28.4,22,0
2023-08-07T14:00,868,0.164,28.8,22,0
2023-08-07T15:00,784,0.163,26.8,36,0
2023-08-07T16:00,652,0.162,26.8,38,0
2023-08-07T17:00,482,0.162,26.6,33,0
2023-08-07T18:00,312,0.161,26.1,35,0
2023-08-07T19:00,137,0.161,24.6,44,0
2023-08-07T20:00,18,0.161,22.3,65,0
2023-08-07T21:00,0,0.161,21.5,59,0
2023-08-07T22:00,0,0.161,21.3,52,0
2023-08-07T23:00,0,0.161,20.9,51,0
2023-08-08T00:00,0,0.161,20.1,50,0
2023-08-08T01:00,0,0.159,20.4,46,0
2023-08-08T02:00,0,0.159,18.4,52,0
2023-08-08T03:00,0,0.159,17.4,55,0
2023-08-08T04:00,0,0.159,16.8,56,0
2023-08-08T05:00,0,0.159,15.8,56,0
2023-08-08T06:00,12,0.159,16.2,54,0
2023-08-08T07:00,110,0.159,19.8,54,0
2023-08-08T08:00,295,0.158,23.7,46,0
2023-08-08T09:00,479,0.158,24.8,40,0
2023-08-08T10:00,641,0.158,25.6,38,0
2023-08-08T11:00,765,0.157,26.1,38,0
2023-08-08T12:00,845,0.156,26.5,38,0
2023-08-08T13:00,877,0.155,26.2,37,0
2023-08-08T14:00,851,0.155,26.4,33,0
2023-08-08T15:00,775,0.154,25.8,36,0
2023-08-08T16:00,632,0.154,25.5,39,0
2023-08-08T17:00,490,0.153,24.9,41,0
2023-08-08T18:00,311,0.153,24,45,0
2023-08-08T19:00,134,0.153,22.7,50,0
2023-08-08T20:00,16,0.153,21.2,60,0
2023-08-08T21:00,0,0.153,20.4,62,0
2023-08-08T22:00,0,0.153,20.1,60,0
2023-08-08T23:00,0,0.153,20,58,0
2023-08-09T00:00,0,0.153,19.2,65,0
2023-08-09T01:00,0,0.157,18.8,67,0
2023-08-09T02:00,0,0.157,19,64,0
2023-08-09T03:00,0,0.157,21,40,0
2023-08-09T04:00,0,0.157,19.8,47,0
2023-08-09T05:00,0,0.157,17.9,60,0
2023-08-09T06:00,10,0.157,18.2,56,0
2023-08-09T07:00,103,0.157,20.6,50,0
2023-08-09T08:00,278,0.157,22.6,51,0
2023-08-09T09:00,455,0.156,24,50,0
2023-08-09T10:00,599,0.156,24.9,48,0
2023-08-09T11:00,733,0.155,25.4,50,0
2023-08-09T12:00,803,0.155,25.6,51,0
2023-08-09T13:00,850,0.158,25.7,53,0
2023-08-09T14:00,837,0.158,26.1,49,0
2023-08-09T15:00,761,0.157,25.9,47,0
2023-08-09T16:00,636,0.156,25.6,48,0
2023-08-09T17:00,473,0.156,25.1,50,0
2023-08-09T18:00,299,0.156,24.2,52,0
2023-08-09T19:00,128,0.155,22.7,60,0
2023-08-09T20:00,14,0.155,21.5,77,0
2023-08-09T21:00,0,0.155,21.1,64,0
2023-08-09T22:00,0,0.155,20.7,64,0
2023-08-09T23:00,0,0.155,19.9,69,0
2023-08-10T00:00,0,0.155,19.4,74,0
2023-08-10T01:00,0,0.151,18.7,80,0
2023-08-10T02:00,0,0.151,18.8,76,0
2023-08-10T03:00,0,0.151,19.3,71,0
2023-08-10T04:00,0,0.151,20.9,60,0
2023-08-10T05:00,0,0.151,19.3,69,0
2023-08-10T06:00,10,0.151,18.8,72,0
2023-08-10T07:00,114,0.151,21.3,65,0
2023-08-10T08:00,282,0.151,24.1,57,0
2023-08-10T09:00,459,0.151,25.5,56,0
2023-08-10T10:00,619,0.15,26.6,55,0
2023-08-10T11:00,743,0.15,27,56,0
2023-08-10T12:00,821,0.149,27.3,55,0
2023-08-10T13:00,848,0.155,27.5,55,0
2023-08-10T14:00,827,0.154,28.1,53,0
2023-08-10T15:00,745,0.153,27.8,54,0
2023-08-10T16:00,613,0.153,27.6,53,0
2023-08-10T17:00,430,0.153,27.1,55,0
2023-08-10T18:00,189,0.152,25.8,60,0
2023-08-10T19:00,120,0.152,24.6,65,0
2023-08-10T20:00,12,0.152,23.8,67,0
2023-08-10T21:00,0,0.152,22.6,77,0
2023-08-10T22:00,0,0.152,22,77,0
2023-08-10T23:00,0,0.152,21.4,80,0
2023-08-11T00:00,0,0.152,22.3,72,0
2023-08-11T01:00,0,0.155,20.2,83,0
2023-08-11T02:00,0,0.155,20.4,79,0
2023-08-11T03:00,0,0.155,19.7,79,0
2023-08-11T04:00,0,0.155,19.1,79,0
2023-08-11T05:00,0,0.155,18.9,78,0
2023-08-11T06:00,9,0.155,19.3,75,0
2023-08-11T07:00,110,0.155,22.9,67,0
2023-08-11T08:00,276,0.155,26.4,55,0
2023-08-11T09:00,452,0.155,28.3,49,0
2023-08-11T10:00,611,0.154,30,43,0
2023-08-11T11:00,736,0.154,31.2,41,0
2023-08-11T12:00,816,0.153,31.9,40,0
2023-08-11T13:00,845,0.158,31.6,44,0
2023-08-11T14:00,784,0.158,30.7,52,0
2023-08-11T15:00,710,0.157,29.7,54,0
2023-08-11T16:00,604,0.156,29.5,52,0
2023-08-11T17:00,456,0.156,29.4,51,0
2023-08-11T18:00,288,0.156,29.2,51,0
2023-08-11T19:00,120,0.155,28,62,0
2023-08-11T20:00,12,0.155,26.6,66,0
2023-08-11T21:00,0,0.156,25.2,74,0
2023-08-11T22:00,0,0.156,24.8,72,0
2023-08-11T23:00,0,0.156,24.5,70,0
2023-08-12T00:00,0,0.156,23.5,73,0
2023-08-12T01:00,0,0.152,22.2,76,0
2023-08-12T02:00,0,0.152,21.9,78,0
2023-08-12T03:00,0,0.152,21.4,81,0
2023-08-12T04:00,0,0.152,21,82,0
2023-08-12T05:00,0,0.152,21,81,0
2023-08-12T06:00,8,0.152,21.3,80,0
2023-08-12T07:00,106,0.152,24.6,71,0
2023-08-12T08:00,270,0.152,27.8,58,0
2023-08-12T09:00,446,0.151,29.3,52,0
2023-08-12T10:00,604,0.151,30.3,49,0
2023-08-12T11:00,730,0.15,30.3,53,0
2023-08-12T12:00,808,0.15,30.1,56,0
2023-08-12T13:00,796,0.149,29.8,61,0
2023-08-12T14:00,666,0.149,30.4,57,0
2023-08-12T15:00,618,0.148,30,57,0
2023-08-12T16:00,505,0.148,29.8,54,0
2023-08-12T17:00,417,0.148,29.2,55,0
2023-08-12T18:00,260,0.147,28.2,60,0
2023-08-12T19:00,109,0.147,27.3,64,0
2023-08-12T20:00,10,0.147,25.8,76,0
2023-08-12T21:00,0,0.147,25.2,75,0
2023-08-12T22:00,0,0.147,24.8,76,0
2023-08-12T23:00,0,0.147,24.3,75,0
2023-08-13T00:00,0,0.147,23.8,76,0
2023-08-13T01:00,0,0.146,23.6,77,0
2023-08-13T02:00,0,0.146,23.2,81,0
2023-08-13T03:00,0,0.146,23.2,79,0
2023-08-13T04:00,0,0.146,23.1,77,0
2023-08-13T05:00,0,0.146,22.3,79,0
2023-08-13T06:00,7,0.146,22,80,0
2023-08-13T07:00,103,0.146,25.3,71,0
2023-08-13T08:00,266,0.146,28.7,57,0
2023-08-13T09:00,440,0.146,29.9,55,0
2023-08-13T10:00,598,0.146,30.7,54,0
2023-08-13T11:00,722,0.145,31.3,51,0
2023-08-13T12:00,786,0.145,31.6,50,0
2023-08-13T13:00,804,0.145,31.3,51,0
2023-08-13T14:00,699,0.144,31.6,50,0
2023-08-13T15:00,670,0.144,31.4,49,0
2023-08-13T16:00,530,0.143,31.2,47,0
2023-08-13T17:00,415,0.143,31,46,0
2023-08-13T18:00,259,0.143,30.3,49,0
2023-08-13T19:00,108,0.143,28.7,57,0
2023-08-13T20:00,9,0.143,26.9,68,0
2023-08-13T21:00,0,0.143,25.9,74,0
2023-08-13T22:00,0,0.143,25.4,71,0
2023-08-13T23:00,0,0.143,24.5,73,0
2023-08-14T00:00,0,0.143,23.7,78,0
2023-08-14T01:00,0,0.142,24.1,74,0
2023-08-14T02:00,0,0.142,23.1,79,0
2023-08-14T03:00,0,0.142,23.3,81,0
2023-08-14T04:00,0,0.142,22.6,85,0
2023-08-14T05:00,0,0.142,22.1,86,0
2023-08-14T06:00,7,0.142,22.5,82,0
2023-08-14T07:00,101,0.142,25.8,70,0
2023-08-14T08:00,265,0.142,28.8,60,0
2023-08-14T09:00,441,0.142,30.3,54,0
2023-08-14T10:00,600,0.142,30.9,55,0
2023-08-14T11:00,712,0.142,30.7,59,0.1
2023-08-14T12:00,760,0.142,31.2,57,0
2023-08-14T13:00,727,0.143,32.3,49,0
2023-08-14T14:00,757,0.142,32.7,48,0
2023-08-14T15:00,734,0.142,31.8,52,0
2023-08-14T16:00,526,0.142,31.2,52,0
2023-08-14T17:00,428,0.142,30.9,52,0
2023-08-14T18:00,264,0.141,30.4,51,0
2023-08-14T19:00,106,0.141,29.2,66,0
2023-08-14T20:00,9,0.141,27.8,66,0
2023-08-14T21:00,0,0.141,27,63,0
2023-08-14T22:00,0,0.141,24.9,72,0
2023-08-14T23:00,0,0.141,23.3,79,0
2023-08-15T00:00,0,0.141,22.3,84,0
2023-08-15T01:00,0,0.141,22.4,80,0
2023-08-15T02:00,0,0.141,22.9,80,0
2023-08-15T03:00,0,0.141,23.1,81,0
2023-08-15T04:00,0,0.141,22.9,83,0
2023-08-15T05:00,0,0.141,22.3,85,0
2023-08-15T06:00,6,0.141,22.2,85,0
2023-08-15T07:00,101,0.141,25.3,73,0
2023-08-15T08:00,268,0.141,28.4,62,0
2023-08-15T09:00,444,0.141,29.5,59,0
2023-08-15T10:00,604,0.141,30.2,58,0
2023-08-15T11:00,729,0.14,31.1,53,0
2023-08-15T12:00,804,0.14,31.2,52,0
2023-08-15T13:00,682,0.14,31.7,45,0
2023-08-15T14:00,797,0.139,31.8,47,0
2023-08-15T15:00,700,0.139,31.2,46,0
2023-08-15T16:00,521,0.139,30.7,42,0
2023-08-15T17:00,418,0.138,30.5,39,0
2023-08-15T18:00,258,0.138,29.3,43,0
2023-08-15T19:00,103,0.138,28,57,0
2023-08-15T20:00,8,0.138,26.7,60,0
2023-08-15T21:00,0,0.138,25.5,60,0
2023-08-15T22:00,0,0.138,25,60,0
2023-08-15T23:00,0,0.138,24.2,66,0
2023-08-16T00:00,0,0.138,23.6,70,0
2023-08-16T01:00,0,0.138,24.1,64,0
2023-08-16T02:00,0,0.138,23.8,65,0
2023-08-16T03:00,0,0.138,22.7,69,0
2023-08-16T04:00,0,0.138,21.6,77,0
2023-08-16T05:00,0,0.138,20.8,84,0
2023-08-16T06:00,6,0.138,20.7,88,0
2023-08-16T07:00,98,0.138,24.4,75,0
2023-08-16T08:00,264,0.138,28,61,0
2023-08-16T09:00,441,0.137,29.4,56,0
2023-08-16T10:00,599,0.137,30.1,57,0
2023-08-16T11:00,722,0.137,30.1,60,0
2023-08-16T12:00,790,0.137,29.8,61,0
2023-08-16T13:00,707,0.136,30.3,60,0
2023-08-16T14:00,709,0.136,30.8,56,0
2023-08-16T15:00,575,0.136,30.4,54,0
2023-08-16T16:00,439,0.136,30,52,0
2023-08-16T17:00,365,0.136,29.5,51,0
2023-08-16T18:00,250,0.136,29,51,0
2023-08-16T19:00,101,0.135,27.7,57,0
2023-08-16T20:00,7,0.136,26.3,66,0
2023-08-16T21:00,0,0.136,25.3,69,0
2023-08-16T22:00,0,0.135,24.8,68,0
2023-08-16T23:00,0,0.135,23.7,73,0
2023-08-17T00:00,0,0.135,22.8,80,0
2023-08-17T01:00,0,0.135,24.2,57,0
2023-08-17T02:00,0,0.135,23,63,0
2023-08-17T03:00,0,0.135,22.2,71,0
2023-08-17T04:00,0,0.135,21.6,79,0
2023-08-17T05:00,0,0.135,20.8,85,0
2023-08-17T06:00,5,0.135,20.7,86,0
2023-08-17T07:00,95,0.135,24.4,71,0
2023-08-17T08:00,258,0.135,28.7,54,0
2023-08-17T09:00,433,0.135,30.4,48,0
2023-08-17T10:00,593,0.135,31,44,0
2023-08-17T11:00,718,0.135,31.2,44,0
2023-08-17T12:00,781,0.135,31.3,45,0
2023-08-17T13:00,796,0.134,31,44,0
2023-08-17T14:00,734,0.134,32.4,39,0
2023-08-17T15:00,700,0.134,31.4,46,0
2023-08-17T16:00,378,0.134,30.1,48,0
2023-08-17T17:00,302,0.134,30.5,42,0
2023-08-17T18:00,239,0.134,29.3,48,0
2023-08-17T19:00,97,0.134,27.6,58,0
2023-08-17T20:00,6,0.134,26.4,72,0
2023-08-17T21:00,0,0.134,25.5,69,0
2023-08-17T22:00,0,0.134,24.9,67,0
2023-08-17T23:00,0,0.134,23.8,71,0
2023-08-18T00:00,0,0.134,23.3,74,0
2023-08-18T01:00,0,0.129,22.9,71,0
2023-08-18T02:00,0,0.129,22.9,70,0
2023-08-18T03:00,0,0.129,22.1,73,0
2023-08-18T04:00,0,0.129,21.6,75,0
2023-08-18T05:00,0,0.129,21.5,76,0
2023-08-18T06:00,4,0.129,21.6,76,0
2023-08-18T07:00,93,0.129,25.1,66,0
2023-08-18T08:00,257,0.129,29.5,53,0
2023-08-18T09:00,434,0.129,31.2,48,0
2023-08-18T10:00,594,0.129,31.6,48,0
2023-08-18T11:00,718,0.129,31.5,53,0
2023-08-18T12:00,795,0.129,31.7,54,0
2023-08-18T13:00,670,0.133,31.9,50,0
2023-08-18T14:00,773,0.133,32.3,49,0
2023-08-18T15:00,691,0.132,32.1,49,0
2023-08-18T16:00,549,0.132,31.6,50,0
2023-08-18T17:00,386,0.132,30.8,51,0
2023-08-18T18:00,242,0.132,30,55,0
2023-08-18T19:00,95,0.132,28.8,62,0
2023-08-18T20:00,5,0.132,27.7,70,0
2023-08-18T21:00,0,0.132,26.8,74,0
2023-08-18T22:00,0,0.132,25.7,76,0
2023-08-18T23:00,0,0.132,25.7,72,0
2023-08-19T00:00,0,0.132,25.5,72,0
2023-08-19T01:00,0,0.132,24.1,73,0
2023-08-19T02:00,0,0.132,23,76,0
2023-08-19T03:00,0,0.132,22.5,77,0
2023-08-19T04:00,0,0.132,22.1,78,0
2023-08-19T05:00,0,0.132,22,77,0
2023-08-19T06:00,4,0.132,22.1,74,0
2023-08-19T07:00,84,0.132,25.2,65,0
2023-08-19T08:00,229,0.132,30.2,51,0
2023-08-19T09:00,424,0.132,32.1,42,0
2023-08-19T10:00,593,0.132,32.6,47,0
2023-08-19T11:00,717,0.132,32.8,50,0
2023-08-19T12:00,796,0.131,33.2,46,0
2023-08-19T13:00,822,0.131,33.5,42,0
2023-08-19T14:00,784,0.13,34.3,38,0
2023-08-19T15:00,637,0.13,33.6,39,0
2023-08-19T16:00,533,0.13,33.2,39,0
2023-08-19T17:00,394,0.13,32.8,39,0
2023-08-19T18:00,239,0.13,32.1,41,0
2023-08-19T19:00,90,0.13,31,46,0
2023-08-19T20:00,4,0.13,29.5,51,0
2023-08-19T21:00,0,0.13,28.7,53,0
2023-08-19T22:00,0,0.13,27.5,57,0
2023-08-19T23:00,0,0.13,26.6,62,0
2023-08-20T00:00,0,0.13,26.1,63,0
2023-08-20T01:00,0,0.13,24.6,67,0
2023-08-20T02:00,0,0.13,24.7,66,0
2023-08-20T03:00,0,0.13,24.4,67,0
2023-08-20T04:00,0,0.13,24.1,68,0
2023-08-20T05:00,0,0.13,23.8,69,0
2023-08-20T06:00,3,0.13,23.9,69,0
2023-08-20T07:00,88,0.13,27.1,61,0
2023-08-20T08:00,249,0.13,31,50,0
2023-08-20T09:00,424,0.13,32.9,45,0
2023-08-20T10:00,582,0.13,34.2,42,0
2023-08-20T11:00,706,0.13,35.2,39,0
2023-08-20T12:00,786,0.13,35.5,40,0
2023-08-20T13:00,812,0.127,34.9,45,0
2023-08-20T14:00,784,0.127,35.2,44,0
2023-08-20T15:00,607,0.127,35.5,41,0
2023-08-20T16:00,570,0.127,35.5,40,0
2023-08-20T17:00,419,0.127,35.3,39,0
2023-08-20T18:00,248,0.127,35.2,40,0
2023-08-20T19:00,86,0.127,33.9,48,0
2023-08-20T20:00,4,0.127,31.8,50,0
2023-08-20T21:00,0,0.127,30.2,52,0
2023-08-20T22:00,0,0.127,28.3,57,0
2023-08-20T23:00,0,0.127,27.6,60,0
2023-08-21T00:00,0,0.127,27.2,62,0
2023-08-21T01:00,0,0.129,27.9,57,0
2023-08-21T02:00,0,0.129,28.4,54,0
2023-08-21T03:00,0,0.129,28.2,54,0
2023-08-21T04:00,0,0.129,27.5,55,0
2023-08-21T05:00,0,0.129,27,55,0
2023-08-21T06:00,3,0.129,26.9,56,0
2023-08-21T07:00,84,0.129,29,52,0
2023-08-21T08:00,247,0.129,32.3,45,0
2023-08-21T09:00,422,0.129,34.3,38,0
2023-08-21T10:00,582,0.128,35.5,32,0
2023-08-21T11:00,710,0.128,36.4,29,0
2023-08-21T12:00,791,0.128,37,27,0
2023-08-21T13:00,818,0.128,37.8,26,0
2023-08-21T14:00,788,0.128,37.7,28,0
2023-08-21T15:00,710,0.128,35.6,36,0
2023-08-21T16:00,586,0.127,35.5,29,0
2023-08-21T17:00,427,0.127,35.6,26,0
2023-08-21T18:00,251,0.127,34.9,28,0
2023-08-21T19:00,87,0.127,33.6,32,0
2023-08-21T20:00,3,0.127,31.6,36,0
2023-08-21T21:00,0,0.127,29.4,44,0
2023-08-21T22:00,0,0.127,28.1,53,0
2023-08-21T23:00,0,0.127,27.5,55,0
2023-08-22T00:00,0,0.127,27.2,55,0
2023-08-22T01:00,0,0.127,26.7,51,0
2023-08-22T02:00,0,0.127,26.4,53,0
2023-08-22T03:00,0,0.127,25.8,56,0
2023-08-22T04:00,0,0.127,25.5,56,0
2023-08-22T05:00,0,0.127,25.6,55,0
2023-08-22T06:00,3,0.127,26.1,53,0
2023-08-22T07:00,85,0.127,28.8,48,0
2023-08-22T08:00,250,0.127,32.5,42,0
2023-08-22T09:00,426,0.127,34.2,37,0
2023-08-22T10:00,587,0.127,35.7,31,0
2023-08-22T11:00,712,0.127,36.1,32,0
2023-08-22T12:00,789,0.127,35.4,40,0
2023-08-22T13:00,817,0.127,34.9,40,0
2023-08-22T14:00,787,0.126,36,33,0
2023-08-22T15:00,705,0.126,36.4,29,0
2023-08-22T16:00,579,0.126,36.3,30,0
2023-08-22T17:00,412,0.126,36.2,31,0
2023-08-22T18:00,241,0.126,35.9,32,0
2023-08-22T19:00,80,0.126,34.6,35,0
2023-08-22T20:00,3,0.126,32.4,41,0
2023-08-22T21:00,0,0.126,30.7,46,0
2023-08-22T22:00,0,0.126,29.3,49,0
2023-08-22T23:00,0,0.126,28.4,53,0
2023-08-23T00:00,0,0.126,27.8,55,0
2023-08-23T01:00,0,0.126,27.1,54,0
2023-08-23T02:00,0,0.126,26.9,53,0
2023-08-23T03:00,0,0.126,27.1,50,0
2023-08-23T04:00,0,0.126,27.1,49,0
2023-08-23T05:00,0,0.126,26.3,52,0
2023-08-23T06:00,2,0.126,25.6,54,0
2023-08-23T07:00,81,0.126,28.1,51,0
2023-08-23T08:00,242,0.126,32.3,40,0
2023-08-23T09:00,417,0.126,34,38,0
2023-08-23T10:00,576,0.126,35.3,37,0
2023-08-23T11:00,701,0.126,35.8,39,0
2023-08-23T12:00,781,0.126,35.7,40,0
2023-08-23T13:00,802,0.125,35.4,35,0
2023-08-23T14:00,715,0.125,35.8,34,0
2023-08-23T15:00,603,0.125,36,34,0
2023-08-23T16:00,481,0.125,36,35,0
2023-08-23T17:00,360,0.125,35.6,38,0
2023-08-23T18:00,203,0.125,35.3,38,0
2023-08-23T19:00,75,0.125,34.2,40,0
2023-08-23T20:00,2,0.125,32.4,46,0
2023-08-23T21:00,0,0.125,31,50,0
2023-08-23T22:00,0,0.125,29.4,62,0
2023-08-23T23:00,0,0.125,29.2,55,0
2023-08-24T00:00,0,0.125,29,52,0
2023-08-24T01:00,0,0.125,27.9,49,0
2023-08-24T02:00,0,0.125,27.2,50,0
2023-08-24T03:00,0,0.125,26.6,51,0
2023-08-24T04:00,0,0.125,26.4,50,0
2023-08-24T05:00,0,0.125,26,51,0
2023-08-24T06:00,2,0.125,25.7,52,0
2023-08-24T07:00,79,0.125,28.1,49,0
2023-08-24T08:00,240,0.125,32.7,38,0
2023-08-24T09:00,414,0.125,34.3,35,0
2023-08-24T10:00,573,0.125,35.2,36,0
2023-08-24T11:00,699,0.125,35.4,38,0
2023-08-24T12:00,777,0.125,35.7,36,0
2023-08-24T13:00,742,0.125,35.5,35,0
2023-08-24T14:00,704,0.125,35.4,35,0
2023-08-24T15:00,606,0.124,35,35,0
2023-08-24T16:00,489,0.124,34.9,35,0
2023-08-24T17:00,347,0.124,33.7,40,0
2023-08-24T18:00,203,0.124,31.4,53,0
2023-08-24T19:00,73,0.124,29.6,63,0
2023-08-24T20:00,2,0.124,28.4,69,0
2023-08-24T21:00,0,0.124,27.7,72,0
2023-08-24T22:00,0,0.124,27.8,65,0
2023-08-24T23:00,0,0.124,27.5,61,0
2023-08-25T00:00,0,0.124,26.9,60,0
2023-08-25T01:00,0,0.124,25.5,66,0
2023-08-25T02:00,0,0.124,25.5,60,0
2023-08-25T03:00,0,0.124,27.8,49,0
2023-08-25T04:00,0,0.124,25.6,56,0
2023-08-25T05:00,0,0.124,24.7,58,0
2023-08-25T06:00,2,0.124,24.9,55,0
2023-08-25T07:00,78,0.124,27.2,51,0
2023-08-25T08:00,240,0.124,28,65,0
2023-08-25T09:00,415,0.124,29.4,61,0
2023-08-25T10:00,574,0.124,30.2,63,0
2023-08-25T11:00,699,0.124,30.4,66,0
2023-08-25T12:00,778,0.124,30.6,66,0
2023-08-25T13:00,804,0.124,30.9,63,0
2023-08-25T14:00,780,0.124,31.1,62,0
2023-08-25T15:00,700,0.124,30.8,62,0
2023-08-25T16:00,576,0.124,30.8,58,0
2023-08-25T17:00,415,0.124,30.4,58,0
2023-08-25T18:00,237,0.124,29.1,67,0
2023-08-25T19:00,74,0.124,27.3,79,0
2023-08-25T20:00,1,0.124,26,88,0
2023-08-25T21:00,0,0.124,25.2,92,0
2023-08-25T22:00,0,0.124,24.7,92,0
2023-08-25T23:00,0,0.124,24.3,91,0
2023-08-26T00:00,0,0.124,23.8,92,0
2023-08-26T01:00,0,0.124,26.1,82,0
2023-08-26T02:00,0,0.124,24.3,91,0
2023-08-26T03:00,0,0.124,23.6,92,0
2023-08-26T04:00,0,0.124,22.7,92,0
2023-08-26T05:00,0,0.124,22.4,91,0
2023-08-26T06:00,1,0.124,22.4,91,0
2023-08-26T07:00,67,0.124,24.6,76,0
2023-08-26T08:00,225,0.124,27.3,69,0
2023-08-26T09:00,401,0.124,28.3,68,0
2023-08-26T10:00,550,0.124,29.3,63,0
2023-08-26T11:00,655,0.124,30.3,58,0
2023-08-26T12:00,764,0.124,31,59,0
2023-08-26T13:00,587,0.124,30.9,62,0
2023-08-26T14:00,469,0.124,30.8,61,0
2023-08-26T15:00,602,0.124,31.1,58,0
2023-08-26T16:00,427,0.124,30.5,59,0
2023-08-26T17:00,364,0.124,29.6,64,0
2023-08-26T18:00,157,0.124,28.4,67,0
2023-08-26T19:00,67,0.124,27.5,70,0
2023-08-26T20:00,1,0.124,26.9,68,0
2023-08-26T21:00,0,0.124,26.5,70,0
2023-08-26T22:00,0,0.124,25.5,77,0
2023-08-26T23:00,0,0.124,25.2,73,0
2023-08-27T00:00,0,0.124,24.6,78,0
2023-08-27T01:00,0,0.124,27.3,62,0
2023-08-27T02:00,0,0.124,26.7,55,0
2023-08-27T03:00,0,0.124,25.7,61,0
2023-08-27T04:00,0,0.124,25,74,0
2023-08-27T05:00,0,0.124,23.8,85,0
2023-08-27T06:00,1,0.124,24.2,79,0
2023-08-27T07:00,47,0.124,25.1,75,0
2023-08-27T08:00,134,0.124,26.4,60,0
2023-08-27T09:00,101,0.126,25.1,61,0.3
2023-08-27T10:00,209,0.128,25.1,62,0.3
2023-08-27T11:00,350,0.128,25.7,64,0
2023-08-27T12:00,506,0.128,27.3,58,0
2023-08-27T13:00,272,0.142,25.8,61,0
2023-08-27T14:00,728,0.142,27.7,52,0
2023-08-27T15:00,592,0.142,27.1,59,0
2023-08-27T16:00,405,0.141,26.4,64,0
2023-08-27T17:00,182,0.141,25.9,65,0
2023-08-27T18:00,69,0.142,25.1,69,0.1
2023-08-27T19:00,35,0.142,24.8,71,0
2023-08-27T20:00,0,0.172,22.7,79,2.8
2023-08-27T21:00,0,0.176,21.9,81,0.3
2023-08-27T22:00,0,0.232,21.8,82,4.2
2023-08-27T23:00,0,0.37,21.2,84,10.1
2023-08-28T00:00,0,0.417,21.2,83,16.5
2023-08-28T01:00,0,0.421,21.2,85,7.6
2023-08-28T02:00,0,0.422,20.6,93,8.3
2023-08-28T03:00,0,0.417,20.8,91,3.3
2023-08-28T04:00,0,0.426,19.8,96,2.7
2023-08-28T05:00,0,0.403,19.1,95,2.3
2023-08-28T06:00,0,0.393,19.6,92,0.2
2023-08-28T07:00,28,0.388,19.8,91,0.3
2023-08-28T08:00,58,0.385,19.8,87,0.4
2023-08-28T09:00,124,0.398,19.3,89,1.7
2023-08-28T10:00,294,0.39,20.7,78,0.2
2023-08-28T11:00,437,0.389,21.4,70,0.9
2023-08-28T12:00,332,0.401,19.9,78,2
2023-08-28T13:00,168,0.369,19.8,73,3.1
2023-08-28T14:00,233,0.379,20.4,85,1.4
2023-08-28T15:00,407,0.379,21.3,75,0.5
2023-08-28T16:00,324,0.375,21.3,71,0.1
2023-08-28T17:00,144,0.373,19.8,71,0.2
2023-08-28T18:00,90,0.37,20,63,0
2023-08-28T19:00,29,0.367,20.4,55,0
2023-08-28T20:00,0,0.365,21.4,44,0
2023-08-28T21:00,0,0.362,21.5,41,0
2023-08-28T22:00,0,0.36,21.1,52,0
2023-08-28T23:00,0,0.358,21.1,56,0
2023-08-29T00:00,0,0.357,20.2,74,0
2023-08-29T01:00,0,0.374,21.5,43,0
2023-08-29T02:00,0,0.372,21.2,43,0
2023-08-29T03:00,0,0.369,20.9,44,0
2023-08-29T04:00,0,0.367,20.5,46,0
2023-08-29T05:00,0,0.365,20.1,46,0
2023-08-29T06:00,0,0.365,20,47,0.2
2023-08-29T07:00,8,0.367,19.4,53,0.4
2023-08-29T08:00,41,0.365,19.8,57,0
2023-08-29T09:00,188,0.363,21.7,56,0
2023-08-29T10:00,533,0.36,24,39,0
2023-08-29T11:00,607,0.357,24.9,38,0
2023-08-29T12:00,647,0.354,25.5,37,0
2023-08-29T13:00,696,0.347,24.7,37,0
2023-08-29T14:00,765,0.344,26.2,34,0
2023-08-29T15:00,663,0.342,26.2,35,0
2023-08-29T16:00,542,0.339,26.1,37,0
2023-08-29T17:00,369,0.337,25.8,39,0
2023-08-29T18:00,212,0.336,25.2,49,0
2023-08-29T19:00,59,0.336,24.7,38,0
2023-08-29T20:00,0,0.335,21.1,59,0
2023-08-29T21:00,0,0.335,19.3,60,0
2023-08-29T22:00,0,0.335,17.6,65,0
2023-08-29T23:00,0,0.334,17.6,62,0
2023-08-30T00:00,0,0.334,17.8,56,0
2023-08-30T01:00,0,0.333,19.9,45,0
2023-08-30T02:00,0,0.333,18.1,53,0
2023-08-30T03:00,0,0.332,17.5,53,0
2023-08-30T04:00,0,0.332,17.3,53,0
2023-08-30T05:00,0,0.331,16.7,54,0
2023-08-30T06:00,1,0.331,16.5,55,0
2023-08-30T07:00,67,0.33,18.4,56,0
2023-08-30T08:00,221,0.329,22,52,0
2023-08-30T09:00,400,0.328,23.9,41,0
2023-08-30T10:00,571,0.326,24.8,39,0
2023-08-30T11:00,689,0.324,25.5,39,0
2023-08-30T12:00,767,0.321,25.7,39,0
2023-08-30T13:00,777,0.319,25.1,42,0
2023-08-30T14:00,673,0.317,25.6,43,0
2023-08-30T15:00,617,0.315,25.8,42,0
2023-08-30T16:00,440,0.316,24.1,55,0.3
2023-08-30T17:00,255,0.319,23.7,56,0.4
2023-08-30T18:00,183,0.318,23.1,60,0
2023-08-30T19:00,54,0.318,21.8,69,0
2023-08-30T20:00,0,0.318,20.2,81,0
2023-08-30T21:00,0,0.318,20,86,0
2023-08-30T22:00,0,0.318,19.4,87,0
2023-08-30T23:00,0,0.317,19.3,83,0
2023-08-31T00:00,0,0.317,18.5,85,0
2023-08-31T01:00,0,0.308,18.2,81,0
2023-08-31T02:00,0,0.308,18.5,79,0
2023-08-31T03:00,0,0.308,18.5,80,0
2023-08-31T04:00,0,0.308,18.2,81,0
2023-08-31T05:00,0,0.308,18.1,82,0
2023-08-31T06:00,0,0.308,17.7,84,0
2023-08-31T07:00,58,0.308,18.9,83,0
2023-08-31T08:00,183,0.307,21.3,77,0
2023-08-31T09:00,333,0.307,22.8,70,0
2023-08-31T10:00,562,0.306,24,63,0.1
2023-08-31T11:00,643,0.305,24.4,60,0.1
2023-08-31T12:00,726,0.303,24.7,58,0.1
2023-08-31T13:00,765,0.303,24.7,52,0
2023-08-31T14:00,737,0.301,24.1,56,0
2023-08-31T15:00,678,0.3,23.8,60,0
2023-08-31T16:00,548,0.298,23.4,64,0
2023-08-31T17:00,358,0.297,22.7,69,0
2023-08-31T18:00,203,0.297,22.2,71,0
2023-08-31T19:00,50,0.296,21,79,0
2023-08-31T20:00,0,0.297,20.1,84,0
2023-08-31T21:00,0,0.297,20,80,0
2023-08-31T22:00,0,0.297,19.3,82,0
2023-08-31T23:00,0,0.297,18.5,85,0
2023-09-01T00:00,0,0.297,18,85,0
2023-09-01T01:00,0,0.297,17.6,85,0
2023-09-01T02:00,0,0.297,17.7,84,0
2023-09-01T03:00,0,0.297,17.6,84,0
2023-09-01T04:00,0,0.297,17.2,86,0
2023-09-01T05:00,0,0.297,16.8,89,0
2023-09-01T06:00,0,0.297,16.9,89,0
2023-09-01T07:00,60,0.297,19,83,0
2023-09-01T08:00,218,0.297,21.9,74,0
2023-09-01T09:00,398,0.296,23.1,66,0
2023-09-01T10:00,555,0.294,24.3,62,0
2023-09-01T11:00,615,0.293,25.2,58,0
2023-09-01T12:00,534,0.292,24.9,62,0
2023-09-01T13:00,501,0.291,23.9,70,0
2023-09-01T14:00,428,0.29,23.9,64,0
2023-09-01T15:00,398,0.289,24,65,0
2023-09-01T16:00,345,0.288,23.8,66,0
2023-09-01T17:00,304,0.287,23.3,69,0
2023-09-01T18:00,150,0.287,22.4,71,0
2023-09-01T19:00,44,0.287,21,83,0
2023-09-01T20:00,0,0.287,21.1,75,0
2023-09-01T21:00,0,0.287,19.4,87,0
2023-09-01T22:00,0,0.287,19.5,83,0
2023-09-01T23:00,0,0.287,18.8,86,0
2023-09-02T00:00,0,0.287,18.5,87,0
2023-09-02T01:00,0,0.287,18.1,87,0
2023-09-02T02:00,0,0.287,18.5,85,0
2023-09-02T03:00,0,0.287,18.6,85,0
2023-09-02T04:00,0,0.287,18.1,87,0
2023-09-02T05:00,0,0.287,17.6,88,0
2023-09-02T06:00,0,0.287,17.5,88,0
2023-09-02T07:00,58,0.287,19.6,82,0
2023-09-02T08:00,214,0.287,22.7,72,0
2023-09-02T09:00,394,0.286,24.5,64,0
2023-09-02T10:00,553,0.284,26,55,0
2023-09-02T11:00,662,0.283,26.8,52,0
2023-09-02T12:00,745,0.281,27.1,52,0
2023-09-02T13:00,732,0.278,27,44,0
2023-09-02T14:00,742,0.277,27.3,40,0
2023-09-02T15:00,657,0.275,27.2,42,0
2023-09-02T16:00,547,0.273,26.6,47,0
2023-09-02T17:00,383,0.272,25.9,52,0
2023-09-02T18:00,203,0.272,25,60,0
2023-09-02T19:00,48,0.272,23,68,0
2023-09-02T20:00,0,0.272,21.9,66,0
2023-09-02T21:00,0,0.272,20,66,0
2023-09-02T22:00,0,0.272,18.5,67,0
2023-09-02T23:00,0,0.272,17.8,70,0
2023-09-03T00:00,0,0.272,17.3,78,0
2023-09-03T01:00,0,0.271,17.6,82,0
2023-09-03T02:00,0,0.271,18.5,80,0
2023-09-03T03:00,0,0.271,18.6,80,0
2023-09-03T04:00,0,0.271,18.1,82,0
2023-09-03T05:00,0,0.271,18.1,81,0
2023-09-03T06:00,0,0.271,17.9,81,0
2023-09-03T07:00,58,0.271,20.1,77,0
2023-09-03T08:00,218,0.271,25,66,0
2023-09-03T09:00,397,0.27,27.4,54,0
2023-09-03T10:00,560,0.269,27.9,55,0
2023-09-03T11:00,679,0.267,28.1,61,0
2023-09-03T12:00,757,0.266,28.6,62,0
2023-09-03T13:00,787,0.264,28.6,60,0
2023-09-03T14:00,754,0.262,28.7,52,0
2023-09-03T15:00,665,0.26,28.7,47,0
2023-09-03T16:00,531,0.259,28.5,45,0
2023-09-03T17:00,370,0.258,28,47,0
2023-09-03T18:00,192,0.258,26.8,58,0
2023-09-03T19:00,43,0.258,24.3,71,0
2023-09-03T20:00,0,0.258,23.6,67,0
2023-09-03T21:00,0,0.258,22.5,65,0
2023-09-03T22:00,0,0.258,20.9,64,0
2023-09-03T23:00,0,0.258,20.3,57,0
2023-09-04T00:00,0,0.258,20,52,0
2023-09-04T01:00,0,0.259,20.5,51,0
2023-09-04T02:00,0,0.258,20.3,54,0
2023-09-04T03:00,0,0.258,19.7,54,0
2023-09-04T04:00,0,0.258,19.2,53,0
2023-09-04T05:00,0,0.258,19.5,51,0
2023-09-04T06:00,0,0.258,21.1,45,0
2023-09-04T07:00,50,0.258,22.9,43,0
2023-09-04T08:00,189,0.257,26.3,42,0
2023-09-04T09:00,367,0.256,29.3,37,0
2023-09-04T10:00,490,0.255,30.1,38,0
2023-09-04T11:00,562,0.254,30.4,40,0
2023-09-04T12:00,613,0.252,30.4,42,0
2023-09-04T13:00,537,0.251,30.5,48,0
2023-09-04T14:00,564,0.249,29.7,54,0
2023-09-04T15:00,619,0.248,29.2,59,0
2023-09-04T16:00,524,0.247,28.9,58,0
2023-09-04T17:00,362,0.246,28.8,57,0
2023-09-04T18:00,187,0.246,28.1,63,0
2023-09-04T19:00,40,0.246,25.6,75,0
2023-09-04T20:00,0,0.246,24.8,73,0
2023-09-04T21:00,0,0.246,23.7,75,0
2023-09-04T22:00,0,0.246,23.7,73,0
2023-09-04T23:00,0,0.246,23.5,74,0
2023-09-05T00:00,0,0.246,23,76,0
2023-09-05T01:00,0,0.246,24.2,70,0
2023-09-05T02:00,0,0.246,23.4,74,0
2023-09-05T03:00,0,0.246,22,81,0
2023-09-05T04:00,0,0.246,21.2,81,0
2023-09-05T05:00,0,0.247,20.5,85,0
2023-09-05T06:00,0,0.247,20.2,86,0
2023-09-05T07:00,50,0.247,21.7,82,0
2023-09-05T08:00,98,0.247,23.9,74,0
2023-09-05T09:00,152,0.246,24.6,71,0
2023-09-05T10:00,233,0.246,25.3,69,0
2023-09-05T11:00,319,0.245,25.6,65,0
2023-09-05T12:00,358,0.244,25.9,61,0
2023-09-05T13:00,323,0.243,26.5,54,0
2023-09-05T14:00,655,0.241,27.6,50,0
2023-09-05T15:00,607,0.24,27.7,50,0
2023-09-05T16:00,479,0.239,27.6,50,0
2023-09-05T17:00,350,0.238,26.9,52,0
2023-09-05T18:00,179,0.238,26,54,0
2023-09-05T19:00,37,0.237,24.7,56,0
2023-09-05T20:00,0,0.237,24.2,56,0
2023-09-05T21:00,0,0.237,23.7,55,0
2023-09-05T22:00,0,0.237,23.1,56,0
2023-09-05T23:00,0,0.237,22.7,56,0
2023-09-06T00:00,0,0.237,22.3,56,0
2023-09-06T01:00,0,0.237,21.8,62,0
2023-09-06T02:00,0,0.237,21.8,62,0
2023-09-06T03:00,0,0.237,21.8,60,0
2023-09-06T04:00,0,0.237,21.8,58,0
2023-09-06T05:00,0,0.237,21.7,56,0
2023-09-06T06:00,0,0.237,21.6,54,0
2023-09-06T07:00,54,0.236,22.4,52,0
2023-09-06T08:00,215,0.236,24.3,47,0
2023-09-06T09:00,397,0.235,25.6,42,0
2023-09-06T10:00,561,0.234,26.7,41,0
2023-09-06T11:00,688,0.233,27.8,39,0
2023-09-06T12:00,767,0.231,28.8,36,0
2023-09-06T13:00,790,0.23,29.3,36,0
2023-09-06T14:00,752,0.229,29.4,36,0
2023-09-06T15:00,666,0.227,29.3,37,0
2023-09-06T16:00,533,0.226,29,38,0
2023-09-06T17:00,366,0.225,28.1,40,0
2023-09-06T18:00,185,0.225,26.7,44,0
2023-09-06T19:00,36,0.225,24.8,50,0
2023-09-06T20:00,0,0.224,23.6,54,0
2023-09-06T21:00,0,0.224,23,56,0
2023-09-06T22:00,0,0.224,22.7,57,0
2023-09-06T23:00,0,0.224,22.6,57,0
2023-09-07T00:00,0,0.224,22.7,56,0
2023-09-07T01:00,0,0.224,23.1,53,0
2023-09-07T02:00,0,0.224,23.1,51,0
2023-09-07T03:00,0,0.224,23,51,0
2023-09-07T04:00,0,0.224,22.9,53,0
2023-09-07T05:00,0,0.224,22.7,54,0
2023-09-07T06:00,0,0.224,22.6,54,0
2023-09-07T07:00,51,0.224,23.4,54,0
2023-09-07T08:00,209,0.223,25,52,0
2023-09-07T09:00,390,0.223,26.4,47,0
2023-09-07T10:00,554,0.222,27.6,43,0
2023-09-07T11:00,683,0.221,28.9,38,0
2023-09-07T12:00,763,0.219,29.8,36,0
2023-09-07T13:00,787,0.218,30.8,35,0
2023-09-07T14:00,750,0.216,30.8,35,0
2023-09-07T15:00,659,0.215,30.7,35,0
2023-09-07T16:00,525,0.214,30.3,35,0
2023-09-07T17:00,359,0.213,29.4,38,0
2023-09-07T18:00,180,0.213,27.9,44,0
2023-09-07T19:00,33,0.213,25.7,50,0
2023-09-07T20:00,0,0.213,24.7,53,0
2023-09-07T21:00,0,0.213,24.9,51,0
2023-09-07T22:00,0,0.212,24.6,52,0
2023-09-07T23:00,0,0.212,24.4,53,0
2023-09-08T00:00,0,0.212,24.2,54,0
2023-09-08T01:00,0,0.212,24.5,52,0
2023-09-08T02:00,0,0.212,24.2,53,0
2023-09-08T03:00,0,0.212,23.9,53,0
2023-09-08T04:00,0,0.212,23.6,53,0
2023-09-08T05:00,0,0.212,23.4,54,0
2023-09-08T06:00,0,0.212,22.9,56,0
2023-09-08T07:00,49,0.212,23.6,55,0
2023-09-08T08:00,205,0.212,25.6,50,0
2023-09-08T09:00,382,0.211,27.3,43,0
2023-09-08T10:00,541,0.21,28.5,38,0
2023-09-08T11:00,667,0.209,29.3,37,0
2023-09-08T12:00,746,0.208,30,36,0
2023-09-08T13:00,771,0.206,30.9,36,0
2023-09-08T14:00,737,0.205,31,36,0
2023-09-08T15:00,651,0.204,31,35,0
2023-09-08T16:00,517,0.203,30.7,36,0
2023-09-08T17:00,351,0.202,30,38,0
2023-09-08T18:00,173,0.202,28.5,44,0
2023-09-08T19:00,30,0.202,25.8,53,0
2023-09-08T20:00,0,0.202,23.5,61,0
2023-09-08T21:00,0,0.202,22.9,62,0
2023-09-08T22:00,0,0.202,22.5,61,0
2023-09-08T23:00,0,0.202,22.3,61,0
2023-09-09T00:00,0,0.202,22.1,62,0
2023-09-09T01:00,0,0.202,22,62,0
2023-09-09T02:00,0,0.202,22.5,60,0
2023-09-09T03:00,0,0.202,23,57,0
2023-09-09T04:00,0,0.202,22.9,57,0
2023-09-09T05:00,0,0.202,22.2,59,0
2023-09-09T06:00,0,0.202,21.8,59,0
2023-09-09T07:00,47,0.202,23,57,0
2023-09-09T08:00,202,0.202,25.7,53,0
2023-09-09T09:00,382,0.201,27.7,45,0
2023-09-09T10:00,547,0.2,29.1,41,0
2023-09-09T11:00,675,0.199,30.1,38,0
2023-09-09T12:00,754,0.198,31.2,36,0
2023-09-09T13:00,774,0.197,31.1,38,0
2023-09-09T14:00,737,0.196,30.1,45,0
2023-09-09T15:00,647,0.195,28.8,49,0
2023-09-09T16:00,512,0.194,28.9,47,0
2023-09-09T17:00,345,0.193,28.9,45,0
2023-09-09T18:00,167,0.193,27.8,52,0
2023-09-09T19:00,27,0.193,25.6,62,0
2023-09-09T20:00,0,0.193,24.3,62,0
2023-09-09T21:00,0,0.193,22.2,68,0
2023-09-09T22:00,0,0.193,21.3,70,0
2023-09-09T23:00,0,0.193,20.8,70,0
2023-09-10T00:00,0,0.193,21,68,0
2023-09-10T01:00,0,0.193,21.6,64,0
2023-09-10T02:00,0,0.193,21.9,63,0
2023-09-10T03:00,0,0.193,21.8,62,0
2023-09-10T04:00,0,0.193,21.8,62,0
2023-09-10T05:00,0,0.193,21.8,63,0
2023-09-10T06:00,0,0.193,21.5,64,0
2023-09-10T07:00,44,0.193,22.6,61,0
2023-09-10T08:00,199,0.193,25.9,56,0
2023-09-10T09:00,378,0.193,28.4,48,0
2023-09-10T10:00,540,0.192,29.8,42,0
2023-09-10T11:00,663,0.191,30.4,41,0
2023-09-10T12:00,739,0.19,29.9,45,0
2023-09-10T13:00,761,0.188,28.6,49,0
2023-09-10T14:00,724,0.187,28.4,48,0
2023-09-10T15:00,637,0.187,29,44,0
2023-09-10T16:00,505,0.186,28.8,45,0
2023-09-10T17:00,340,0.185,28.3,48,0
2023-09-10T18:00,163,0.185,27.1,58,0
2023-09-10T19:00,25,0.185,24.7,74,0
2023-09-10T20:00,0,0.185,24,72,0
2023-09-10T21:00,0,0.185,23.8,69,0
2023-09-10T22:00,0,0.185,23.2,71,0
2023-09-10T23:00,0,0.185,22.9,68,0
2023-09-11T00:00,0,0.186,22,69,0
2023-09-11T01:00,0,0.185,20.2,72,0
2023-09-11T02:00,0,0.185,20,71,0
2023-09-11T03:00,0,0.185,19.8,72,0
2023-09-11T04:00,0,0.185,19.5,75,0
2023-09-11T05:00,0,0.185,19.1,77,0
2023-09-11T06:00,0,0.185,19,77,0
2023-09-11T07:00,42,0.185,20.7,72,0
2023-09-11T08:00,193,0.185,25,67,0
2023-09-11T09:00,370,0.185,26.7,60,0
2023-09-11T10:00,530,0.184,27.6,61,0
2023-09-11T11:00,657,0.183,28,62,0
2023-09-11T12:00,732,0.182,28.2,60,0
2023-09-11T13:00,753,0.186,27.7,60,0
2023-09-11T14:00,716,0.186,28.1,58,0
2023-09-11T15:00,629,0.185,27.7,60,0
2023-09-11T16:00,495,0.184,27.4,60,0
2023-09-11T17:00,325,0.184,26.8,62,0
2023-09-11T18:00,152,0.184,25.6,68,0
2023-09-11T19:00,22,0.184,23.6,82,0
2023-09-11T20:00,0,0.184,22.9,86,0
2023-09-11T21:00,0,0.184,22.1,90,0
2023-09-11T22:00,0,0.184,21.6,91,0
2023-09-11T23:00,0,0.184,21.3,89,0
2023-09-12T00:00,0,0.184,20.6,89,0
2023-09-12T01:00,0,0.181,21.1,80,0
2023-09-12T02:00,0,0.181,20.2,83,0
2023-09-12T03:00,0,0.181,20.6,79,0
2023-09-12T04:00,0,0.181,20.2,80,0
2023-09-12T05:00,0,0.181,20.3,79,0
2023-09-12T06:00,0,0.181,19.5,86,0
2023-09-12T07:00,35,0.181,21.2,79,0
2023-09-12T08:00,168,0.181,22.9,76,0
2023-09-12T09:00,334,0.181,24.1,73,0
2023-09-12T10:00,456,0.18,24.6,72,0
2023-09-12T11:00,489,0.18,24.9,72,0
2023-09-12T12:00,536,0.179,25.5,70,0
2023-09-12T13:00,710,0.181,26.1,69,0
2023-09-12T14:00,608,0.181,25.5,74,0
2023-09-12T15:00,464,0.181,25,74,0
2023-09-12T16:00,426,0.18,24.9,68,0
2023-09-12T17:00,300,0.18,24.4,64,0
2023-09-12T18:00,144,0.18,23.4,66,0
2023-09-12T19:00,19,0.18,21.8,83,0
2023-09-12T20:00,0,0.18,21.4,84,0
2023-09-12T21:00,0,0.18,20.8,82,0
2023-09-12T22:00,0,0.18,20.4,82,0
2023-09-12T23:00,0,0.18,20.1,82,0
2023-09-13T00:00,0,0.18,19.3,84,0
2023-09-13T01:00,0,0.177,19.2,87,0
2023-09-13T02:00,0,0.177,20.8,80,0
2023-09-13T03:00,0,0.177,19.9,84,0
2023-09-13T04:00,0,0.178,20.1,87,0.1
2023-09-13T05:00,0,0.181,20.1,93,0.3
2023-09-13T06:00,0,0.185,20.3,98,0.6
2023-09-13T07:00,16,0.185,20.6,96,0
2023-09-13T08:00,100,0.186,21.2,91,0
2023-09-13T09:00,276,0.186,22.7,82,0
2023-09-13T10:00,428,0.186,24,74,0.1
2023-09-13T11:00,445,0.186,24.1,71,0
2023-09-13T12:00,467,0.186,24.3,68,0
2023-09-13T13:00,518,0.182,26.8,55,0
2023-09-13T14:00,630,0.181,26.9,46,0
2023-09-13T15:00,560,0.18,26.1,50,0
2023-09-13T16:00,461,0.18,24.8,71,0
2023-09-13T17:00,285,0.186,23.8,75,0.9
2023-09-13T18:00,101,0.189,22.9,83,0.4
2023-09-13T19:00,12,0.191,22.1,93,0.3
2023-09-13T20:00,0,0.209,22,89,1.4
2023-09-13T21:00,0,0.209,20.3,95,0
2023-09-13T22:00,0,0.21,20.4,95,0.1
2023-09-13T23:00,0,0.21,20.6,96,0
2023-09-14T00:00,0,0.21,20.9,96,0
2023-09-14T01:00,0,0.196,20.7,94,0
2023-09-14T02:00,0,0.196,20.5,95,0
2023-09-14T03:00,0,0.196,20.1,97,0
2023-09-14T04:00,0,0.196,20,97,0
2023-09-14T05:00,0,0.196,20,95,0
2023-09-14T06:00,0,0.196,19.8,96,0
2023-09-14T07:00,23,0.196,20,95,0
2023-09-14T08:00,137,0.196,21.7,87,0
2023-09-14T09:00,298,0.199,22,84,0.3
2023-09-14T10:00,296,0.2,22.4,84,0.1
2023-09-14T11:00,568,0.2,24.3,75,0.1
2023-09-14T12:00,635,0.2,24.4,76,0.1
2023-09-14T13:00,371,0.201,25.4,65,1.7
2023-09-14T14:00,598,0.206,24.7,74,0.6
2023-09-14T15:00,462,0.209,24.1,74,0.5
2023-09-14T16:00,245,0.209,23.6,78,0
2023-09-14T17:00,213,0.209,23.3,79,0
2023-09-14T18:00,87,0.209,22.7,81,0
2023-09-14T19:00,13,0.209,21.9,85,0
2023-09-14T20:00,0,0.209,20.8,93,0
2023-09-14T21:00,0,0.209,20.2,95,0
2023-09-14T22:00,0,0.209,19.7,93,0
2023-09-14T23:00,0,0.209,19,92,0
2023-09-15T00:00,0,0.209,19.2,90,0
2023-09-15T01:00,0,0.206,19.1,83,0
2023-09-15T02:00,0,0.206,18.7,84,0
2023-09-15T03:00,0,0.206,18.2,86,0
2023-09-15T04:00,0,0.206,17.7,88,0
2023-09-15T05:00,0,0.206,18,87,0
2023-09-15T06:00,0,0.206,19,84,0
2023-09-15T07:00,26,0.206,19.8,82,0
2023-09-15T08:00,138,0.205,21.8,75,0
2023-09-15T09:00,293,0.205,23.4,69,0
2023-09-15T10:00,496,0.204,25.2,61,0
2023-09-15T11:00,638,0.204,26.2,54,0
2023-09-15T12:00,659,0.203,26.8,50,0
2023-09-15T13:00,634,0.201,27,50,0.1
2023-09-15T14:00,636,0.201,26.9,50,0.1
2023-09-15T15:00,425,0.202,26.6,51,0.1
2023-09-15T16:00,424,0.201,26.7,52,0
2023-09-15T17:00,279,0.2,26,55,0
2023-09-15T18:00,124,0.2,25,63,0
2023-09-15T19:00,14,0.2,23.1,75,0
2023-09-15T20:00,0,0.2,22.2,72,0
2023-09-15T21:00,0,0.2,21,76,0
2023-09-15T22:00,0,0.2,20.6,78,0
2023-09-15T23:00,0,0.2,20.6,78,0
2023-09-16T00:00,0,0.2,20.3,80,0
2023-09-16T01:00,0,0.2,20.3,78,0
2023-09-16T02:00,0,0.2,21.2,75,0
2023-09-16T03:00,0,0.2,21.2,75,0
2023-09-16T04:00,0,0.201,20.5,78,0.1
2023-09-16T05:00,0,0.204,19.3,83,0.4
2023-09-16T06:00,0,0.206,19,87,0.3
2023-09-16T07:00,30,0.206,19.7,84,0
2023-09-16T08:00,130,0.207,21.7,77,0.1
2023-09-16T09:00,288,0.207,23.2,72,0
2023-09-16T10:00,443,0.207,24.5,66,0
2023-09-16T11:00,545,0.206,25.3,62,0
2023-09-16T12:00,622,0.205,25.9,58,0
2023-09-16T13:00,629,0.201,26.1,59,0
2023-09-16T14:00,418,0.201,26,57,0.1
2023-09-16T15:00,464,0.201,26.2,58,0
2023-09-16T16:00,318,0.206,23.9,73,0.8
2023-09-16T17:00,140,0.215,22.2,87,0.7
2023-09-16T18:00,90,0.215,22.3,84,0.1
2023-09-16T19:00,8,0.216,22,87,0.2
2023-09-16T20:00,0,0.221,20.9,91,0.5
2023-09-16T21:00,0,0.243,20.5,89,1.6
2023-09-16T22:00,0,0.242,20.8,85,0
2023-09-16T23:00,0,0.242,20.4,88,0
2023-09-17T00:00,0,0.242,20.5,89,0
2023-09-17T01:00,0,0.199,19.9,84,0
2023-09-17T02:00,0,0.199,20.1,84,0
2023-09-17T03:00,0,0.199,20.1,84,0
2023-09-17T04:00,0,0.199,19.9,85,0
2023-09-17T05:00,0,0.199,20.2,83,0
2023-09-17T06:00,0,0.199,20.2,83,0
2023-09-17T07:00,13,0.199,21.2,78,0
2023-09-17T08:00,50,0.199,22.6,73,0
2023-09-17T09:00,156,0.198,23.8,71,0
2023-09-17T10:00,275,0.198,24.7,70,0
2023-09-17T11:00,316,0.198,24.9,70,0
2023-09-17T12:00,365,0.197,25.2,70,0
2023-09-17T13:00,294,0.197,25,73,0
2023-09-17T14:00,257,0.197,25,75,0
2023-09-17T15:00,315,0.196,25.7,72,0
2023-09-17T16:00,402,0.196,26.2,68,0
2023-09-17T17:00,250,0.195,25.4,71,0
2023-09-17T18:00,111,0.195,24.6,74,0
2023-09-17T19:00,10,0.195,23.1,80,0
2023-09-17T20:00,0,0.195,22.3,80,0
2023-09-17T21:00,0,0.195,22.1,77,0
2023-09-17T22:00,0,0.195,21.8,79,0
2023-09-17T23:00,0,0.195,21.1,84,0
2023-09-18T00:00,0,0.195,20.5,86,0
2023-09-18T01:00,0,0.194,21.7,77,0
2023-09-18T02:00,0,0.194,21.5,78,0
2023-09-18T03:00,0,0.194,21.2,79,0
2023-09-18T04:00,0,0.194,20.5,83,0
2023-09-18T05:00,0,0.199,21.2,83,0.6
2023-09-18T06:00,0,0.2,21.2,87,0.2
2023-09-18T07:00,9,0.206,21,93,0.7
2023-09-18T08:00,90,0.21,22.2,93,0.4
2023-09-18T09:00,242,0.211,23.4,89,0.2
2023-09-18T10:00,200,0.211,23.4,89,0
2023-09-18T11:00,476,0.211,24.7,80,0
2023-09-18T12:00,400,0.211,24.7,80,0.1
2023-09-18T13:00,437,0.201,28.5,53,0.1
2023-09-18T14:00,551,0.2,27.8,53,0
2023-09-18T15:00,540,0.199,27.7,56,0
2023-09-18T16:00,293,0.199,25.7,61,0
2023-09-18T17:00,186,0.199,24.6,73,0
2023-09-18T18:00,101,0.198,23.6,78,0
2023-09-18T19:00,8,0.198,22.1,90,0
2023-09-18T20:00,0,0.198,22,88,0
2023-09-18T21:00,0,0.198,21.7,87,0
2023-09-18T22:00,0,0.198,20.8,85,0
2023-09-18T23:00,0,0.198,19.6,82,0
2023-09-19T00:00,0,0.198,18.9,83,0
2023-09-19T01:00,0,0.204,19.4,81,0
2023-09-19T02:00,0,0.204,19.3,93,0
2023-09-19T03:00,0,0.204,19.4,94,0
2023-09-19T04:00,0,0.204,19.2,88,0
2023-09-19T05:00,0,0.204,18.7,82,0
2023-09-19T06:00,0,0.204,17.9,79,0
2023-09-19T07:00,26,0.204,18.8,75,0
2023-09-19T08:00,146,0.204,22.9,67,0
2023-09-19T09:00,260,0.203,23.9,68,0
2023-09-19T10:00,360,0.203,24.8,67,0
2023-09-19T11:00,543,0.202,25.8,66,0
2023-09-19T12:00,660,0.202,26.3,63,0.1
2023-09-19T13:00,667,0.202,26.3,66,0.1
2023-09-19T14:00,526,0.205,26.1,68,0.5
2023-09-19T15:00,456,0.206,25.6,73,0.2
2023-09-19T16:00,371,0.207,25.4,73,0.1
2023-09-19T17:00,207,0.207,24.6,78,0
2023-09-19T18:00,92,0.206,23.6,83,0
2023-09-19T19:00,7,0.206,22.1,89,0
2023-09-19T20:00,0,0.206,21.7,88,0
2023-09-19T21:00,0,0.206,21.2,86,0
2023-09-19T22:00,0,0.206,20.6,87,0
2023-09-19T23:00,0,0.206,19.9,89,0
2023-09-20T00:00,0,0.206,19.5,89,0
2023-09-20T01:00,0,0.201,20.1,91,0
2023-09-20T02:00,0,0.2,20.3,91,0
2023-09-20T03:00,0,0.2,20,92,0
2023-09-20T04:00,0,0.2,20.6,90,0
2023-09-20T05:00,0,0.201,20.8,90,0
2023-09-20T06:00,0,0.201,20.9,89,0
2023-09-20T07:00,13,0.201,21.1,88,0
2023-09-20T08:00,40,0.2,21.9,83,0
2023-09-20T09:00,155,0.2,23.1,78,0
2023-09-20T10:00,275,0.204,23.7,72,0.5
2023-09-20T11:00,321,0.204,24.2,68,0.1
2023-09-20T12:00,588,0.205,24,68,0.2
2023-09-20T13:00,274,0.255,22.1,83,2.5
2023-09-20T14:00,216,0.258,22.2,83,0.3
2023-09-20T15:00,293,0.29,21.8,82,2.7
2023-09-20T16:00,74,0.32,21,93,2.4
2023-09-20T17:00,57,0.329,20.3,92,0.9
2023-09-20T18:00,44,0.328,20.4,89,0.2
2023-09-20T19:00,6,0.326,19.1,95,0
2023-09-20T20:00,0,0.324,18.7,96,0
2023-09-20T21:00,0,0.324,18.8,95,0.1
2023-09-20T22:00,0,0.339,18.7,92,1.3
2023-09-20T23:00,0,0.38,18.2,91,3.3
2023-09-21T00:00,0,0.38,17.9,94,0.7
2023-09-21T01:00,0,0.337,18.1,90,1.2
2023-09-21T02:00,0,0.334,17.9,92,0
2023-09-21T03:00,0,0.332,17.2,92,0.1
2023-09-21T04:00,0,0.33,19.1,87,0.1
2023-09-21T05:00,0,0.328,18.6,92,0
2023-09-21T06:00,0,0.326,17.9,95,0
2023-09-21T07:00,16,0.324,18.5,95,0
2023-09-21T08:00,133,0.322,19.7,89,0
2023-09-21T09:00,216,0.321,20.5,83,0
2023-09-21T10:00,160,0.319,20.6,83,0
2023-09-21T11:00,342,0.319,21.3,83,0.2
2023-09-21T12:00,329,0.318,21.6,81,0.2
2023-09-21T13:00,356,0.321,21.9,83,0.6
2023-09-21T14:00,419,0.32,22.1,80,0.1
2023-09-21T15:00,298,0.318,22.2,79,0.1
2023-09-21T16:00,358,0.318,22.3,81,0.2
2023-09-21T17:00,238,0.316,21.8,85,0
2023-09-21T18:00,72,0.316,21.3,87,0.2
2023-09-21T19:00,4,0.317,20.3,89,0.2
2023-09-21T20:00,0,0.324,19.1,95,0.9
2023-09-21T21:00,0,0.326,19,98,0.3
2023-09-21T22:00,0,0.326,19.1,98,0.1
2023-09-21T23:00,0,0.353,19,98,2.1
2023-09-22T00:00,0,0.352,18.9,98,0.2
2023-09-22T01:00,0,0.345,18.9,98,0.1
2023-09-22T02:00,0,0.351,19.1,98,0.7
2023-09-22T03:00,0,0.368,18.7,96,1.5
2023-09-22T04:00,0,0.403,18.4,95,3.7
2023-09-22T05:00,0,0.391,18.4,98,0.2
2023-09-22T06:00,0,0.382,18.2,99,0.1
2023-09-22T07:00,6,0.385,18.3,96,0.8
2023-09-22T08:00,76,0.378,18.5,96,0
2023-09-22T09:00,132,0.372,19.9,92,0.1
2023-09-22T10:00,184,0.368,20.7,88,0.1
2023-09-22T11:00,434,0.363,22.3,79,0
2023-09-22T12:00,543,0.358,23.3,72,0
2023-09-22T13:00,506,0.336,23.7,73,0
2023-09-22T14:00,496,0.333,24.4,65,0
2023-09-22T15:00,452,0.329,24.6,54,0
2023-09-22T16:00,332,0.327,23.7,58,0
2023-09-22T17:00,236,0.324,22.9,59,0
2023-09-22T18:00,102,0.322,22.2,58,0
2023-09-22T19:00,5,0.321,21.2,60,0
2023-09-22T20:00,0,0.319,19.3,66,0
2023-09-22T21:00,0,0.318,17.8,70,0
2023-09-22T22:00,0,0.317,17.2,80,0
2023-09-22T23:00,0,0.316,16.7,87,0
2023-09-23T00:00,0,0.314,16.5,89,0
2023-09-23T01:00,0,0.313,15.6,82,0
2023-09-23T02:00,0,0.312,14.6,90,0
2023-09-23T03:00,0,0.311,14.9,88,0
2023-09-23T04:00,0,0.31,15.4,86,0
2023-09-23T05:00,0,0.309,16.6,85,0
2023-09-23T06:00,0,0.308,17.4,79,0
2023-09-23T07:00,16,0.307,17.2,73,0
2023-09-23T08:00,135,0.306,18.6,61,0
2023-09-23T09:00,275,0.305,19.4,54,0
2023-09-23T10:00,415,0.303,20.1,48,0
2023-09-23T11:00,563,0.301,21,46,0
2023-09-23T12:00,643,0.299,21.9,46,0
2023-09-23T13:00,694,0.372,22.5,43,0
2023-09-23T14:00,656,0.365,22.7,41,0
2023-09-23T15:00,533,0.359,22.4,44,0
2023-09-23T16:00,406,0.355,22.2,45,0
2023-09-23T17:00,246,0.351,21.7,48,0
2023-09-23T18:00,97,0.348,20.4,54,0
2023-09-23T19:00,4,0.345,18.5,61,0
2023-09-23T20:00,0,0.343,17.1,61,0
2023-09-23T21:00,0,0.341,15,69,0
2023-09-23T22:00,0,0.339,14.4,69,0
2023-09-23T23:00,0,0.337,14.9,64,0
2023-09-24T00:00,0,0.335,15.9,57,0
2023-09-24T01:00,0,0.334,17.1,50,0
2023-09-24T02:00,0,0.332,16.6,53,0
2023-09-24T03:00,0,0.331,16.4,54,0
2023-09-24T04:00,0,0.329,16.4,54,0
2023-09-24T05:00,0,0.328,16.3,53,0
2023-09-24T06:00,0,0.327,16,51,0
2023-09-24T07:00,21,0.325,16.6,50,0
2023-09-24T08:00,156,0.324,19.6,46,0
2023-09-24T09:00,334,0.322,22,38,0
2023-09-24T10:00,496,0.319,23.2,34,0
2023-09-24T11:00,621,0.317,24.1,34,0
2023-09-24T12:00,697,0.314,24.8,33,0
2023-09-24T13:00,716,0.311,25.3,31,0
2023-09-24T14:00,680,0.309,25.5,30,0
2023-09-24T15:00,583,0.306,25.1,32,0
2023-09-24T16:00,441,0.304,24.3,36,0
2023-09-24T17:00,270,0.303,23,44,0
2023-09-24T18:00,97,0.302,20.7,61,0
2023-09-24T19:00,3,0.302,19.5,57,0
2023-09-24T20:00,0,0.301,17.1,63,0
2023-09-24T21:00,0,0.301,15,69,0
2023-09-24T22:00,0,0.3,14.3,68,0
2023-09-24T23:00,0,0.299,13.9,67,0
2023-09-25T00:00,0,0.299,13.7,66,0
2023-09-25T01:00,0,0.298,13.2,67,0
2023-09-25T02:00,0,0.297,13.3,66,0
2023-09-25T03:00,0,0.297,12.8,67,0
2023-09-25T04:00,0,0.296,12.6,67,0
2023-09-25T05:00,0,0.296,12.6,67,0
2023-09-25T06:00,0,0.295,13.5,65,0
2023-09-25T07:00,20,0.295,15.7,60,0
2023-09-25T08:00,153,0.294,19.1,55,0
2023-09-25T09:00,328,0.293,21.7,48,0
2023-09-25T10:00,489,0.292,23,42,0
2023-09-25T11:00,612,0.29,24,39,0
2023-09-25T12:00,688,0.288,25,36,0
2023-09-25T13:00,708,0.285,25.8,33,0
2023-09-25T14:00,668,0.283,26.1,32,0
2023-09-25T15:00,572,0.282,26,32,0
2023-09-25T16:00,432,0.28,25.4,34,0
2023-09-25T17:00,262,0.279,24.3,39,0
2023-09-25T18:00,91,0.278,22.3,48,0
2023-09-25T19:00,2,0.278,20,57,0
2023-09-25T20:00,0,0.278,18.6,63,0
2023-09-25T21:00,0,0.278,18.1,63,0
2023-09-25T22:00,0,0.277,17.8,62,0
2023-09-25T23:00,0,0.277,17.7,60,0
2023-09-26T00:00,0,0.277,17.5,58,0
2023-09-26T01:00,0,0.269,19,48,0
2023-09-26T02:00,0,0.269,19.4,46,0
2023-09-26T03:00,0,0.268,19.7,44,0
2023-09-26T04:00,0,0.268,19.9,45,0
2023-09-26T05:00,0,0.268,20,45,0
2023-09-26T06:00,0,0.268,20.5,45,0
2023-09-26T07:00,18,0.267,21,45,0
2023-09-26T08:00,145,0.267,22.9,43,0
2023-09-26T09:00,315,0.266,24.5,41,0
2023-09-26T10:00,471,0.265,25.5,40,0
2023-09-26T11:00,592,0.263,26.7,38,0
2023-09-26T12:00,666,0.261,27.4,37,0
2023-09-26T13:00,683,0.256,27.5,38,0
2023-09-26T14:00,644,0.254,27.3,38,0
2023-09-26T15:00,551,0.253,27.2,39,0
2023-09-26T16:00,414,0.252,26.7,40,0
2023-09-26T17:00,248,0.251,25.7,43,0
2023-09-26T18:00,84,0.25,24.1,48,0
2023-09-26T19:00,2,0.25,22.4,53,0
2023-09-26T20:00,0,0.25,21.2,59,0
2023-09-26T21:00,0,0.25,20.5,61,0
2023-09-26T22:00,0,0.25,20.1,61,0
2023-09-26T23:00,0,0.25,19.8,61,0
2023-09-27T00:00,0,0.25,19.5,61,0
2023-09-27T01:00,0,0.253,20.1,58,0
2023-09-27T02:00,0,0.252,20.3,55,0
2023-09-27T03:00,0,0.252,20.4,52,0
2023-09-27T04:00,0,0.252,20.6,50,0
2023-09-27T05:00,0,0.252,20.9,49,0
2023-09-27T06:00,0,0.252,21,49,0
2023-09-27T07:00,16,0.252,21.3,50,0
2023-09-27T08:00,140,0.251,23.3,49,0
2023-09-27T09:00,312,0.25,25.2,46,0
2023-09-27T10:00,470,0.249,26.3,44,0
2023-09-27T11:00,592,0.248,27.3,41,0
2023-09-27T12:00,665,0.246,27.9,40,0
2023-09-27T13:00,682,0.244,28.1,40,0
2023-09-27T14:00,641,0.243,28,40,0
2023-09-27T15:00,549,0.241,27.8,40,0
2023-09-27T16:00,411,0.24,27.4,41,0
2023-09-27T17:00,245,0.24,26.4,44,0
2023-09-27T18:00,81,0.239,24.7,48,0
2023-09-27T19:00,1,0.239,23.1,53,0
2023-09-27T20:00,0,0.239,22.4,56,0
2023-09-27T21:00,0,0.239,21.5,60,0
2023-09-27T22:00,0,0.239,21.1,61,0
2023-09-27T23:00,0,0.239,20.9,61,0
2023-09-28T00:00,0,0.238,20.9,61,0
2023-09-28T01:00,0,0.235,21,60,0
2023-09-28T02:00,0,0.235,20.2,63,0
2023-09-28T03:00,0,0.235,20.2,62,0
2023-09-28T04:00,0,0.235,20.4,60,0
2023-09-28T05:00,0,0.235,20.8,58,0
2023-09-28T06:00,0,0.235,20.6,58,0
2023-09-28T07:00,15,0.235,19.9,60,0
2023-09-28T08:00,129,0.235,22.3,57,0
2023-09-28T09:00,299,0.234,25.6,47,0
2023-09-28T10:00,450,0.233,26.9,39,0
2023-09-28T11:00,565,0.232,27.7,37,0
2023-09-28T12:00,642,0.231,28.6,36,0
2023-09-28T13:00,644,0.228,28.9,36,0
2023-09-28T14:00,633,0.227,28.3,38,0
2023-09-28T15:00,533,0.226,27.5,42,0
2023-09-28T16:00,402,0.225,27.2,42,0
2023-09-28T17:00,236,0.225,26.2,45,0
2023-09-28T18:00,76,0.224,25.6,45,0
2023-09-28T19:00,1,0.224,23.1,58,0
2023-09-28T20:00,0,0.224,20.6,66,0
2023-09-28T21:00,0,0.224,18.8,73,0
2023-09-28T22:00,0,0.224,18.1,74,0
2023-09-28T23:00,0,0.224,17.6,74,0
2023-09-29T00:00,0,0.224,17,76,0
2023-09-29T01:00,0,0.224,19.4,67,0
2023-09-29T02:00,0,0.224,18.9,67,0
2023-09-29T03:00,0,0.224,18.2,69,0
2023-09-29T04:00,0,0.224,17.9,69,0
2023-09-29T05:00,0,0.224,17.7,69,0
2023-09-29T06:00,0,0.224,17.5,69,0
2023-09-29T07:00,14,0.224,18,68,0
2023-09-29T08:00,134,0.224,21.4,62,0
2023-09-29T09:00,303,0.223,25,53,0
2023-09-29T10:00,459,0.222,26.6,47,0
2023-09-29T11:00,580,0.221,27.6,42,0
2023-09-29T12:00,650,0.22,27.9,41,0
2023-09-29T13:00,665,0.218,27.1,52,0
2023-09-29T14:00,625,0.217,26.1,53,0
2023-09-29T15:00,530,0.216,26.3,47,0
2023-09-29T16:00,392,0.216,25.7,49,0
2023-09-29T17:00,229,0.215,25,52,0
2023-09-29T18:00,70,0.215,23.2,71,0
2023-09-29T19:00,1,0.215,22.6,64,0
2023-09-29T20:00,0,0.215,21.9,65,0
2023-09-29T21:00,0,0.215,21,68,0
2023-09-29T22:00,0,0.215,20.8,68,0
2023-09-29T23:00,0,0.215,20,74,0
2023-09-30T00:00,0,0.215,19.7,75,0
2023-09-30T01:00,0,0.215,20,69,0
2023-09-30T02:00,0,0.215,19.2,72,0
2023-09-30T03:00,0,0.215,19,70,0
2023-09-30T04:00,0,0.215,17.6,73,0
2023-09-30T05:00,0,0.215,16.3,79,0
2023-09-30T06:00,0,0.215,16.1,80,0
2023-09-30T07:00,13,0.215,16.6,78,0
2023-09-30T08:00,128,0.215,20.9,69,0
2023-09-30T09:00,294,0.215,24.9,53,0
2023-09-30T10:00,448,0.214,25.9,52,0
2023-09-30T11:00,564,0.213,26.3,54,0
2023-09-30T12:00,633,0.212,26.2,59,0
2023-09-30T13:00,652,0.211,25.8,57,0
2023-09-30T14:00,611,0.21,26.3,54,0
2023-09-30T15:00,519,0.209,26,55,0
2023-09-30T16:00,383,0.208,25.5,58,0
2023-09-30T17:00,221,0.208,24.9,60,0
2023-09-30T18:00,65,0.208,23.1,77,0
2023-09-30T19:00,0,0.208,23.1,66,0
2023-09-30T20:00,0,0.208,21.1,79,0
2023-09-30T21:00,0,0.208,20.5,80,0
2023-09-30T22:00,0,0.208,20.2,79,0
2023-09-30T23:00,0,0.208,19.3,80,0
2023-10-01T00:00,0,0.208,18.5,81,0
2023-10-01T01:00,0,0.209,17.8,82,0
2023-10-01T02:00,0,0.209,17.9,81,0
2023-10-01T03:00,0,0.209,17.9,80,0
2023-10-01T04:00,0,0.209,17.8,79,0
2023-10-01T05:00,0,0.209,17.8,79,0
2023-10-01T06:00,0,0.209,18.1,78,0
2023-10-01T07:00,12,0.209,18.8,76,0
2023-10-01T08:00,126,0.209,22.4,67,0
2023-10-01T09:00,293,0.208,25.7,58,0
2023-10-01T10:00,448,0.208,27,53,0
2023-10-01T11:00,567,0.207,27.9,49,0
2023-10-01T12:00,638,0.206,28.4,47,0
2023-10-01T13:00,653,0.205,27.3,60,0
2023-10-01T14:00,608,0.204,26.9,61,0
2023-10-01T15:00,511,0.203,26.6,57,0
2023-10-01T16:00,374,0.203,26.7,55,0
2023-10-01T17:00,215,0.202,26.1,56,0
2023-10-01T18:00,61,0.202,24.5,68,0
2023-10-01T19:00,0,0.202,23,74,0
2023-10-01T20:00,0,0.202,22.4,73,0
2023-10-01T21:00,0,0.202,20.9,79,0
2023-10-01T22:00,0,0.202,19.5,81,0
2023-10-01T23:00,0,0.202,18.7,82,0
2023-10-02T00:00,0,0.202,18.4,83,0
2023-10-02T01:00,0,0.202,18.5,84,0
2023-10-02T02:00,0,0.202,18.5,85,0
2023-10-02T03:00,0,0.202,18.2,86,0
2023-10-02T04:00,0,0.202,17.7,87,0
2023-10-02T05:00,0,0.202,17.4,88,0
2023-10-02T06:00,0,0.203,17.1,88,0
2023-10-02T07:00,11,0.203,17.4,86,0
2023-10-02T08:00,124,0.202,21.8,73,0
2023-10-02T09:00,290,0.202,25.3,59,0
2023-10-02T10:00,445,0.202,26.2,56,0
2023-10-02T11:00,564,0.201,26.8,55,0
2023-10-02T12:00,635,0.2,27,55,0
2023-10-02T13:00,651,0.199,26.2,56,0
2023-10-02T14:00,609,0.198,26.2,55,0
2023-10-02T15:00,516,0.197,26.1,55,0
2023-10-02T16:00,378,0.197,25.4,58,0
2023-10-02T17:00,214,0.196,24.5,61,0
2023-10-02T18:00,59,0.196,23,72,0
2023-10-02T19:00,0,0.197,21.5,78,0
2023-10-02T20:00,0,0.197,20.8,78,0
2023-10-02T21:00,0,0.197,20.1,80,0
2023-10-02T22:00,0,0.197,19.8,80,0
2023-10-02T23:00,0,0.197,19.5,80,0
2023-10-03T00:00,0,0.197,19.4,79,0
2023-10-03T01:00,0,0.197,18.6,80,0
2023-10-03T02:00,0,0.197,18.8,80,0
2023-10-03T03:00,0,0.197,18.5,81,0
2023-10-03T04:00,0,0.197,18.2,81,0
2023-10-03T05:00,0,0.197,18,81,0
2023-10-03T06:00,0,0.197,17.9,81,0
2023-10-03T07:00,10,0.197,18.3,81,0
2023-10-03T08:00,119,0.197,21.2,71,0
2023-10-03T09:00,282,0.197,22.4,72,0
2023-10-03T10:00,438,0.197,23.3,69,0
2023-10-03T11:00,547,0.196,23.8,69,0
2023-10-03T12:00,627,0.195,24.3,69,0
2023-10-03T13:00,639,0.197,24,67,0
2023-10-03T14:00,528,0.196,24.1,67,0
2023-10-03T15:00,448,0.196,23.4,71,0
2023-10-03T16:00,328,0.195,22.9,71,0
2023-10-03T17:00,190,0.195,22.1,74,0
2023-10-03T18:00,51,0.195,20.7,85,0
2023-10-03T19:00,0,0.195,20.1,84,0
2023-10-03T20:00,0,0.195,19.6,87,0
2023-10-03T21:00,0,0.195,19.3,90,0
2023-10-03T22:00,0,0.195,19.6,91,0
2023-10-03T23:00,0,0.195,20.2,92,0
2023-10-04T00:00,0,0.195,20.2,91,0
2023-10-04T01:00,0,0.194,19.9,89,0
2023-10-04T02:00,0,0.194,19.7,89,0
2023-10-04T03:00,0,0.194,19.8,89,0
2023-10-04T04:00,0,0.194,19.5,90,0
2023-10-04T05:00,0,0.194,19.4,89,0
2023-10-04T06:00,0,0.194,19.8,87,0
2023-10-04T07:00,4,0.194,20.5,89,0
2023-10-04T08:00,33,0.194,20.9,90,0
2023-10-04T09:00,111,0.194,21.7,87,0
2023-10-04T10:00,187,0.194,22.7,80,0
2023-10-04T11:00,435,0.194,24.7,67,0
2023-10-04T12:00,577,0.194,25.8,60,0
2023-10-04T13:00,567,0.199,25.1,72,0.3
2023-10-04T14:00,507,0.202,24.5,70,0.5
2023-10-04T15:00,393,0.203,24.1,76,0.2
2023-10-04T16:00,335,0.203,23.6,79,0.1
2023-10-04T17:00,151,0.203,22.8,84,0
2023-10-04T18:00,41,0.203,21.7,92,0
2023-10-04T19:00,0,0.203,21.2,92,0
2023-10-04T20:00,0,0.203,20.9,91,0
2023-10-04T21:00,0,0.203,20.6,87,0
2023-10-04T22:00,0,0.203,20,83,0
2023-10-04T23:00,0,0.203,19.2,85,0
2023-10-05T00:00,0,0.203,18.9,86,0
2023-10-05T01:00,0,0.204,19,86,0
2023-10-05T02:00,0,0.204,18.8,86,0
2023-10-05T03:00,0,0.204,18.4,87,0
2023-10-05T04:00,0,0.204,18.3,86,0
2023-10-05T05:00,0,0.204,18.3,85,0
2023-10-05T06:00,0,0.204,18.2,86,0
2023-10-05T07:00,7,0.204,18.4,87,0
2023-10-05T08:00,92,0.204,21.2,78,0
2023-10-05T09:00,246,0.203,23.4,69,0
2023-10-05T10:00,374,0.203,24.7,64,0
2023-10-05T11:00,534,0.202,25.6,61,0
2023-10-05T12:00,524,0.203,25.3,66,0.1
2023-10-05T13:00,390,0.201,24.4,70,0.1
2023-10-05T14:00,531,0.2,25.2,65,0
2023-10-05T15:00,422,0.2,24.8,67,0
2023-10-05T16:00,290,0.199,24.3,71,0
2023-10-05T17:00,168,0.199,23.3,78,0
2023-10-05T18:00,41,0.199,21.8,91,0
2023-10-05T19:00,0,0.199,20.6,91,0
2023-10-05T20:00,0,0.199,20.4,86,0
2023-10-05T21:00,0,0.199,19.8,86,0
2023-10-05T22:00,0,0.199,18.7,89,0
2023-10-05T23:00,0,0.199,18.3,90,0
2023-10-06T00:00,0,0.199,18,90,0
2023-10-06T01:00,0,0.199,18.6,91,0
2023-10-06T02:00,0,0.199,19,88,0
2023-10-06T03:00,0,0.199,18.1,90,0
2023-10-06T04:00,0,0.199,17.6,89,0
2023-10-06T05:00,0,0.199,17.1,88,0
2023-10-06T06:00,0,0.199,16.6,89,0
2023-10-06T07:00,7,0.199,16.5,88,0
2023-10-06T08:00,109,0.199,20.3,75,0
2023-10-06T09:00,272,0.199,23.2,67,0
2023-10-06T10:00,424,0.198,24.5,64,0
2023-10-06T11:00,513,0.197,25.6,59,0
2023-10-06T12:00,568,0.197,25.4,67,0
2023-10-06T13:00,594,0.196,25,72,0
2023-10-06T14:00,489,0.195,24.3,70,0
2023-10-06T15:00,471,0.195,24.7,64,0
2023-10-06T16:00,332,0.194,24.8,63,0
2023-10-06T17:00,185,0.194,24.1,66,0
2023-10-06T18:00,42,0.194,22.1,81,0
2023-10-06T19:00,0,0.194,21.4,80,0
2023-10-06T20:00,0,0.194,20.6,81,0
2023-10-06T21:00,0,0.194,19.1,83,0
2023-10-06T22:00,0,0.194,18.2,82,0
2023-10-06T23:00,0,0.194,17.7,82,0
2023-10-07T00:00,0,0.194,17.2,85,0
2023-10-07T01:00,0,0.194,16.6,88,0
2023-10-07T02:00,0,0.194,16.7,87,0
2023-10-07T03:00,0,0.194,16.4,89,0
2023-10-07T04:00,0,0.194,16.1,90,0
2023-10-07T05:00,0,0.194,15.8,90,0
2023-10-07T06:00,0,0.194,15.8,89,0
2023-10-07T07:00,6,0.194,16.6,85,0
2023-10-07T08:00,101,0.194,20.4,73,0
2023-10-07T09:00,257,0.194,23.5,62,0
2023-10-07T10:00,418,0.193,24.3,61,0
2023-10-07T11:00,536,0.193,24.7,62,0
2023-10-07T12:00,604,0.192,24.8,64,0
2023-10-07T13:00,623,0.191,24.6,65,0
2023-10-07T14:00,556,0.19,25,64,0
2023-10-07T15:00,448,0.19,24.4,67,0
2023-10-07T16:00,348,0.189,23.8,67,0
2023-10-07T17:00,186,0.189,23,69,0
2023-10-07T18:00,41,0.189,22.1,72,0
2023-10-07T19:00,0,0.189,20.5,82,0
2023-10-07T20:00,0,0.189,19.9,83,0
2023-10-07T21:00,0,0.189,19,86,0
2023-10-07T22:00,0,0.189,18.9,86,0
2023-10-07T23:00,0,0.189,18.3,87,0
2023-10-08T00:00,0,0.189,18.1,86,0
2023-10-08T01:00,0,0.189,17.4,76,0
2023-10-08T02:00,0,0.189,17,68,0
2023-10-08T03:00,0,0.189,16.9,60,0
2023-10-08T04:00,0,0.189,17,54,0
2023-10-08T05:00,0,0.189,17.4,54,0
2023-10-08T06:00,0,0.189,17.4,53,0
2023-10-08T07:00,6,0.189,17.7,53,0
2023-10-08T08:00,106,0.189,20.5,53,0
2023-10-08T09:00,269,0.189,24.3,48,0
2023-10-08T10:00,421,0.188,25.4,54,0
2023-10-08T11:00,538,0.188,26.5,53,0
2023-10-08T12:00,606,0.187,27,52,0
2023-10-08T13:00,620,0.186,26.1,54,0
2023-10-08T14:00,578,0.185,26.3,56,0
2023-10-08T15:00,483,0.185,25.2,64,0
2023-10-08T16:00,344,0.184,23.7,73,0
2023-10-08T17:00,181,0.184,22.8,79,0
2023-10-08T18:00,38,0.184,21.1,90,0
2023-10-08T19:00,0,0.184,20.7,89,0
2023-10-08T20:00,0,0.184,21,85,0
2023-10-08T21:00,0,0.184,21.9,79,0
2023-10-08T22:00,0,0.184,21.7,81,0
2023-10-08T23:00,0,0.184,21.3,83,0
2023-10-09T00:00,0,0.184,21.5,82,0
2023-10-09T01:00,0,0.179,21.1,88,0
2023-10-09T02:00,0,0.179,20.3,95,0
2023-10-09T03:00,0,0.179,19.8,99,0
2023-10-09T04:00,0,0.179,19.7,97,0
2023-10-09T05:00,0,0.179,19.5,99,0
2023-10-09T06:00,0,0.179,19.4,99,0
2023-10-09T07:00,4,0.179,19.5,95,0
2023-10-09T08:00,76,0.179,20.1,92,0
2023-10-09T09:00,203,0.179,21,89,0
2023-10-09T10:00,324,0.179,21.9,82,0
2023-10-09T11:00,499,0.179,23.1,74,0
2023-10-09T12:00,580,0.178,23.6,72,0
2023-10-09T13:00,588,0.187,23.1,75,0
2023-10-09T14:00,559,0.186,23.5,75,0
2023-10-09T15:00,471,0.186,23.2,76,0
2023-10-09T16:00,333,0.185,22.6,79,0
2023-10-09T17:00,167,0.185,21.6,84,0
2023-10-09T18:00,33,0.185,20.2,92,0
2023-10-09T19:00,0,0.185,19.7,95,0
2023-10-09T20:00,0,0.185,19.3,97,0
2023-10-09T21:00,0,0.185,18.8,99,0
2023-10-09T22:00,0,0.185,18.4,100,0
2023-10-09T23:00,0,0.185,18,100,0
2023-10-10T00:00,0,0.185,18,99,0
2023-10-10T01:00,0,0.186,18.9,100,0
2023-10-10T02:00,0,0.186,19.3,98,0
2023-10-10T03:00,0,0.186,19.2,99,0
2023-10-10T04:00,0,0.186,19.1,99,0
2023-10-10T05:00,0,0.187,19,99,0
2023-10-10T06:00,0,0.187,19.1,99,0
2023-10-10T07:00,2,0.187,19.2,99,0
2023-10-10T08:00,42,0.187,19.7,95,0
2023-10-10T09:00,107,0.187,20.3,92,0
2023-10-10T10:00,237,0.187,21.5,86,0
2023-10-10T11:00,364,0.186,22.5,80,0
2023-10-10T12:00,550,0.186,24,70,0
2023-10-10T13:00,596,0.184,23.8,70,0
2023-10-10T14:00,510,0.183,24,69,0
2023-10-10T15:00,421,0.183,23.7,70,0
2023-10-10T16:00,306,0.183,22.8,74,0
2023-10-10T17:00,161,0.183,21.6,80,0
2023-10-10T18:00,26,0.183,20.6,87,0
2023-10-10T19:00,0,0.183,20.1,89,0
2023-10-10T20:00,0,0.183,19.5,92,0
2023-10-10T21:00,0,0.183,19.3,93,0
2023-10-10T22:00,0,0.183,19,94,0
2023-10-10T23:00,0,0.183,18.7,95,0
2023-10-11T00:00,0,0.183,18.3,97,0
2023-10-11T01:00,0,0.183,18.9,97,0
2023-10-11T02:00,0,0.183,19.1,95,0
2023-10-11T03:00,0,0.183,18.9,95,0
2023-10-11T04:00,0,0.183,18.8,95,0
2023-10-11T05:00,0,0.183,18.1,97,0
2023-10-11T06:00,0,0.183,17.4,96,0
2023-10-11T07:00,3,0.183,16.8,94,0
2023-10-11T08:00,79,0.183,19.5,82,0
2023-10-11T09:00,230,0.183,21.2,82,0
2023-10-11T10:00,385,0.183,22.5,76,0
2023-10-11T11:00,511,0.182,23.7,70,0
2023-10-11T12:00,580,0.182,24.3,68,0
2023-10-11T13:00,585,0.183,23.5,72,0
2023-10-11T14:00,493,0.182,23.9,70,0
2023-10-11T15:00,343,0.182,23.2,73,0
2023-10-11T16:00,244,0.182,22.5,77,0
2023-10-11T17:00,97,0.182,21.9,80,0
2023-10-11T18:00,26,0.182,20.8,87,0
2023-10-11T19:00,0,0.182,20.1,92,0
2023-10-11T20:00,0,0.182,20.3,91,0
2023-10-11T21:00,0,0.182,19.9,93,0
2023-10-11T22:00,0,0.182,19.5,95,0
2023-10-11T23:00,0,0.182,19.3,96,0
2023-10-12T00:00,0,0.182,19.1,97,0
2023-10-12T01:00,0,0.179,19.7,99,0
2023-10-12T02:00,0,0.18,19.6,99,0.1
2023-10-12T03:00,0,0.18,19.6,99,0
2023-10-12T04:00,0,0.18,19.6,99,0
2023-10-12T05:00,0,0.18,19.8,98,0
2023-10-12T06:00,0,0.18,19.7,99,0
2023-10-12T07:00,1,0.18,19.8,99,0
2023-10-12T08:00,61,0.181,20.7,88,0
2023-10-12T09:00,200,0.181,21.5,83,0
2023-10-12T10:00,307,0.182,22.2,78,0.1
2023-10-12T11:00,270,0.183,22.3,77,0.2
2023-10-12T12:00,338,0.186,22.8,76,0.4
2023-10-12T13:00,277,0.19,22.3,80,0.4
2023-10-12T14:00,243,0.193,21.9,83,0.4
2023-10-12T15:00,180,0.195,21.4,87,0.2
2023-10-12T16:00,149,0.196,21.4,85,0.1
2023-10-12T17:00,63,0.196,21,85,0
2023-10-12T18:00,13,0.196,20.3,90,0
2023-10-12T19:00,0,0.196,19.6,95,0
2023-10-12T20:00,0,0.196,19.6,95,0
2023-10-12T21:00,0,0.196,19,96,0
2023-10-12T22:00,0,0.196,18.8,97,0
2023-10-12T23:00,0,0.196,18.7,98,0
2023-10-13T00:00,0,0.196,18.8,97,0
2023-10-13T01:00,0,0.197,19.5,97,0
2023-10-13T02:00,0,0.197,19.4,96,0
2023-10-13T03:00,0,0.197,19.4,96,0
2023-10-13T04:00,0,0.197,19.2,97,0
2023-10-13T05:00,0,0.197,18.9,98,0
2023-10-13T06:00,0,0.197,18.9,98,0
2023-10-13T07:00,2,0.197,18.8,98,0
2023-10-13T08:00,51,0.197,19.8,93,0
2023-10-13T09:00,125,0.198,20.7,83,0
2023-10-13T10:00,317,0.198,21.7,77,0.1
2023-10-13T11:00,376,0.199,22.5,72,0.1
2023-10-13T12:00,471,0.199,23.2,69,0.1
2023-10-13T13:00,457,0.203,22.7,72,0.3
2023-10-13T14:00,411,0.205,22.8,75,0.3
2023-10-13T15:00,366,0.208,22.3,79,0.4
2023-10-13T16:00,242,0.208,21.8,81,0
2023-10-13T17:00,128,0.208,20.9,82,0
2023-10-13T18:00,24,0.208,18.2,95,0
2023-10-13T19:00,0,0.208,18,96,0
2023-10-13T20:00,0,0.208,18.8,97,0
2023-10-13T21:00,0,0.208,17.8,99,0
2023-10-13T22:00,0,0.208,17.9,97,0
2023-10-13T23:00,0,0.208,17.6,96,0
2023-10-14T00:00,0,0.208,17.6,98,0
2023-10-14T01:00,0,0.206,17.5,96,0
2023-10-14T02:00,0,0.206,18.6,96,0
2023-10-14T03:00,0,0.206,18.3,96,0
2023-10-14T04:00,0,0.206,17.9,98,0
2023-10-14T05:00,0,0.206,17.3,99,0
2023-10-14T06:00,0,0.206,16.6,98,0
2023-10-14T07:00,2,0.206,16.2,97,0
2023-10-14T08:00,61,0.206,17.4,95,0
2023-10-14T09:00,175,0.206,19.8,86,0
2023-10-14T10:00,347,0.206,21.2,77,0
2023-10-14T11:00,469,0.205,22.3,69,0
2023-10-14T12:00,482,0.205,22.6,68,0
2023-10-14T13:00,501,0.207,23,67,0
2023-10-14T14:00,482,0.206,23.2,67,0
2023-10-14T15:00,369,0.205,22.8,70,0
2023-10-14T16:00,263,0.205,22.1,76,0
2023-10-14T17:00,137,0.205,21.5,79,0
2023-10-14T18:00,19,0.205,20.5,86,0
2023-10-14T19:00,0,0.205,20.2,91,0
2023-10-14T20:00,0,0.205,19.8,94,0
2023-10-14T21:00,0,0.205,19.6,92,0
2023-10-14T22:00,0,0.205,19.8,90,0
2023-10-14T23:00,0,0.205,19.5,91,0
2023-10-15T00:00,0,0.205,19,91,0
2023-10-15T01:00,0,0.203,20.2,90,0
2023-10-15T02:00,0,0.203,19.5,87,0
2023-10-15T03:00,0,0.203,18.4,86,0
2023-10-15T04:00,0,0.203,17,85,0
2023-10-15T05:00,0,0.203,16.1,85,0
2023-10-15T06:00,0,0.203,15.9,83,0
2023-10-15T07:00,2,0.203,15.7,83,0
2023-10-15T08:00,77,0.203,18.7,74,0
2023-10-15T09:00,229,0.203,22.4,67,0
2023-10-15T10:00,378,0.202,23.8,58,0
2023-10-15T11:00,491,0.201,24.9,47,0
2023-10-15T12:00,571,0.201,25.3,45,0
2023-10-15T13:00,571,0.2,25.3,47,0
2023-10-15T14:00,524,0.199,25.5,43,0
2023-10-15T15:00,419,0.198,25.4,38,0
2023-10-15T16:00,296,0.198,25,33,0
2023-10-15T17:00,144,0.197,23.5,39,0
2023-10-15T18:00,21,0.197,21,47,0
2023-10-15T19:00,0,0.197,20.3,37,0
2023-10-15T20:00,0,0.197,18.8,34,0
2023-10-15T21:00,0,0.197,17.7,33,0
2023-10-15T22:00,0,0.196,17.6,30,0
2023-10-15T23:00,0,0.196,17.4,32,0
2023-10-16T00:00,0,0.196,17.4,36,0
2023-10-16T01:00,0,0.201,17.5,38,0
2023-10-16T02:00,0,0.201,17.4,40,0
2023-10-16T03:00,0,0.201,17.3,43,0
2023-10-16T04:00,0,0.201,16.3,65,0
2023-10-16T05:00,0,0.201,16.2,71,0
2023-10-16T06:00,0,0.201,16.4,67,0
2023-10-16T07:00,1,0.201,16.3,65,0
2023-10-16T08:00,34,0.2,16.3,65,0
2023-10-16T09:00,90,0.2,16.4,65,0
2023-10-16T10:00,180,0.2,17,62,0
2023-10-16T11:00,167,0.2,16.7,61,0
2023-10-16T12:00,225,0.199,17.1,60,0
2023-10-16T13:00,265,0.193,17.2,57,0
2023-10-16T14:00,253,0.193,17.2,58,0
2023-10-16T15:00,288,0.193,17.1,59,0
2023-10-16T16:00,175,0.193,16.5,60,0
2023-10-16T17:00,73,0.192,15.8,63,0
2023-10-16T18:00,9,0.192,15.4,64,0
2023-10-16T19:00,0,0.192,14.7,66,0
2023-10-16T20:00,0,0.192,15.3,63,0
2023-10-16T21:00,0,0.192,15.6,61,0
2023-10-16T22:00,0,0.192,15.2,62,0
2023-10-16T23:00,0,0.192,14.4,65,0
2023-10-17T00:00,0,0.192,14.4,65,0
2023-10-17T01:00,0,0.189,15,62,0
2023-10-17T02:00,0,0.189,14.9,62,0
2023-10-17T03:00,0,0.189,14.2,64,0
2023-10-17T04:00,0,0.189,14.3,63,0
2023-10-17T05:00,0,0.189,14.2,62,0
2023-10-17T06:00,0,0.189,14.2,61,0
2023-10-17T07:00,1,0.189,14,61,0
2023-10-17T08:00,72,0.189,14.9,59,0
2023-10-17T09:00,215,0.189,16.8,52,0
2023-10-17T10:00,331,0.188,17.9,49,0
2023-10-17T11:00,464,0.188,19.1,46,0
2023-10-17T12:00,533,0.187,20.1,44,0
2023-10-17T13:00,500,0.188,20.1,46,0
2023-10-17T14:00,429,0.187,20.5,45,0
2023-10-17T15:00,312,0.187,20.1,46,0
2023-10-17T16:00,200,0.187,19.1,49,0
2023-10-17T17:00,64,0.186,18.1,52,0
2023-10-17T18:00,9,0.186,17.5,54,0
2023-10-17T19:00,0,0.186,16.9,55,0
2023-10-17T20:00,0,0.186,16.2,56,0
2023-10-17T21:00,0,0.186,16.4,55,0
2023-10-17T22:00,0,0.186,16.3,54,0
2023-10-17T23:00,0,0.186,15.9,56,0
2023-10-18T00:00,0,0.186,15.8,56,0
2023-10-18T01:00,0,0.189,15,57,0
2023-10-18T02:00,0,0.189,15.2,56,0
2023-10-18T03:00,0,0.189,15.2,56,0
2023-10-18T04:00,0,0.189,15.3,57,0
2023-10-18T05:00,0,0.189,15.3,57,0
2023-10-18T06:00,0,0.189,15.4,57,0
2023-10-18T07:00,0,0.189,15.5,59,0
2023-10-18T08:00,14,0.189,15.6,60,0.1
2023-10-18T09:00,84,0.189,16.2,58,0
2023-10-18T10:00,49,0.19,16.1,60,0.2
2023-10-18T11:00,91,0.193,16.2,62,0.3
2023-10-18T12:00,117,0.193,16.6,61,0
2023-10-18T13:00,189,0.188,16.5,61,0
2023-10-18T14:00,178,0.188,17.3,60,0
2023-10-18T15:00,125,0.187,17.3,59,0
2023-10-18T16:00,124,0.187,16.9,62,0
2023-10-18T17:00,59,0.187,16.3,65,0
2023-10-18T18:00,9,0.187,15.9,66,0
2023-10-18T19:00,0,0.187,15.5,67,0
2023-10-18T20:00,0,0.187,15,68,0
2023-10-18T21:00,0,0.187,14.9,67,0
2023-10-18T22:00,0,0.187,14.9,66,0
2023-10-18T23:00,0,0.187,14.5,66,0
2023-10-19T00:00,0,0.187,14.7,66,0
2023-10-19T01:00,0,0.186,14.2,68,0
2023-10-19T02:00,0,0.186,14.3,68,0
2023-10-19T03:00,0,0.186,14,68,0
2023-10-19T04:00,0,0.186,14.4,66,0
2023-10-19T05:00,0,0.186,14.5,66,0
2023-10-19T06:00,0,0.186,14.5,67,0
2023-10-19T07:00,0,0.186,14.6,68,0
2023-10-19T08:00,29,0.186,15.6,65,0
2023-10-19T09:00,44,0.186,15.7,65,0
2023-10-19T10:00,67,0.187,16,67,0.1
2023-10-19T11:00,148,0.197,16.8,72,1
2023-10-19T12:00,318,0.212,18.2,73,1.3
2023-10-19T13:00,254,0.188,18.3,69,0.1
2023-10-19T14:00,86,0.19,17.4,71,0.3
2023-10-19T15:00,218,0.19,18.7,68,0
2023-10-19T16:00,83,0.199,17.6,76,0.9
2023-10-19T17:00,50,0.201,17.2,82,0.3
2023-10-19T18:00,6,0.203,16.5,88,0.1
2023-10-19T19:00,0,0.203,16,88,0
2023-10-19T20:00,0,0.205,15.7,91,0.2
2023-10-19T21:00,0,0.207,15.9,91,0.2
2023-10-19T22:00,0,0.217,15.8,91,0.8
2023-10-19T23:00,0,0.249,16.3,92,2.2
2023-10-20T00:00,0,0.279,16.2,93,2.2
2023-10-20T01:00,0,0.324,16.8,88,1.7
2023-10-20T02:00,0,0.333,17,92,0.8
2023-10-20T03:00,0,0.365,16.8,95,2.5
2023-10-20T04:00,0,0.407,17.3,98,4.1
2023-10-20T05:00,0,0.411,18.3,97,2.4
2023-10-20T06:00,0,0.426,19.6,93,4.1
2023-10-20T07:00,0,0.41,19.1,91,1.9
2023-10-20T08:00,3,0.413,19.2,92,1.9
2023-10-20T09:00,11,0.415,18.9,95,2.5
2023-10-20T10:00,43,0.401,18.7,91,0.6
2023-10-20T11:00,126,0.393,18.3,86,0.5
2023-10-20T12:00,274,0.385,19.3,79,0.1
2023-10-20T13:00,202,0.383,18.2,94,0.2
2023-10-20T14:00,375,0.378,19.2,86,0.1
2023-10-20T15:00,273,0.374,19.4,79,0.1
2023-10-20T16:00,243,0.369,19.1,77,0
2023-10-20T17:00,119,0.366,18.6,76,0
2023-10-20T18:00,11,0.362,18,78,0
2023-10-20T19:00,0,0.36,17.8,77,0
2023-10-20T20:00,0,0.357,17.4,78,0
2023-10-20T21:00,0,0.355,17,79,0
2023-10-20T22:00,0,0.353,16.4,81,0
2023-10-20T23:00,0,0.351,15.2,83,0
2023-10-21T00:00,0,0.349,13.7,81,0
2023-10-21T01:00,0,0.347,14.8,78,0
2023-10-21T02:00,0,0.345,13.3,81,0
2023-10-21T03:00,0,0.344,12.7,83,0
2023-10-21T04:00,0,0.342,12.8,83,0
2023-10-21T05:00,0,0.341,12.5,82,0
2023-10-21T06:00,0,0.34,12.2,82,0
2023-10-21T07:00,0,0.338,12.6,79,0
2023-10-21T08:00,61,0.337,15.5,72,0
2023-10-21T09:00,210,0.336,19.2,61,0
2023-10-21T10:00,360,0.334,20.2,62,0
2023-10-21T11:00,422,0.332,20.9,63,0
2023-10-21T12:00,476,0.331,21.4,63,0
2023-10-21T13:00,523,0.329,20.4,70,0
2023-10-21T14:00,457,0.327,21,66,0
2023-10-21T15:00,384,0.325,20.6,69,0
2023-10-21T16:00,267,0.324,20,70,0
2023-10-21T17:00,114,0.323,19,79,0
2023-10-21T18:00,10,0.323,18.5,79,0
2023-10-21T19:00,0,0.322,16.3,87,0
2023-10-21T20:00,0,0.322,15.7,87,0
2023-10-21T21:00,0,0.321,13.5,92,0
2023-10-21T22:00,0,0.32,14.1,89,0
2023-10-21T23:00,0,0.32,14.5,85,0
2023-10-22T00:00,0,0.319,13.5,85,0
2023-10-22T01:00,0,0.319,14.6,84,0
2023-10-22T02:00,0,0.318,13.2,88,0
2023-10-22T03:00,0,0.318,12.6,89,0
2023-10-22T04:00,0,0.317,13.2,86,0
2023-10-22T05:00,0,0.317,13.8,85,0
2023-10-22T06:00,0,0.316,14.1,85,0
2023-10-22T07:00,0,0.316,13.3,88,0
2023-10-22T08:00,58,0.316,14.9,80,0
2023-10-22T09:00,202,0.315,17.8,68,0
2023-10-22T10:00,354,0.314,19.2,65,0
2023-10-22T11:00,462,0.313,20.2,61,0
2023-10-22T12:00,539,0.311,21,57,0
2023-10-22T13:00,496,0.31,19.9,63,0
2023-10-22T14:00,300,0.309,19.6,65,0
2023-10-22T15:00,114,0.308,18.3,74,0
2023-10-22T16:00,178,0.307,18.2,74,0
2023-10-22T17:00,77,0.307,17.6,77,0
2023-10-22T18:00,7,0.307,16.6,79,0
2023-10-22T19:00,0,0.307,15.6,84,0
2023-10-22T20:00,0,0.306,14.8,86,0
2023-10-22T21:00,0,0.306,13.6,89,0
2023-10-22T22:00,0,0.306,12.7,92,0
2023-10-22T23:00,0,0.306,13.2,89,0
2023-10-23T00:00,0,0.305,12.5,91,0
2023-10-23T01:00,0,0.306,14.5,80,0
2023-10-23T02:00,0,0.306,15,77,0
2023-10-23T03:00,0,0.305,14.6,76,0
2023-10-23T04:00,0,0.305,15.5,71,0
2023-10-23T05:00,0,0.305,14.2,74,0
2023-10-23T06:00,0,0.305,14,75,0
2023-10-23T07:00,0,0.304,13.8,77,0
2023-10-23T08:00,48,0.304,15.6,77,0
2023-10-23T09:00,96,0.304,17.3,76,0
2023-10-23T10:00,301,0.303,19.1,72,0
2023-10-23T11:00,334,0.302,19.9,68,0
2023-10-23T12:00,259,0.302,19.9,67,0
2023-10-23T13:00,145,0.304,19.8,67,0
2023-10-23T14:00,124,0.304,19.7,69,0
2023-10-23T15:00,104,0.304,19.5,70,0
2023-10-23T16:00,125,0.304,18.9,72,0.1
2023-10-23T17:00,55,0.308,18,76,0.5
2023-10-23T18:00,4,0.309,17.4,78,0.2
2023-10-23T19:00,0,0.308,17.3,77,0
2023-10-23T20:00,0,0.308,16.7,77,0
2023-10-23T21:00,0,0.308,15.8,79,0
2023-10-23T22:00,0,0.309,15.7,79,0.1
2023-10-23T23:00,0,0.309,15.6,80,0
2023-10-24T00:00,0,0.309,15.3,83,0
2023-10-24T01:00,0,0.303,15,83,0.5
2023-10-24T02:00,0,0.304,15.1,82,0.1
2023-10-24T03:00,0,0.305,15.2,82,0.2
2023-10-24T04:00,0,0.309,15,84,0.5
2023-10-24T05:00,0,0.333,14.7,89,1.9
2023-10-24T06:00,0,0.401,14.5,88,5.2
2023-10-24T07:00,0,0.426,14.3,88,3.4
2023-10-24T08:00,3,0.427,14.4,87,4.7
2023-10-24T09:00,16,0.426,14.6,88,4
2023-10-24T10:00,54,0.418,15.5,86,2.3
2023-10-24T11:00,110,0.409,17.1,83,0.2
2023-10-24T12:00,201,0.403,17.4,87,0.2
2023-10-24T13:00,150,0.401,17.1,93,0.4
2023-10-24T14:00,125,0.391,16.5,94,0.5
2023-10-24T15:00,83,0.388,16.1,96,0.2
2023-10-24T16:00,55,0.384,16.7,96,0
2023-10-24T17:00,45,0.381,17.1,97,0.1
2023-10-24T18:00,3,0.378,16.2,97,0
2023-10-24T19:00,0,0.376,15.6,90,0
2023-10-24T20:00,0,0.373,15.1,91,0
2023-10-24T21:00,0,0.371,14.7,93,0
2023-10-24T22:00,0,0.369,14.8,88,0
2023-10-24T23:00,0,0.367,14.5,90,0
2023-10-25T00:00,0,0.366,14.2,93,0
2023-10-25T01:00,0,0.364,12.3,93,0
2023-10-25T02:00,0,0.361,14.7,93,0
2023-10-25T03:00,0,0.36,13.5,94,0
2023-10-25T04:00,0,0.359,12.9,92,0
2023-10-25T05:00,0,0.358,12.7,91,0
2023-10-25T06:00,0,0.357,12.7,89,0
2023-10-25T07:00,0,0.356,13.5,85,0
2023-10-25T08:00,26,0.355,14.7,81,0
2023-10-25T09:00,93,0.354,16.2,84,0
2023-10-25T10:00,161,0.353,16.9,82,0
2023-10-25T11:00,396,0.351,18.2,74,0
2023-10-25T12:00,519,0.35,19.3,67,0
2023-10-25T13:00,523,0.348,20,63,0
2023-10-25T14:00,462,0.347,20.3,63,0
2023-10-25T15:00,376,0.345,20.4,65,0
2023-10-25T16:00,219,0.344,20.2,68,0
2023-10-25T17:00,94,0.344,18.7,83,0
2023-10-25T18:00,4,0.343,17.9,75,0
2023-10-25T19:00,0,0.343,16.7,80,0
2023-10-25T20:00,0,0.342,16.5,82,0
2023-10-25T21:00,0,0.342,16.8,82,0
2023-10-25T22:00,0,0.341,16.8,82,0
2023-10-25T23:00,0,0.341,16.8,83,0
2023-10-26T00:00,0,0.34,16,84,0
2023-10-26T01:00,0,0.34,14.8,85,0
2023-10-26T02:00,0,0.341,14.8,81,0
2023-10-26T03:00,0,0.341,14,85,0
2023-10-26T04:00,0,0.34,13.7,85,0
2023-10-26T05:00,0,0.34,14.1,82,0
2023-10-26T06:00,0,0.339,13.7,82,0
2023-10-26T07:00,0,0.339,14.2,80,0
2023-10-26T08:00,49,0.339,15.5,79,0
2023-10-26T09:00,152,0.338,17.4,75,0
2023-10-26T10:00,205,0.337,17.7,75,0
2023-10-26T11:00,416,0.336,18.4,73,0
2023-10-26T12:00,475,0.335,19,71,0
2023-10-26T13:00,452,0.334,20.4,68,0
2023-10-26T14:00,317,0.334,20.1,73,0
2023-10-26T15:00,304,0.333,20.9,75,0
2023-10-26T16:00,175,0.333,20.5,76,0
2023-10-26T17:00,45,0.332,19.5,81,0
2023-10-26T18:00,2,0.332,19.1,83,0
2023-10-26T19:00,0,0.332,18.9,84,0
2023-10-26T20:00,0,0.331,18.9,81,0
2023-10-26T21:00,0,0.331,18.6,85,0
2023-10-26T22:00,0,0.334,18.8,86,0.3
2023-10-26T23:00,0,0.334,18.3,88,0.1
2023-10-27T00:00,0,0.334,18.5,87,0.1
2023-10-27T01:00,0,0.334,18.9,88,0
2023-10-27T02:00,0,0.334,16.9,78,0
2023-10-27T03:00,0,0.333,14.7,83,0
2023-10-27T04:00,0,0.333,15.6,77,0
2023-10-27T05:00,0,0.333,15.1,80,0
2023-10-27T06:00,0,0.332,14.9,81,0
2023-10-27T07:00,0,0.332,14.6,82,0
2023-10-27T08:00,49,0.332,15.4,81,0
2023-10-27T09:00,188,0.331,18.7,73,0
2023-10-27T10:00,346,0.33,20.2,70,0
2023-10-27T11:00,460,0.329,21.2,68,0
2023-10-27T12:00,527,0.328,22.1,61,0
2023-10-27T13:00,476,0.327,22,62,0
2023-10-27T14:00,467,0.326,22.4,61,0
2023-10-27T15:00,384,0.325,21.7,67,0
2023-10-27T16:00,240,0.324,20.5,80,0
2023-10-27T17:00,92,0.324,18.9,90,0
2023-10-27T18:00,4,0.324,17.3,93,0
2023-10-27T19:00,0,0.323,16.1,94,0
2023-10-27T20:00,0,0.323,14.2,97,0
2023-10-27T21:00,0,0.323,13.1,92,0
2023-10-27T22:00,0,0.323,12.3,84,0
2023-10-27T23:00,0,0.323,11.4,74,0
2023-10-28T00:00,0,0.322,11,63,0
2023-10-28T01:00,0,0.322,11.3,55,0
2023-10-28T02:00,0,0.322,11,52,0
2023-10-28T03:00,0,0.322,12.4,50,0
2023-10-28T04:00,0,0.322,13.5,57,0
2023-10-28T05:00,0,0.321,13.5,53,0
2023-10-28T06:00,0,0.321,12.7,53,0
2023-10-28T07:00,0,0.321,11.2,63,0
2023-10-28T08:00,49,0.321,12.6,63,0
2023-10-28T09:00,196,0.32,17.1,55,0
2023-10-28T10:00,338,0.319,18.5,61,0
2023-10-28T11:00,449,0.319,19,65,0
2023-10-28T12:00,512,0.317,20.1,56,0
2023-10-28T13:00,502,0.316,21.2,45,0
2023-10-28T14:00,453,0.316,21,47,0
2023-10-28T15:00,387,0.315,20.2,51,0
2023-10-28T16:00,248,0.314,19.3,57,0
2023-10-28T17:00,95,0.314,18,65,0
2023-10-28T18:00,4,0.313,17.1,71,0
2023-10-28T19:00,0,0.313,15.9,77,0
2023-10-28T20:00,0,0.313,13.7,80,0
2023-10-28T21:00,0,0.313,12.5,80,0
2023-10-28T22:00,0,0.313,11.9,80,0
2023-10-28T23:00,0,0.313,11.7,80,0
2023-10-29T00:00,0,0.313,11.7,79,0
2023-10-29T01:00,0,0.313,12.8,76,0
2023-10-29T02:00,0,0.312,12,76,0
2023-10-29T03:00,0,0.312,13.1,72,0
2023-10-29T04:00,0,0.312,14.1,69,0
2023-10-29T05:00,0,0.312,15.4,65,0
2023-10-29T06:00,0,0.312,14.7,84,0
2023-10-29T07:00,0,0.312,14.6,85,0
2023-10-29T08:00,37,0.312,15.4,90,0
2023-10-29T09:00,140,0.312,16.9,80,0
2023-10-29T10:00,236,0.312,17.8,76,0
2023-10-29T11:00,368,0.312,18.4,82,0
2023-10-29T12:00,451,0.311,19.7,74,0
2023-10-29T13:00,408,0.311,19.9,69,0.1
2023-10-29T14:00,374,0.307,19.7,74,0
2023-10-29T15:00,309,0.307,19.4,74,0
2023-10-29T16:00,182,0.306,19.2,74,0
2023-10-29T17:00,67,0.306,18.2,77,0
2023-10-29T18:00,2,0.306,17.3,86,0
2023-10-29T19:00,0,0.306,16.6,85,0
2023-10-29T20:00,0,0.306,16.3,88,0
2023-10-29T21:00,0,0.306,16.2,89,0
2023-10-29T22:00,0,0.307,15.7,95,0
2023-10-29T23:00,0,0.307,16,93,0.1
2023-10-30T00:00,0,0.31,15.7,91,0.4
2023-10-30T01:00,0,0.321,15.4,93,0.9
2023-10-30T02:00,0,0.322,15.2,84,0
2023-10-30T03:00,0,0.322,14.5,87,0
2023-10-30T04:00,0,0.321,15.2,83,0
2023-10-30T05:00,0,0.321,15.3,82,0
2023-10-30T06:00,0,0.321,15.3,81,0.1
2023-10-30T07:00,0,0.321,15.1,83,0
2023-10-30T08:00,13,0.323,15.6,79,0.2
2023-10-30T09:00,46,0.325,15.6,79,0.3
2023-10-30T10:00,137,0.324,17,78,0
2023-10-30T11:00,240,0.324,19,72,0
2023-10-30T12:00,217,0.323,19.3,75,0
2023-10-30T13:00,93,0.323,17.8,75,0
2023-10-30T14:00,79,0.356,16.5,82,0.2
2023-10-30T15:00,73,0.355,17.8,78,0
2023-10-30T16:00,58,0.398,17.4,88,3.5
2023-10-30T17:00,7,0.423,17,93,4.2
2023-10-30T18:00,0,0.413,17.2,92,1.2
2023-10-30T19:00,0,0.413,16.3,96,1.1
2023-10-30T20:00,0,0.408,16.8,98,0.7
2023-10-30T21:00,0,0.4,16.7,94,0
2023-10-30T22:00,0,0.395,16.5,89,0
2023-10-30T23:00,0,0.39,16.3,84,0
2023-10-31T00:00,0,0.387,15.6,85,0
2023-10-31T01:00,0,0.384,15.9,87,0
2023-10-31T02:00,0,0.37,15.9,89,0
2023-10-31T03:00,0,0.367,15.4,92,0
2023-10-31T04:00,0,0.365,14.2,95,0
2023-10-31T05:00,0,0.364,13.3,93,0
2023-10-31T06:00,0,0.362,12.6,89,0
2023-10-31T07:00,0,0.36,11.9,88,0
2023-10-31T08:00,36,0.359,12.1,88,0
2023-10-31T09:00,166,0.357,15.7,78,0
2023-10-31T10:00,295,0.356,16.9,73,0
2023-10-31T11:00,314,0.354,18.2,63,0
2023-10-31T12:00,504,0.352,19.2,58,0
2023-10-31T13:00,512,0.35,19.2,62,0
2023-10-31T14:00,426,0.35,20,60,0
2023-10-31T15:00,358,0.348,19.8,63,0
2023-10-31T16:00,225,0.347,18.9,69,0
2023-10-31T17:00,84,0.346,17,80,0
2023-10-31T18:00,2,0.345,15.4,83,0
2023-10-31T19:00,0,0.345,13.8,87,0
2023-10-31T20:00,0,0.344,12.6,87,0
2023-10-31T21:00,0,0.343,12.5,85,0
2023-10-31T22:00,0,0.343,13,81,0
2023-10-31T23:00,0,0.342,12.8,80,0
2023-11-01T00:00,0,0.341,12.7,79,0
2023-11-01T01:00,0,0.341,13.7,86,0
2023-11-01T02:00,0,0.34,14.6,93,0
2023-11-01T03:00,0,0.34,14.9,93,0
2023-11-01T04:00,0,0.339,14.8,91,0
2023-11-01T05:00,0,0.339,14.4,92,0
2023-11-01T06:00,0,0.338,14.4,90,0
2023-11-01T07:00,0,0.338,14.1,89,0
2023-11-01T08:00,20,0.337,14.3,86,0
2023-11-01T09:00,107,0.337,16.2,78,0
2023-11-01T10:00,217,0.336,17.2,69,0
2023-11-01T11:00,250,0.335,17.4,72,0
2023-11-01T12:00,258,0.334,18,62,0
2023-11-01T13:00,240,0.333,18.2,58,0
2023-11-01T14:00,180,0.332,18.7,56,0
2023-11-01T15:00,124,0.331,18.4,56,0
2023-11-01T16:00,108,0.331,17.8,64,0
2023-11-01T17:00,48,0.331,16.8,74,0.1
2023-11-01T18:00,1,0.331,15.1,88,0
2023-11-01T19:00,0,0.331,14.7,91,0
2023-11-01T20:00,0,0.33,11.9,96,0
2023-11-01T21:00,0,0.33,12.2,92,0
2023-11-01T22:00,0,0.33,12.6,86,0
2023-11-01T23:00,0,0.329,12.8,87,0
2023-11-02T00:00,0,0.329,12,96,0
2023-11-02T01:00,0,0.329,12.1,96,0
2023-11-02T02:00,0,0.33,13,91,0
2023-11-02T03:00,0,0.329,12.7,91,0
2023-11-02T04:00,0,0.329,12.5,89,0
2023-11-02T05:00,0,0.329,12.4,90,0
2023-11-02T06:00,0,0.328,13.8,82,0
2023-11-02T07:00,0,0.329,13.1,92,0.2
2023-11-02T08:00,5,0.339,14,95,0.9
2023-11-02T09:00,40,0.372,14.2,96,2.5
2023-11-02T10:00,79,0.4,14.7,92,2.4
2023-11-02T11:00,67,0.418,14.3,95,2.4
2023-11-02T12:00,181,0.418,14.9,95,2.2
2023-11-02T13:00,297,0.41,17.6,88,0.8
2023-11-02T14:00,206,0.405,18.5,83,0.1
2023-11-02T15:00,152,0.398,19.3,73,0
2023-11-02T16:00,95,0.394,17.8,83,0.1
2023-11-02T17:00,50,0.391,16,93,0.1
2023-11-02T18:00,1,0.39,15.2,91,0.3
2023-11-02T19:00,0,0.388,16,86,0.2
2023-11-02T20:00,0,0.386,14,94,0
2023-11-02T21:00,0,0.385,14.2,93,0.2
2023-11-02T22:00,0,0.383,14.4,90,0.1
2023-11-02T23:00,0,0.381,14,89,0
2023-11-03T00:00,0,0.379,12.8,92,0
2023-11-03T01:00,0,0.378,12.4,90,0
2023-11-03T02:00,0,0.391,11.9,80,0
2023-11-03T03:00,0,0.389,11.6,82,0
2023-11-03T04:00,0,0.388,9.9,89,0
2023-11-03T05:00,0,0.388,9.1,90,0.2
2023-11-03T06:00,0,0.387,9.8,87,0
2023-11-03T07:00,0,0.385,10.2,87,0
2023-11-03T08:00,25,0.384,10.5,85,0
2023-11-03T09:00,177,0.383,13.4,85,0
2023-11-03T10:00,330,0.382,14.9,69,0
2023-11-03T11:00,392,0.38,16,60,0
2023-11-03T12:00,497,0.378,17.1,50,0
2023-11-03T13:00,376,0.377,17.1,47,0
2023-11-03T14:00,352,0.376,16.9,49,0
2023-11-03T15:00,350,0.374,17.8,47,0
2023-11-03T16:00,212,0.373,17.4,52,0
2023-11-03T17:00,76,0.373,15.3,62,0
2023-11-03T18:00,1,0.372,13.8,68,0
2023-11-03T19:00,0,0.371,12.2,75,0
2023-11-03T20:00,0,0.371,10.7,70,0
2023-11-03T21:00,0,0.37,9.9,65,0
2023-11-03T22:00,0,0.37,11.9,70,0
2023-11-03T23:00,0,0.369,12.2,79,0
2023-11-04T00:00,0,0.369,11.6,80,0
2023-11-04T01:00,0,0.368,10.6,79,0
2023-11-04T02:00,0,0.365,9.2,72,0
2023-11-04T03:00,0,0.365,7.8,68,0
2023-11-04T04:00,0,0.364,7,68,0
2023-11-04T05:00,0,0.364,7.7,63,0
2023-11-04T06:00,0,0.363,8.5,60,0
2023-11-04T07:00,0,0.363,10.1,61,0
2023-11-04T08:00,27,0.362,11.9,65,0
2023-11-04T09:00,128,0.362,13.7,71,0
2023-11-04T10:00,281,0.361,14.6,74,0
2023-11-04T11:00,290,0.36,15.1,59,0
2023-11-04T12:00,194,0.359,14.9,44,0
2023-11-04T13:00,144,0.359,14.9,50,0.1
2023-11-04T14:00,285,0.358,15.8,56,0
2023-11-04T15:00,98,0.359,14.3,68,0.2
2023-11-04T16:00,101,0.383,13.6,82,2.1
2023-11-04T17:00,37,0.382,13.1,86,0.1
2023-11-04T18:00,0,0.398,13,90,1.6
2023-11-04T19:00,0,0.396,13.2,92,0.3
2023-11-04T20:00,0,0.395,12.8,96,0.1
2023-11-04T21:00,0,0.396,11.7,91,0.4
2023-11-04T22:00,0,0.399,10.5,88,0.6
2023-11-04T23:00,0,0.398,10.3,89,0.3
2023-11-05T00:00,0,0.397,10.6,87,0.3
2023-11-05T01:00,0,0.394,9.5,83,0
2023-11-05T02:00,0,0.4,11.1,79,0.1
2023-11-05T03:00,0,0.397,11.8,77,0
2023-11-05T04:00,0,0.394,10.8,85,0
2023-11-05T05:00,0,0.392,10.9,89,0
2023-11-05T06:00,0,0.39,8.4,95,0
2023-11-05T07:00,0,0.388,9.9,93,0
2023-11-05T08:00,30,0.387,10.1,93,0
2023-11-05T09:00,148,0.385,13,84,0
2023-11-05T10:00,295,0.383,14.6,72,0
2023-11-05T11:00,406,0.382,16.4,64,0
2023-11-05T12:00,469,0.38,18.1,58,0
2023-11-05T13:00,489,0.378,19.2,47,0
2023-11-05T14:00,435,0.373,20.9,49,0
2023-11-05T15:00,342,0.372,20.4,49,0
2023-11-05T16:00,211,0.371,19.1,57,0
2023-11-05T17:00,68,0.37,18.4,52,0
2023-11-05T18:00,1,0.37,15.3,73,0
2023-11-05T19:00,0,0.369,14.8,73,0
2023-11-05T20:00,0,0.369,13.7,65,0
2023-11-05T21:00,0,0.368,12,61,0
2023-11-05T22:00,0,0.368,11.7,61,0
2023-11-05T23:00,0,0.367,12.5,66,0
2023-11-06T00:00,0,0.367,13.1,66,0
2023-11-06T01:00,0,0.366,12.2,70,0
2023-11-06T02:00,0,0.364,12.9,66,0
2023-11-06T03:00,0,0.364,10.9,72,0
2023-11-06T04:00,0,0.364,12,65,0
2023-11-06T05:00,0,0.363,12.5,59,0
2023-11-06T06:00,0,0.363,12.5,60,0
2023-11-06T07:00,0,0.363,11.1,77,0
2023-11-06T08:00,25,0.362,13,82,0
2023-11-06T09:00,122,0.362,14,89,0
2023-11-06T10:00,237,0.361,15.6,82,0
2023-11-06T11:00,415,0.36,17.3,71,0
2023-11-06T12:00,476,0.359,18,68,0
2023-11-06T13:00,473,0.358,18.6,61,0
2023-11-06T14:00,375,0.358,19.3,49,0
2023-11-06T15:00,309,0.357,18.9,48,0
2023-11-06T16:00,189,0.356,17.9,54,0
2023-11-06T17:00,60,0.356,16.2,62,0
2023-11-06T18:00,0,0.356,14.2,71,0
2023-11-06T19:00,0,0.355,12.7,72,0
2023-11-06T20:00,0,0.355,10.5,83,0
2023-11-06T21:00,0,0.355,9.2,85,0
2023-11-06T22:00,0,0.355,9.5,80,0
2023-11-06T23:00,0,0.354,9.7,80,0
2023-11-07T00:00,0,0.354,9.7,79,0
2023-11-07T01:00,0,0.354,9.5,77,0
2023-11-07T02:00,0,0.35,10.2,87,0
2023-11-07T03:00,0,0.35,10.1,84,0
2023-11-07T04:00,0,0.349,9.2,83,0
2023-11-07T05:00,0,0.349,8.4,82,0
2023-11-07T06:00,0,0.349,8,82,0
2023-11-07T07:00,0,0.349,7.9,83,0
2023-11-07T08:00,24,0.349,8.8,81,0
2023-11-07T09:00,138,0.348,13.1,74,0
2023-11-07T10:00,265,0.348,15.3,65,0
2023-11-07T11:00,379,0.347,15.9,65,0
2023-11-07T12:00,392,0.346,15.8,66,0
2023-11-07T13:00,388,0.345,15.5,70,0
2023-11-07T14:00,356,0.341,16.5,64,0
2023-11-07T15:00,319,0.34,16.8,59,0
2023-11-07T16:00,194,0.34,15.5,64,0
2023-11-07T17:00,61,0.34,13.8,75,0
2023-11-07T18:00,0,0.34,12.1,79,0
2023-11-07T19:00,0,0.34,10.7,78,0
2023-11-07T20:00,0,0.339,9.1,84,0
2023-11-07T21:00,0,0.339,8.2,88,0
2023-11-07T22:00,0,0.339,8,88,0
2023-11-07T23:00,0,0.339,8.7,83,0
2023-11-08T00:00,0,0.339,8.8,81,0
2023-11-08T01:00,0,0.339,8.8,80,0
2023-11-08T02:00,0,0.339,9.7,74,0
2023-11-08T03:00,0,0.339,8.2,80,0
2023-11-08T04:00,0,0.339,8.1,79,0
2023-11-08T05:00,0,0.339,8.6,77,0
2023-11-08T06:00,0,0.339,8.5,79,0
2023-11-08T07:00,0,0.338,7.9,82,0
2023-11-08T08:00,22,0.338,8.3,81,0
2023-11-08T09:00,137,0.338,12.7,73,0
2023-11-08T10:00,285,0.337,15.3,65,0
2023-11-08T11:00,400,0.337,16.1,62,0
2023-11-08T12:00,464,0.336,16.6,58,0
2023-11-08T13:00,473,0.335,17,56,0
2023-11-08T14:00,336,0.333,16.9,61,0
2023-11-08T15:00,303,0.333,16.4,65,0
2023-11-08T16:00,158,0.332,15.7,70,0
2023-11-08T17:00,44,0.332,15,73,0
2023-11-08T18:00,0,0.332,13.3,83,0
2023-11-08T19:00,0,0.332,12.9,81,0
2023-11-08T20:00,0,0.332,12.3,83,0
2023-11-08T21:00,0,0.332,11.5,86,0
2023-11-08T22:00,0,0.332,11.1,87,0
2023-11-08T23:00,0,0.332,11.2,86,0
2023-11-09T00:00,0,0.332,10.4,88,0
2023-11-09T01:00,0,0.332,10,89,0
2023-11-09T02:00,0,0.333,10.1,89,0
2023-11-09T03:00,0,0.333,8.8,92,0
2023-11-09T04:00,0,0.333,7.9,93,0
2023-11-09T05:00,0,0.333,7.5,90,0
2023-11-09T06:00,0,0.333,7.1,90,0
2023-11-09T07:00,0,0.333,7.1,90,0
2023-11-09T08:00,17,0.332,8.1,85,0
2023-11-09T09:00,88,0.332,11.8,76,0
2023-11-09T10:00,209,0.332,13.9,68,0
2023-11-09T11:00,112,0.332,13.9,74,0
2023-11-09T12:00,114,0.334,13.6,79,0.3
2023-11-09T13:00,66,0.347,12.9,86,1.2
2023-11-09T14:00,46,0.372,11.8,84,2.2
2023-11-09T15:00,32,0.415,11,86,3.5
2023-11-09T16:00,24,0.425,11.1,85,3.3
2023-11-09T17:00,6,0.422,9.8,85,1.9
2023-11-09T18:00,0,0.418,9.4,86,1.2
2023-11-09T19:00,0,0.41,9.7,86,0.3
2023-11-09T20:00,0,0.405,9.5,81,0.1
2023-11-09T21:00,0,0.4,9.7,78,0
2023-11-09T22:00,0,0.396,9.3,79,0
2023-11-09T23:00,0,0.393,8,83,0
2023-11-10T00:00,0,0.391,7.4,85,0
2023-11-10T01:00,0,0.389,7.1,86,0
2023-11-10T02:00,0,0.393,8.6,80,0
2023-11-10T03:00,0,0.391,8.3,83,0
2023-11-10T04:00,0,0.39,8.4,83,0
2023-11-10T05:00,0,0.39,9.2,82,0.1
2023-11-10T06:00,0,0.389,9.9,88,0.2
2023-11-10T07:00,0,0.389,9.9,89,0.1
2023-11-10T08:00,6,0.391,10.4,92,0.4
2023-11-10T09:00,62,0.389,11.1,86,0
2023-11-10T10:00,147,0.388,12.1,76,0
2023-11-10T11:00,261,0.386,13.2,70,0
2023-11-10T12:00,437,0.385,13.8,68,0
2023-11-10T13:00,444,0.383,13.7,67,0
2023-11-10T14:00,378,0.379,15.1,61,0
2023-11-10T15:00,302,0.377,14.8,64,0
2023-11-10T16:00,196,0.376,14.3,67,0
2023-11-10T17:00,55,0.376,12.3,75,0
2023-11-10T18:00,0,0.375,9.7,82,0
2023-11-10T19:00,0,0.374,7.7,85,0
2023-11-10T20:00,0,0.374,6.7,79,0
2023-11-10T21:00,0,0.373,6.8,70,0
2023-11-10T22:00,0,0.373,7.3,64,0
2023-11-10T23:00,0,0.372,6.8,59,0
2023-11-11T00:00,0,0.371,6.5,55,0
2023-11-11T01:00,0,0.371,6.3,55,0
2023-11-11T02:00,0,0.368,7.1,50,0
2023-11-11T03:00,0,0.368,6.8,49,0
2023-11-11T04:00,0,0.367,5.9,50,0
2023-11-11T05:00,0,0.367,6.2,50,0
2023-11-11T06:00,0,0.366,6.3,50,0
2023-11-11T07:00,0,0.366,5.6,52,0
2023-11-11T08:00,19,0.365,6.1,52,0
2023-11-11T09:00,145,0.364,10.5,57,0
2023-11-11T10:00,293,0.364,15.5,46,0
2023-11-11T11:00,406,0.363,17,34,0
2023-11-11T12:00,470,0.361,17.4,35,0
2023-11-11T13:00,476,0.36,16.4,44,0
2023-11-11T14:00,413,0.36,16.1,53,0
2023-11-11T15:00,328,0.359,15.6,54,0
2023-11-11T16:00,180,0.358,14.6,62,0
2023-11-11T17:00,52,0.358,12.9,67,0
2023-11-11T18:00,0,0.358,11.9,69,0
2023-11-11T19:00,0,0.358,10.8,71,0
2023-11-11T20:00,0,0.357,9.2,78,0
2023-11-11T21:00,0,0.357,8.5,80,0
2023-11-11T22:00,0,0.357,7.6,80,0
2023-11-11T23:00,0,0.356,7.3,77,0
2023-11-12T00:00,0,0.356,7.4,73,0
2023-11-12T01:00,0,0.356,7.7,71,0
2023-11-12T02:00,0,0.356,10,73,0
2023-11-12T03:00,0,0.355,10.6,80,0
2023-11-12T04:00,0,0.355,12.6,71,0
2023-11-12T05:00,0,0.355,10.9,82,0
2023-11-12T06:00,0,0.355,10.9,82,0
2023-11-12T07:00,0,0.354,12.8,66,0
2023-11-12T08:00,16,0.354,10.7,78,0
2023-11-12T09:00,118,0.354,13,71,0
2023-11-12T10:00,260,0.353,13.8,64,0
2023-11-12T11:00,383,0.352,14.5,54,0
2023-11-12T12:00,442,0.351,14.7,50,0
2023-11-12T13:00,458,0.35,15.4,49,0
2023-11-12T14:00,413,0.346,15.6,49,0
2023-11-12T15:00,319,0.345,16,51,0
2023-11-12T16:00,164,0.345,15.1,56,0
2023-11-12T17:00,48,0.345,12.7,68,0
2023-11-12T18:00,0,0.345,13.9,56,0
2023-11-12T19:00,0,0.345,13.5,58,0
2023-11-12T20:00,0,0.344,13.4,58,0
2023-11-12T21:00,0,0.344,12.3,65,0
2023-11-12T22:00,0,0.344,10.7,75,0
2023-11-12T23:00,0,0.344,10.9,72,0
2023-11-13T00:00,0,0.344,10.7,72,0
2023-11-13T01:00,0,0.344,10.8,71,0
2023-11-13T02:00,0,0.342,9.6,87,0
2023-11-13T03:00,0,0.342,10.1,85,0
2023-11-13T04:00,0,0.342,9,91,0
2023-11-13T05:00,0,0.342,7.7,95,0
2023-11-13T06:00,0,0.342,7.4,96,0
2023-11-13T07:00,0,0.342,8.3,92,0
2023-11-13T08:00,14,0.341,9.6,89,0
2023-11-13T09:00,109,0.341,12.4,85,0
2023-11-13T10:00,255,0.341,14.4,78,0
2023-11-13T11:00,369,0.34,14.9,73,0
2023-11-13T12:00,417,0.34,15.2,74,0
2023-11-13T13:00,396,0.339,15.3,73,0
2023-11-13T14:00,363,0.338,15.5,76,0
2023-11-13T15:00,242,0.337,15.4,77,0
2023-11-13T16:00,128,0.337,15,79,0
2023-11-13T17:00,36,0.337,13.8,87,0
2023-11-13T18:00,0,0.337,13.4,89,0
2023-11-13T19:00,0,0.337,13.2,91,0
2023-11-13T20:00,0,0.337,12.7,91,0
2023-11-13T21:00,0,0.337,12.2,93,0
2023-11-13T22:00,0,0.337,11.7,94,0
2023-11-13T23:00,0,0.337,11.6,93,0
2023-11-14T00:00,0,0.336,11.5,94,0
2023-11-14T01:00,0,0.336,11.4,95,0
2023-11-14T02:00,0,0.334,12.7,91,0
2023-11-14T03:00,0,0.334,12.8,93,0
2023-11-14T04:00,0,0.334,13.2,89,0
2023-11-14T05:00,0,0.334,13.7,87,0
2023-11-14T06:00,0,0.334,13.6,87,0
2023-11-14T07:00,0,0.334,12.9,88,0
2023-11-14T08:00,10,0.334,12.7,87,0
2023-11-14T09:00,82,0.334,14.7,84,0
2023-11-14T10:00,169,0.333,16.8,79,0
2023-11-14T11:00,279,0.333,17.7,76,0
2023-11-14T12:00,364,0.332,18.2,77,0
2023-11-14T13:00,430,0.332,18.1,80,0
2023-11-14T14:00,366,0.333,17.1,84,0
2023-11-14T15:00,275,0.332,16.5,88,0
2023-11-14T16:00,166,0.332,16.1,89,0
2023-11-14T17:00,43,0.332,14.4,96,0
2023-11-14T18:00,0,0.332,14.2,95,0
2023-11-14T19:00,0,0.332,13.7,94,0
2023-11-14T20:00,0,0.332,13.6,92,0
2023-11-14T21:00,0,0.332,13.2,92,0
2023-11-14T22:00,0,0.331,14.1,89,0
2023-11-14T23:00,0,0.331,14.7,86,0
2023-11-15T00:00,0,0.331,14,89,0
2023-11-15T01:00,0,0.331,15.4,80,0
2023-11-15T02:00,0,0.334,13.3,89,0
2023-11-15T03:00,0,0.333,12.5,85,0
2023-11-15T04:00,0,0.333,12.3,80,0
2023-11-15T05:00,0,0.333,11.2,80,0
2023-11-15T06:00,0,0.333,10.7,74,0
2023-11-15T07:00,0,0.333,10.6,67,0
2023-11-15T08:00,13,0.333,11.3,63,0
2023-11-15T09:00,123,0.333,14.5,58,0
2023-11-15T10:00,250,0.332,18,52,0
2023-11-15T11:00,373,0.332,19.3,53,0
2023-11-15T12:00,442,0.331,20.2,55,0
2023-11-15T13:00,453,0.33,20.8,45,0
2023-11-15T14:00,404,0.327,22.3,31,0
2023-11-15T15:00,313,0.326,21.7,33,0
2023-11-15T16:00,181,0.326,19.6,59,0
2023-11-15T17:00,45,0.326,18.9,43,0
2023-11-15T18:00,0,0.326,14.9,62,0
2023-11-15T19:00,0,0.326,16.5,46,0
2023-11-15T20:00,0,0.326,15,54,0
2023-11-15T21:00,0,0.326,13.7,59,0
2023-11-15T22:00,0,0.326,14.1,51,0
2023-11-15T23:00,0,0.326,11.9,54,0
2023-11-16T00:00,0,0.325,10.2,64,0
2023-11-16T01:00,0,0.325,9.8,68,0
2023-11-16T02:00,0,0.33,10.6,62,0
2023-11-16T03:00,0,0.33,11.3,58,0
2023-11-16T04:00,0,0.33,12.7,58,0
2023-11-16T05:00,0,0.33,12,62,0
2023-11-16T06:00,0,0.33,12.3,62,0
2023-11-16T07:00,0,0.33,12.2,58,0
2023-11-16T08:00,12,0.33,12.4,53,0
2023-11-16T09:00,94,0.329,13.5,59,0
2023-11-16T10:00,144,0.329,15.4,59,0
2023-11-16T11:00,160,0.329,15.8,69,0
2023-11-16T12:00,326,0.328,16.9,70,0
2023-11-16T13:00,271,0.328,16.8,72,0
2023-11-16T14:00,180,0.329,16.3,70,0
2023-11-16T15:00,88,0.329,15.6,72,0
2023-11-16T16:00,97,0.329,15,79,0
2023-11-16T17:00,36,0.328,13.4,87,0
2023-11-16T18:00,0,0.328,12.3,87,0
2023-11-16T19:00,0,0.328,11,90,0
2023-11-16T20:00,0,0.328,11.2,87,0
2023-11-16T21:00,0,0.328,10.8,88,0
2023-11-16T22:00,0,0.328,8.9,91,0
2023-11-16T23:00,0,0.328,9.3,80,0
2023-11-17T00:00,0,0.328,9.9,78,0
2023-11-17T01:00,0,0.327,9.5,74,0
2023-11-17T02:00,0,0.322,9.6,50,0
2023-11-17T03:00,0,0.322,8.4,47,0
2023-11-17T04:00,0,0.322,7.9,52,0
2023-11-17T05:00,0,0.322,8.2,53,0
2023-11-17T06:00,0,0.322,7.8,57,0
2023-11-17T07:00,0,0.322,7.3,60,0
2023-11-17T08:00,11,0.321,7.6,61,0
2023-11-17T09:00,120,0.321,11.5,61,0
2023-11-17T10:00,260,0.321,16.8,63,0
2023-11-17T11:00,372,0.32,18.8,37,0
2023-11-17T12:00,428,0.319,19,38,0
2023-11-17T13:00,420,0.318,19,32,0
2023-11-17T14:00,384,0.319,18.9,58,0
2023-11-17T15:00,286,0.318,18.5,57,0
2023-11-17T16:00,158,0.318,17.4,69,0
2023-11-17T17:00,40,0.318,15.2,58,0
2023-11-17T18:00,0,0.318,13,49,0
2023-11-17T19:00,0,0.318,11.8,50,0
2023-11-17T20:00,0,0.317,12,43,0
2023-11-17T21:00,0,0.317,12.1,37,0
2023-11-17T22:00,0,0.317,11.7,37,0
2023-11-17T23:00,0,0.317,11.7,37,0
2023-11-18T00:00,0,0.317,11.4,38,0
2023-11-18T01:00,0,0.316,10.2,42,0
2023-11-18T02:00,0,0.3,10.8,39,0
2023-11-18T03:00,0,0.3,10.3,41,0
2023-11-18T04:00,0,0.3,9.6,43,0
2023-11-18T05:00,0,0.3,8.7,44,0
2023-11-18T06:00,0,0.3,8.9,43,0
2023-11-18T07:00,0,0.3,8.8,42,0
2023-11-18T08:00,10,0.3,8.6,44,0
2023-11-18T09:00,111,0.3,11.3,46,0
2023-11-18T10:00,240,0.3,14.9,45,0
2023-11-18T11:00,349,0.299,16.8,31,0
2023-11-18T12:00,413,0.298,16.9,33,0
2023-11-18T13:00,417,0.298,16.6,42,0
2023-11-18T14:00,378,0.292,16.7,43,0
2023-11-18T15:00,285,0.292,15.9,51,0
2023-11-18T16:00,159,0.292,15,56,0
2023-11-18T17:00,36,0.292,12.8,69,0
2023-11-18T18:00,0,0.292,11.9,71,0
2023-11-18T19:00,0,0.292,13.1,58,0
2023-11-18T20:00,0,0.292,11.2,66,0
2023-11-18T21:00,0,0.292,10.8,70,0
2023-11-18T22:00,0,0.292,10.7,71,0
2023-11-18T23:00,0,0.292,10.3,71,0
2023-11-19T00:00,0,0.292,10,71,0
2023-11-19T01:00,0,0.292,10.1,69,0
2023-11-19T02:00,0,0.291,10.1,67,0
2023-11-19T03:00,0,0.292,9.7,77,0
2023-11-19T04:00,0,0.292,10.7,76,0
2023-11-19T05:00,0,0.292,9.9,83,0
2023-11-19T06:00,0,0.292,9.7,87,0
2023-11-19T07:00,0,0.292,9.6,90,0
2023-11-19T08:00,6,0.292,9.5,92,0
2023-11-19T09:00,80,0.292,11.4,88,0
2023-11-19T10:00,207,0.292,13.7,74,0
2023-11-19T11:00,314,0.292,14.9,70,0
2023-11-19T12:00,387,0.291,15.8,71,0
2023-11-19T13:00,362,0.291,16.1,71,0
2023-11-19T14:00,390,0.284,16.1,65,0
2023-11-19T15:00,297,0.283,15.8,68,0
2023-11-19T16:00,167,0.283,15.2,74,0
2023-11-19T17:00,31,0.283,13.9,84,0
2023-11-19T18:00,0,0.283,13.1,90,0
2023-11-19T19:00,0,0.283,12.8,92,0
2023-11-19T20:00,0,0.283,11.9,92,0
2023-11-19T21:00,0,0.283,10.9,94,0
2023-11-19T22:00,0,0.284,10.8,94,0
2023-11-19T23:00,0,0.284,11.3,92,0
2023-11-20T00:00,0,0.284,11.2,93,0
2023-11-20T01:00,0,0.284,10.9,93,0
2023-11-20T02:00,0,0.283,9.7,90,0
2023-11-20T03:00,0,0.283,10.7,88,0
2023-11-20T04:00,0,0.283,11.3,86,0
2023-11-20T05:00,0,0.283,11.3,86,0
2023-11-20T06:00,0,0.283,11.6,87,0
2023-11-20T07:00,0,0.283,11.8,91,0
2023-11-20T08:00,5,0.283,12,93,0
2023-11-20T09:00,64,0.284,13.6,90,0
2023-11-20T10:00,148,0.283,14.8,86,0
2023-11-20T11:00,237,0.283,16.1,79,0
2023-11-20T12:00,342,0.283,17.2,74,0
2023-11-20T13:00,368,0.283,17.4,72,0
2023-11-20T14:00,161,0.287,16.6,82,0.1
2023-11-20T15:00,116,0.287,16,85,0
2023-11-20T16:00,66,0.287,15.5,86,0
2023-11-20T17:00,17,0.287,14.9,87,0
2023-11-20T18:00,0,0.287,13.4,92,0
2023-11-20T19:00,0,0.287,12.6,90,0
2023-11-20T20:00,0,0.287,12.1,90,0
2023-11-20T21:00,0,0.287,12.2,90,0
2023-11-20T22:00,0,0.287,12.3,89,0
2023-11-20T23:00,0,0.287,12.7,88,0
2023-11-21T00:00,0,0.287,12.8,87,0
2023-11-21T01:00,0,0.287,13,85,0
2023-11-21T02:00,0,0.282,14,82,0
2023-11-21T03:00,0,0.282,13.7,76,0
2023-11-21T04:00,0,0.282,13,77,0
2023-11-21T05:00,0,0.282,12.7,75,0
2023-11-21T06:00,0,0.281,12.7,72,0
2023-11-21T07:00,0,0.281,12.7,69,0
2023-11-21T08:00,3,0.281,12.7,68,0
2023-11-21T09:00,37,0.281,13.1,65,0
2023-11-21T10:00,96,0.281,13.6,62,0
2023-11-21T11:00,256,0.281,15.2,52,0
2023-11-21T12:00,364,0.28,15.9,47,0
2023-11-21T13:00,295,0.279,16,44,0
2023-11-21T14:00,340,0.281,16.9,38,0
2023-11-21T15:00,239,0.281,16.2,41,0
2023-11-21T16:00,137,0.28,15.4,44,0
2023-11-21T17:00,30,0.28,14.2,49,0
2023-11-21T18:00,0,0.28,13.3,55,0
2023-11-21T19:00,0,0.28,12.8,61,0
2023-11-21T20:00,0,0.28,12.4,66,0
2023-11-21T21:00,0,0.28,12,66,0
2023-11-21T22:00,0,0.28,11.7,67,0
2023-11-21T23:00,0,0.28,11.5,67,0
2023-11-22T00:00,0,0.28,11.6,64,0
2023-11-22T01:00,0,0.28,11.7,64,0
2023-11-22T02:00,0,0.276,12.2,62,0
2023-11-22T03:00,0,0.276,12.1,61,0
2023-11-22T04:00,0,0.276,12.2,59,0
2023-11-22T05:00,0,0.275,12.7,56,0
2023-11-22T06:00,0,0.275,13,51,0
2023-11-22T07:00,0,0.275,13.2,46,0
2023-11-22T08:00,7,0.275,13.1,45,0
2023-11-22T09:00,102,0.275,13.8,43,0
2023-11-22T10:00,237,0.275,14.7,44,0
2023-11-22T11:00,347,0.274,15.5,41,0
2023-11-22T12:00,411,0.273,16,41,0
2023-11-22T13:00,423,0.273,16.1,40,0
2023-11-22T14:00,378,0.275,17,35,0
2023-11-22T15:00,288,0.274,16.5,38,0
2023-11-22T16:00,162,0.274,15.2,45,0
2023-11-22T17:00,34,0.274,14,46,0
2023-11-22T18:00,0,0.273,13.5,46,0
2023-11-22T19:00,0,0.273,13.5,44,0
2023-11-22T20:00,0,0.273,13.3,44,0
2023-11-22T21:00,0,0.273,13.3,43,0
2023-11-22T22:00,0,0.273,13.2,45,0
2023-11-22T23:00,0,0.273,12.9,47,0
2023-11-23T00:00,0,0.273,12.6,49,0
2023-11-23T01:00,0,0.273,12.3,50,0
2023-11-23T02:00,0,0.267,12.9,46,0
2023-11-23T03:00,0,0.267,12.6,46,0
2023-11-23T04:00,0,0.267,12.8,42,0
2023-11-23T05:00,0,0.267,12.8,40,0
2023-11-23T06:00,0,0.267,12.9,37,0
2023-11-23T07:00,0,0.267,12.7,37,0
2023-11-23T08:00,6,0.266,12.4,38,0
2023-11-23T09:00,100,0.266,13.6,40,0
2023-11-23T10:00,236,0.266,15.1,40,0
2023-11-23T11:00,347,0.266,16.6,33,0
2023-11-23T12:00,406,0.265,17.4,29,0
2023-11-23T13:00,417,0.264,18,29,0
2023-11-23T14:00,379,0.262,18.1,30,0
2023-11-23T15:00,290,0.261,17.5,34,0
2023-11-23T16:00,163,0.261,16.2,39,0
2023-11-23T17:00,34,0.261,13.4,45,0
2023-11-23T18:00,0,0.261,11.4,50,0
2023-11-23T19:00,0,0.261,10.3,48,0
2023-11-23T20:00,0,0.261,9.2,47,0
2023-11-23T21:00,0,0.261,8.4,48,0
2023-11-23T22:00,0,0.261,7.6,48,0
2023-11-23T23:00,0,0.261,7.5,45,0
2023-11-24T00:00,0,0.261,7.9,43,0
2023-11-24T01:00,0,0.261,8.3,42,0
2023-11-24T02:00,0,0.256,8.8,41,0
2023-11-24T03:00,0,0.256,9.8,42,0
2023-11-24T04:00,0,0.256,13.6,28,0
2023-11-24T05:00,0,0.257,13.5,30,0
2023-11-24T06:00,0,0.257,12.9,42,0
2023-11-24T07:00,0,0.257,10.6,63,0
2023-11-24T08:00,5,0.257,9.4,77,0
2023-11-24T09:00,95,0.257,11.7,77,0
2023-11-24T10:00,230,0.257,12.7,80,0
2023-11-24T11:00,330,0.257,14,71,0
2023-11-24T12:00,397,0.257,14.8,70,0
2023-11-24T13:00,411,0.256,15.2,67,0
2023-11-24T14:00,376,0.262,15.7,63,0
2023-11-24T15:00,286,0.261,15.2,66,0
2023-11-24T16:00,158,0.261,14.2,72,0
2023-11-24T17:00,32,0.261,11.5,82,0
2023-11-24T18:00,0,0.262,10.7,83,0
2023-11-24T19:00,0,0.262,10.5,81,0
2023-11-24T20:00,0,0.262,10,81,0
2023-11-24T21:00,0,0.262,8.8,81,0
2023-11-24T22:00,0,0.262,7.9,69,0
2023-11-24T23:00,0,0.262,7.2,57,0
2023-11-25T00:00,0,0.262,9.3,48,0
2023-11-25T01:00,0,0.262,10.6,39,0
2023-11-25T02:00,0,0.263,11.4,33,0
2023-11-25T03:00,0,0.263,10.2,34,0
2023-11-25T04:00,0,0.263,9.6,30,0
2023-11-25T05:00,0,0.263,9.1,31,0
2023-11-25T06:00,0,0.263,8.8,29,0
2023-11-25T07:00,0,0.263,8.5,30,0
2023-11-25T08:00,5,0.263,7.4,37,0
2023-11-25T09:00,98,0.263,8.9,38,0
2023-11-25T10:00,237,0.263,11.4,30,0
2023-11-25T11:00,349,0.262,12.1,24,0
2023-11-25T12:00,415,0.262,12.1,24,0
2023-11-25T13:00,427,0.261,12.1,24,0
2023-11-25T14:00,385,0.263,13.3,23,0
2023-11-25T15:00,291,0.263,12.4,22,0
2023-11-25T16:00,161,0.262,11.4,27,0
2023-11-25T17:00,32,0.262,9,39,0
2023-11-25T18:00,0,0.262,6.6,43,0
2023-11-25T19:00,0,0.262,4.1,53,0
2023-11-25T20:00,0,0.262,3.4,54,0
2023-11-25T21:00,0,0.262,3,54,0
2023-11-25T22:00,0,0.262,2.2,51,0
2023-11-25T23:00,0,0.262,3.9,40,0
2023-11-26T00:00,0,0.262,4.7,42,0
2023-11-26T01:00,0,0.262,4.1,42,0
2023-11-26T02:00,0,0.246,4.5,32,0
2023-11-26T03:00,0,0.246,3.9,31,0
2023-11-26T04:00,0,0.246,3,33,0
2023-11-26T05:00,0,0.246,3.4,33,0
2023-11-26T06:00,0,0.246,3.5,37,0
2023-11-26T07:00,0,0.246,4.1,40,0
2023-11-26T08:00,4,0.246,3.3,44,0
2023-11-26T09:00,92,0.246,6.1,47,0
2023-11-26T10:00,227,0.246,10.5,38,0
2023-11-26T11:00,338,0.246,12.2,33,0
2023-11-26T12:00,405,0.245,13.2,33,0
2023-11-26T13:00,419,0.245,13.5,38,0
2023-11-26T14:00,371,0.238,14.8,34,0
2023-11-26T15:00,280,0.237,14.1,36,0
2023-11-26T16:00,138,0.237,12.8,46,0
2023-11-26T17:00,22,0.237,10.9,61,0
2023-11-26T18:00,0,0.237,9.9,71,0
2023-11-26T19:00,0,0.238,9.2,69,0
2023-11-26T20:00,0,0.238,8,63,0
2023-11-26T21:00,0,0.238,6.4,64,0
2023-11-26T22:00,0,0.238,6.8,65,0
2023-11-26T23:00,0,0.238,8.4,65,0
2023-11-27T00:00,0,0.238,8.8,69,0
2023-11-27T01:00,0,0.238,8.6,73,0
2023-11-27T02:00,0,0.249,9,67,0
2023-11-27T03:00,0,0.249,8.9,69,0
2023-11-27T04:00,0,0.249,9,70,0
2023-11-27T05:00,0,0.249,8.6,74,0
2023-11-27T06:00,0,0.249,8.5,75,0
2023-11-27T07:00,0,0.25,10.4,62,0
2023-11-27T08:00,2,0.25,8.7,77,0
2023-11-27T09:00,47,0.25,10.2,71,0
2023-11-27T10:00,83,0.25,11.2,71,0
2023-11-27T11:00,161,0.25,11.8,69,0
2023-11-27T12:00,234,0.25,12.2,67,0
2023-11-27T13:00,284,0.25,12.4,67,0
2023-11-27T14:00,272,0.254,12.1,74,0
2023-11-27T15:00,174,0.254,11.5,75,0
2023-11-27T16:00,79,0.254,11.6,74,0
2023-11-27T17:00,14,0.254,10.4,83,0
2023-11-27T18:00,0,0.254,10.7,76,0
2023-11-27T19:00,0,0.254,9.8,82,0
2023-11-27T20:00,0,0.254,9,77,0
2023-11-27T21:00,0,0.254,8.5,71,0
2023-11-27T22:00,0,0.254,7.6,73,0
2023-11-27T23:00,0,0.254,6.4,73,0
2023-11-28T00:00,0,0.254,5.4,66,0
2023-11-28T01:00,0,0.254,4.9,63,0
2023-11-28T02:00,0,0.258,5.1,42,0
2023-11-28T03:00,0,0.258,4.9,47,0
2023-11-28T04:00,0,0.258,4.3,52,0
2023-11-28T05:00,0,0.258,3.8,56,0
2023-11-28T06:00,0,0.258,3.3,61,0
2023-11-28T07:00,0,0.258,4.3,63,0
2023-11-28T08:00,3,0.258,5.1,66,0
2023-11-28T09:00,81,0.258,7.5,64,0
2023-11-28T10:00,210,0.258,11.5,58,0
2023-11-28T11:00,333,0.257,14.6,43,0
2023-11-28T12:00,400,0.257,15.8,29,0
2023-11-28T13:00,415,0.257,16.4,23,0
2023-11-28T14:00,374,0.249,15.4,43,0
2023-11-28T15:00,281,0.249,15.2,48,0
2023-11-28T16:00,155,0.249,13.8,59,0
2023-11-28T17:00,30,0.249,12,30,0
2023-11-28T18:00,0,0.249,10.1,35,0
2023-11-28T19:00,0,0.249,9.7,35,0
2023-11-28T20:00,0,0.249,9.2,35,0
2023-11-28T21:00,0,0.249,8.8,36,0
2023-11-28T22:00,0,0.249,7.8,38,0
2023-11-28T23:00,0,0.249,6.5,42,0
2023-11-29T00:00,0,0.249,5,48,0
2023-11-29T01:00,0,0.249,4.7,49,0
2023-11-29T02:00,0,0.245,5.7,39,0
2023-11-29T03:00,0,0.245,5.5,40,0
2023-11-29T04:00,0,0.246,5,41,0
2023-11-29T05:00,0,0.246,4.5,41,0
2023-11-29T06:00,0,0.246,4.1,42,0
2023-11-29T07:00,0,0.246,3.6,43,0
2023-11-29T08:00,3,0.246,2.9,47,0
2023-11-29T09:00,84,0.246,6,46,0
2023-11-29T10:00,221,0.245,10.8,35,0
2023-11-29T11:00,331,0.245,12.7,28,0
2023-11-29T12:00,397,0.245,13.7,24,0
2023-11-29T13:00,410,0.244,14,25,0
2023-11-29T14:00,364,0.243,14.1,35,0
2023-11-29T15:00,260,0.243,13.1,40,0
2023-11-29T16:00,137,0.243,12,48,0
2023-11-29T17:00,25,0.243,9.9,62,0
2023-11-29T18:00,0,0.243,9.7,67,0
2023-11-29T19:00,0,0.243,12.4,55,0
2023-11-29T20:00,0,0.243,9.6,69,0
2023-11-29T21:00,0,0.243,7,69,0
2023-11-29T22:00,0,0.243,6.9,63,0
2023-11-29T23:00,0,0.243,7.6,52,0
2023-11-30T00:00,0,0.245,7.9,50,0.1
2023-11-30T01:00,0,0.25,6.7,78,0.7
2023-11-30T02:00,0,0.258,6.4,67,0.4
2023-11-30T03:00,0,0.277,5.1,81,1.6
2023-11-30T04:00,0,0.293,4.6,81,1.2
2023-11-30T05:00,0,0.296,4.9,81,0.4
2023-11-30T06:00,0,0.304,4.9,83,0.7
2023-11-30T07:00,0,0.311,4.8,85,0.7
2023-11-30T08:00,1,0.316,5.5,84,0.5
2023-11-30T09:00,16,0.316,5.5,80,0.2
2023-11-30T10:00,58,0.316,6.4,79,0.1
2023-11-30T11:00,73,0.316,7.2,75,0
2023-11-30T12:00,106,0.315,8,72,0
2023-11-30T13:00,85,0.315,8.7,72,0.1
2023-11-30T14:00,105,0.326,7.3,80,0.2
2023-11-30T15:00,90,0.326,8.5,79,0.1
2023-11-30T16:00,36,0.326,8.6,81,0.2
2023-11-30T17:00,6,0.327,7.2,87,0.3
2023-11-30T18:00,0,0.328,6.4,87,0.2
2023-11-30T19:00,0,0.331,6.6,88,0.4
2023-11-30T20:00,0,0.336,7.3,91,0.4
2023-11-30T21:00,0,0.34,8.1,94,0.5
2023-11-30T22:00,0,0.346,9.2,89,0.5
2023-11-30T23:00,0,0.348,9.4,93,0.3
2023-12-01T00:00,0,0.35,9.2,94,0.3
2023-12-01T01:00,0,0.35,9.2,94,0.2
2023-12-01T02:00,0,0.35,9.6,96,0
2023-12-01T03:00,0,0.352,10.3,94,0.3
2023-12-01T04:00,0,0.354,11.1,92,0.3
2023-12-01T05:00,0,0.36,10.8,97,0.6
2023-12-01T06:00,0,0.368,11.6,97,0.8
2023-12-01T07:00,0,0.375,12.3,96,0.8
2023-12-01T08:00,1,0.378,12.3,97,0.6
2023-12-01T09:00,31,0.379,12,97,0.4
2023-12-01T10:00,51,0.381,12.5,94,0.5
2023-12-01T11:00,128,0.377,14.6,92,0.2
2023-12-01T12:00,106,0.374,16.3,94,0.1
2023-12-01T13:00,129,0.371,17.2,88,0.1
2023-12-01T14:00,174,0.367,17.3,87,0
2023-12-01T15:00,142,0.364,17,87,0
2023-12-01T16:00,103,0.361,16.4,91,0
2023-12-01T17:00,9,0.359,15.5,97,0
2023-12-01T18:00,0,0.357,15.6,92,0
2023-12-01T19:00,0,0.355,15.6,89,0
2023-12-01T20:00,0,0.357,15.6,90,0.5
2023-12-01T21:00,0,0.379,15.4,93,1.9
2023-12-01T22:00,0,0.39,15.6,93,1.2
2023-12-01T23:00,0,0.405,15.3,93,1.6
2023-12-02T00:00,0,0.407,15.1,93,1.3
2023-12-02T01:00,0,0.397,14.2,95,0
2023-12-02T02:00,0,0.376,13.7,95,0
2023-12-02T03:00,0,0.372,12.8,89,0
2023-12-02T04:00,0,0.369,11.6,85,0
2023-12-02T05:00,0,0.367,10.5,90,0
2023-12-02T06:00,0,0.364,7.9,95,0
2023-12-02T07:00,0,0.362,8.4,89,0
2023-12-02T08:00,1,0.36,8,85,0
2023-12-02T09:00,56,0.358,9.5,81,0
2023-12-02T10:00,121,0.357,11,80,0
2023-12-02T11:00,161,0.355,11.3,84,0
2023-12-02T12:00,325,0.353,12.4,75,0
2023-12-02T13:00,383,0.352,13.1,70,0
2023-12-02T14:00,356,0.354,14.6,66,0.2
2023-12-02T15:00,265,0.352,14.2,68,0
2023-12-02T16:00,142,0.351,13.2,80,0
2023-12-02T17:00,25,0.35,10.9,79,0
2023-12-02T18:00,0,0.349,10,63,0
2023-12-02T19:00,0,0.348,9.1,40,0
2023-12-02T20:00,0,0.346,9.1,34,0
2023-12-02T21:00,0,0.345,8.4,35,0
2023-12-02T22:00,0,0.344,7.7,36,0
2023-12-02T23:00,0,0.343,7.3,33,0
2023-12-03T00:00,0,0.342,6.9,33,0
2023-12-03T01:00,0,0.341,6.7,32,0
2023-12-03T02:00,0,0.339,6.6,36,0
2023-12-03T03:00,0,0.338,6.4,38,0
2023-12-03T04:00,0,0.338,6,42,0
2023-12-03T05:00,0,0.337,5.4,43,0
2023-12-03T06:00,0,0.336,4.8,44,0
2023-12-03T07:00,0,0.336,3.7,48,0
2023-12-03T08:00,1,0.335,3.5,50,0
2023-12-03T09:00,75,0.334,5.8,48,0
2023-12-03T10:00,208,0.334,8.9,41,0
2023-12-03T11:00,320,0.333,10.1,31,0
2023-12-03T12:00,389,0.332,10.6,29,0
2023-12-03T13:00,405,0.331,10.6,29,0
2023-12-03T14:00,363,0.335,11,34,0
2023-12-03T15:00,271,0.334,10.4,38,0
2023-12-03T16:00,146,0.333,9.4,44,0
2023-12-03T17:00,26,0.333,7.3,52,0
2023-12-03T18:00,0,0.332,5.9,58,0
2023-12-03T19:00,0,0.332,5.1,60,0
2023-12-03T20:00,0,0.331,4.7,60,0
2023-12-03T21:00,0,0.331,4.7,60,0
2023-12-03T22:00,0,0.331,4.4,60,0
2023-12-03T23:00,0,0.33,4,61,0
2023-12-04T00:00,0,0.33,3.8,60,0
2023-12-04T01:00,0,0.329,3.5,62,0
2023-12-04T02:00,0,0.328,3.4,69,0
2023-12-04T03:00,0,0.328,3.2,71,0
2023-12-04T04:00,0,0.328,3.1,73,0
2023-12-04T05:00,0,0.327,3.5,73,0
2023-12-04T06:00,0,0.327,4.3,69,0
2023-12-04T07:00,0,0.327,4.6,69,0
2023-12-04T08:00,0,0.327,5,68,0
2023-12-04T09:00,14,0.326,5.4,68,0
2023-12-04T10:00,94,0.326,6.6,65,0
2023-12-04T11:00,89,0.326,7,64,0.1
2023-12-04T12:00,41,0.329,5.9,77,0.5
2023-12-04T13:00,50,0.343,5.4,86,1.2
2023-12-04T14:00,43,0.375,4.9,83,1.2
2023-12-04T15:00,44,0.374,4.9,79,0.3
2023-12-04T16:00,19,0.374,4.3,83,0.3
2023-12-04T17:00,4,0.382,3.7,85,0.9
2023-12-04T18:00,0,0.395,3.5,86,1.8
2023-12-04T19:00,0,0.405,3.4,86,2.1
2023-12-04T20:00,0,0.41,3.4,84,1.6
2023-12-04T21:00,0,0.408,3.3,83,1
2023-12-04T22:00,0,0.406,3.5,82,0.7
2023-12-04T23:00,0,0.4,3.6,78,0.1
2023-12-05T00:00,0,0.395,3.8,74,0
2023-12-05T01:00,0,0.391,4,72,0
2023-12-05T02:00,0,0.393,3.6,77,0
2023-12-05T03:00,0,0.39,3.8,75,0
2023-12-05T04:00,0,0.388,3.8,74,0
2023-12-05T05:00,0,0.386,3.8,74,0
2023-12-05T06:00,0,0.385,3.7,75,0
2023-12-05T07:00,0,0.383,3.6,76,0
2023-12-05T08:00,0,0.382,3.6,76,0
2023-12-05T09:00,17,0.381,4.4,74,0
2023-12-05T10:00,79,0.38,5.7,69,0
2023-12-05T11:00,135,0.379,6.7,65,0
2023-12-05T12:00,138,0.378,7.5,62,0
2023-12-05T13:00,186,0.377,8.6,59,0
2023-12-05T14:00,182,0.377,8.9,57,0
2023-12-05T15:00,210,0.376,9,57,0
2023-12-05T16:00,139,0.374,7.7,63,0
2023-12-05T17:00,24,0.374,5.3,71,0
2023-12-05T18:00,0,0.373,3.2,78,0
2023-12-05T19:00,0,0.372,2.5,78,0
2023-12-05T20:00,0,0.371,2.1,76,0
2023-12-05T21:00,0,0.37,1.8,75,0
2023-12-05T22:00,0,0.369,1.3,75,0
2023-12-05T23:00,0,0.368,1.7,71,0
2023-12-06T00:00,0,0.367,2.4,66,0
2023-12-06T01:00,0,0.367,3.2,62,0
2023-12-06T02:00,0,0.364,3.3,63,0
2023-12-06T03:00,0,0.364,2.9,66,0
2023-12-06T04:00,0,0.363,1.8,73,0
2023-12-06T05:00,0,0.362,1.7,73,0
2023-12-06T06:00,0,0.362,1.6,73,0
2023-12-06T07:00,0,0.361,1.3,73,0
2023-12-06T08:00,1,0.361,1.1,72,0
2023-12-06T09:00,57,0.36,3.4,67,0
2023-12-06T10:00,177,0.359,8.8,60,0
2023-12-06T11:00,287,0.359,11.4,43,0
2023-12-06T12:00,370,0.358,12.3,41,0
2023-12-06T13:00,388,0.357,12.6,46,0
2023-12-06T14:00,353,0.355,13.3,40,0
2023-12-06T15:00,265,0.355,13.1,38,0
2023-12-06T16:00,142,0.354,12.6,38,0
2023-12-06T17:00,24,0.354,8.3,56,0
2023-12-06T18:00,0,0.353,6.7,47,0
2023-12-06T19:00,0,0.353,4.1,58,0
2023-12-06T20:00,0,0.353,3.4,60,0
2023-12-06T21:00,0,0.352,3.2,59,0
2023-12-06T22:00,0,0.352,3,58,0
2023-12-06T23:00,0,0.352,2.8,58,0
2023-12-07T00:00,0,0.351,2.9,57,0
2023-12-07T01:00,0,0.351,3.6,53,0
2023-12-07T02:00,0,0.348,5,53,0
2023-12-07T03:00,0,0.348,4.8,54,0
2023-12-07T04:00,0,0.347,5.1,54,0
2023-12-07T05:00,0,0.347,5.2,55,0
2023-12-07T06:00,0,0.347,5.3,57,0
2023-12-07T07:00,0,0.347,5,58,0
2023-12-07T08:00,0,0.346,4.3,61,0
2023-12-07T09:00,58,0.346,6.1,63,0
2023-12-07T10:00,175,0.346,9.6,65,0
2023-12-07T11:00,278,0.345,11.7,62,0
2023-12-07T12:00,363,0.345,12.3,57,0
2023-12-07T13:00,364,0.344,12.6,53,0
2023-12-07T14:00,334,0.344,12.9,56,0
2023-12-07T15:00,231,0.344,12.7,56,0
2023-12-07T16:00,116,0.344,11.3,65,0
2023-12-07T17:00,17,0.343,10.3,67,0
2023-12-07T18:00,0,0.343,9.3,73,0
2023-12-07T19:00,0,0.343,8.1,73,0
2023-12-07T20:00,0,0.343,8.1,70,0
2023-12-07T21:00,0,0.343,7.4,72,0
2023-12-07T22:00,0,0.343,8.8,65,0
2023-12-07T23:00,0,0.342,6.6,75,0
2023-12-08T00:00,0,0.342,8.4,71,0
2023-12-08T01:00,0,0.342,8,76,0
2023-12-08T02:00,0,0.345,8.8,72,0
2023-12-08T03:00,0,0.344,8.5,75,0
2023-12-08T04:00,0,0.344,8.3,73,0
2023-12-08T05:00,0,0.344,7.6,74,0.1
2023-12-08T06:00,0,0.35,6.7,83,0.7
2023-12-08T07:00,0,0.363,5.4,85,1.1
2023-12-08T08:00,0,0.38,5.2,85,1.4
2023-12-08T09:00,7,0.395,5,85,1.4
2023-12-08T10:00,23,0.405,5.4,85,1.3
2023-12-08T11:00,25,0.419,5.8,84,1.9
2023-12-08T12:00,33,0.425,5.8,84,2.3
2023-12-08T13:00,26,0.426,5.6,85,2.3
2023-12-08T14:00,44,0.418,5.9,81,1.2
2023-12-08T15:00,27,0.419,5.6,82,1.3
2023-12-08T16:00,11,0.42,5.5,83,1.2
2023-12-08T17:00,4,0.416,5.6,84,0.7
2023-12-08T18:00,0,0.414,5.6,84,0.6
2023-12-08T19:00,0,0.415,5.7,85,0.7
2023-12-08T20:00,0,0.414,5.8,85,0.6
2023-12-08T21:00,0,0.41,5.9,82,0.2
2023-12-08T22:00,0,0.406,6.1,80,0
2023-12-08T23:00,0,0.402,5.9,80,0
2023-12-09T00:00,0,0.399,4.6,83,0
2023-12-09T01:00,0,0.397,3.9,84,0
2023-12-09T02:00,0,0.4,5.8,80,0
2023-12-09T03:00,0,0.398,5.1,82,0
2023-12-09T04:00,0,0.396,4.5,83,0
2023-12-09T05:00,0,0.395,3.7,86,0
2023-12-09T06:00,0,0.393,3.9,83,0
2023-12-09T07:00,0,0.392,3,84,0
2023-12-09T08:00,0,0.391,3.6,82,0
2023-12-09T09:00,50,0.39,6.5,76,0
2023-12-09T10:00,162,0.389,9.6,72,0
2023-12-09T11:00,243,0.387,10.2,81,0
2023-12-09T12:00,315,0.386,11.2,83,0
2023-12-09T13:00,192,0.386,12,78,0.1
2023-12-09T14:00,168,0.389,12,82,0.3
2023-12-09T15:00,110,0.393,11.6,86,0.6
2023-12-09T16:00,57,0.393,11.1,90,0.2
2023-12-09T17:00,7,0.393,10.7,89,0.1
2023-12-09T18:00,0,0.391,10.6,88,0
2023-12-09T19:00,0,0.39,8.8,92,0
2023-12-09T20:00,0,0.389,8,95,0
2023-12-09T21:00,0,0.388,9.2,93,0
2023-12-09T22:00,0,0.387,8.3,91,0
2023-12-09T23:00,0,0.386,7.7,91,0
2023-12-10T00:00,0,0.385,7.1,86,0
2023-12-10T01:00,0,0.384,6,89,0
2023-12-10T02:00,0,0.382,6.2,87,0
2023-12-10T03:00,0,0.381,6.2,86,0
2023-12-10T04:00,0,0.38,5.2,85,0
2023-12-10T05:00,0,0.38,5.3,83,0
2023-12-10T06:00,0,0.379,5,82,0
2023-12-10T07:00,0,0.379,4.1,86,0
2023-12-10T08:00,0,0.378,4.1,82,0
2023-12-10T09:00,55,0.377,5.9,79,0
2023-12-10T10:00,170,0.377,10.6,73,0
2023-12-10T11:00,289,0.376,14.5,61,0
2023-12-10T12:00,361,0.375,16.1,55,0
2023-12-10T13:00,378,0.374,17,53,0
2023-12-10T14:00,341,0.373,16.2,72,0
2023-12-10T15:00,255,0.372,15.7,76,0
2023-12-10T16:00,128,0.371,13.9,83,0
2023-12-10T17:00,20,0.371,14.7,75,0
2023-12-10T18:00,0,0.371,12.3,82,0
2023-12-10T19:00,0,0.37,10.2,79,0
2023-12-10T20:00,0,0.37,10.6,70,0
2023-12-10T21:00,0,0.37,11.5,66,0
2023-12-10T22:00,0,0.369,11,68,0
2023-12-10T23:00,0,0.369,11.5,74,0
2023-12-11T00:00,0,0.368,11.5,84,0
2023-12-11T01:00,0,0.368,10.4,91,0
2023-12-11T02:00,0,0.371,11.8,95,0
2023-12-11T03:00,0,0.371,11.8,95,0
2023-12-11T04:00,0,0.37,10.9,97,0
2023-12-11T05:00,0,0.37,9.8,96,0
2023-12-11T06:00,0,0.369,8.5,93,0
2023-12-11T07:00,0,0.369,8.5,86,0
2023-12-11T08:00,0,0.369,7.3,86,0
2023-12-11T09:00,41,0.368,9,80,0
2023-12-11T10:00,125,0.368,12,78,0
2023-12-11T11:00,219,0.367,13.3,79,0
2023-12-11T12:00,275,0.366,14,78,0
2023-12-11T13:00,317,0.366,14.5,78,0
2023-12-11T14:00,310,0.363,14.6,75,0
2023-12-11T15:00,209,0.363,14.4,79,0
2023-12-11T16:00,90,0.362,13.3,88,0
2023-12-11T17:00,11,0.362,12.7,92,0
2023-12-11T18:00,0,0.362,11.8,93,0
2023-12-11T19:00,0,0.362,11.2,92,0
2023-12-11T20:00,0,0.361,10,94,0
2023-12-11T21:00,0,0.361,9.2,93,0
2023-12-11T22:00,0,0.361,9.7,90,0
2023-12-11T23:00,0,0.361,9.6,92,0
2023-12-12T00:00,0,0.361,9.8,93,0
2023-12-12T01:00,0,0.36,9.2,94,0
2023-12-12T02:00,0,0.355,9.3,92,0
2023-12-12T03:00,0,0.354,10,91,0
2023-12-12T04:00,0,0.354,10.5,91,0
2023-12-12T05:00,0,0.354,10.3,85,0
2023-12-12T06:00,0,0.354,10.8,80,0
2023-12-12T07:00,0,0.354,11.3,76,0
2023-12-12T08:00,0,0.354,10.7,80,0
2023-12-12T09:00,32,0.353,12.5,77,0
2023-12-12T10:00,83,0.353,13.2,77,0
2023-12-12T11:00,144,0.353,14.3,78,0
2023-12-12T12:00,164,0.352,14.6,79,0
2023-12-12T13:00,200,0.352,14.8,80,0
2023-12-12T14:00,132,0.355,14.6,79,0
2023-12-12T15:00,100,0.354,13.8,85,0
2023-12-12T16:00,42,0.354,13.2,92,0
2023-12-12T17:00,6,0.355,12.8,96,0
2023-12-12T18:00,0,0.355,12.9,98,0.1
2023-12-12T19:00,0,0.355,12.7,98,0.1
2023-12-12T20:00,0,0.355,12.5,97,0
2023-12-12T21:00,0,0.355,12.3,95,0.1
2023-12-12T22:00,0,0.356,12.3,95,0.1
2023-12-12T23:00,0,0.356,12.4,95,0
2023-12-13T00:00,0,0.355,12.3,94,0
2023-12-13T01:00,0,0.355,12.3,92,0
2023-12-13T02:00,0,0.351,13,91,0
2023-12-13T03:00,0,0.351,12.8,92,0
2023-12-13T04:00,0,0.351,12,88,0
2023-12-13T05:00,0,0.351,11.2,84,0
2023-12-13T06:00,0,0.351,10.7,82,0
2023-12-13T07:00,0,0.35,10.5,81,0
2023-12-13T08:00,0,0.35,10.6,83,0
2023-12-13T09:00,18,0.35,11.8,85,0
2023-12-13T10:00,86,0.35,13.3,76,0
2023-12-13T11:00,108,0.349,13.7,76,0
2023-12-13T12:00,134,0.349,13.6,77,0
2023-12-13T13:00,177,0.349,13.7,77,0
2023-12-13T14:00,141,0.348,13,81,0
2023-12-13T15:00,201,0.348,13.4,80,0
2023-12-13T16:00,112,0.347,12.6,84,0
2023-12-13T17:00,20,0.347,11.5,89,0
2023-12-13T18:00,0,0.347,9.3,94,0
2023-12-13T19:00,0,0.347,8.5,93,0
2023-12-13T20:00,0,0.347,8.5,88,0
2023-12-13T21:00,0,0.347,10.6,77,0
2023-12-13T22:00,0,0.346,9.4,80,0
2023-12-13T23:00,0,0.346,7.3,83,0
2023-12-14T00:00,0,0.346,6.9,81,0
2023-12-14T01:00,0,0.346,6,81,0
2023-12-14T02:00,0,0.346,8.7,75,0
2023-12-14T03:00,0,0.345,7.9,76,0
2023-12-14T04:00,0,0.345,7.2,75,0
2023-12-14T05:00,0,0.345,7.9,68,0
2023-12-14T06:00,0,0.345,9.2,60,0
2023-12-14T07:00,0,0.344,10.1,57,0
2023-12-14T08:00,0,0.344,11,54,0
2023-12-14T09:00,23,0.344,12.1,51,0
2023-12-14T10:00,66,0.343,13.1,49,0
2023-12-14T11:00,154,0.343,14.3,48,0
2023-12-14T12:00,287,0.342,15.5,42,0
2023-12-14T13:00,338,0.342,16.2,35,0
2023-12-14T14:00,339,0.342,16.7,32,0
2023-12-14T15:00,259,0.341,16.4,33,0
2023-12-14T16:00,140,0.341,14.8,38,0
2023-12-14T17:00,24,0.34,12.6,41,0
2023-12-14T18:00,0,0.34,10.6,45,0
2023-12-14T19:00,0,0.34,10.6,45,0
2023-12-14T20:00,0,0.34,10.9,46,0
2023-12-14T21:00,0,0.339,11.7,44,0
2023-12-14T22:00,0,0.339,11.7,43,0
2023-12-14T23:00,0,0.339,11.2,44,0
2023-12-15T00:00,0,0.339,11.4,42,0
2023-12-15T01:00,0,0.338,11.4,42,0
2023-12-15T02:00,0,0.337,11.8,40,0
2023-12-15T03:00,0,0.336,11.1,41,0
2023-12-15T04:00,0,0.336,10.4,43,0
2023-12-15T05:00,0,0.336,9.7,45,0
2023-12-15T06:00,0,0.336,9.5,44,0
2023-12-15T07:00,0,0.336,8.9,45,0
2023-12-15T08:00,0,0.335,7.6,48,0
2023-12-15T09:00,49,0.335,9.1,48,0
2023-12-15T10:00,174,0.335,13.1,41,0
2023-12-15T11:00,286,0.334,14.8,33,0
2023-12-15T12:00,357,0.333,15,32,0
2023-12-15T13:00,377,0.333,15,32,0
2023-12-15T14:00,343,0.331,15.8,33,0
2023-12-15T15:00,260,0.331,15.2,34,0
2023-12-15T16:00,141,0.33,14,36,0
2023-12-15T17:00,25,0.33,12,38,0
2023-12-15T18:00,0,0.33,10.9,39,0
2023-12-15T19:00,0,0.329,9.9,43,0
2023-12-15T20:00,0,0.329,9.4,47,0
2023-12-15T21:00,0,0.329,9.2,49,0
2023-12-15T22:00,0,0.329,9.7,46,0
2023-12-15T23:00,0,0.329,9.9,43,0
2023-12-16T00:00,0,0.329,8.9,46,0
2023-12-16T01:00,0,0.329,7.2,52,0
2023-12-16T02:00,0,0.33,8.2,43,0
2023-12-16T03:00,0,0.329,8.9,41,0
2023-12-16T04:00,0,0.329,8.6,42,0
2023-12-16T05:00,0,0.329,7.6,46,0
2023-12-16T06:00,0,0.329,7.2,48,0
2023-12-16T07:00,0,0.329,7.1,50,0
2023-12-16T08:00,0,0.329,7.1,50,0
2023-12-16T09:00,47,0.328,8.4,49,0
2023-12-16T10:00,171,0.328,11.1,50,0
2023-12-16T11:00,282,0.328,13.1,43,0
2023-12-16T12:00,352,0.327,13.9,40,0
2023-12-16T13:00,371,0.326,14.1,40,0
2023-12-16T14:00,340,0.322,14.2,37,0
2023-12-16T15:00,257,0.322,13.4,44,0
2023-12-16T16:00,138,0.321,11.9,49,0
2023-12-16T17:00,24,0.321,9.8,57,0
2023-12-16T18:00,0,0.321,8.4,63,0
2023-12-16T19:00,0,0.321,7.9,64,0
2023-12-16T20:00,0,0.321,7.3,65,0
2023-12-16T21:00,0,0.321,6.7,67,0
2023-12-16T22:00,0,0.321,6.7,67,0
2023-12-16T23:00,0,0.321,7.2,64,0
2023-12-17T00:00,0,0.321,7.6,59,0
2023-12-17T01:00,0,0.321,7.3,57,0
2023-12-17T02:00,0,0.316,8.3,60,0
2023-12-17T03:00,0,0.316,8.6,54,0
2023-12-17T04:00,0,0.316,8.6,54,0
2023-12-17T05:00,0,0.316,8.8,53,0
2023-12-17T06:00,0,0.315,8.3,51,0
2023-12-17T07:00,0,0.315,7.5,50,0
2023-12-17T08:00,0,0.315,6.8,52,0
2023-12-17T09:00,42,0.315,7.9,54,0
2023-12-17T10:00,153,0.315,11.1,53,0
2023-12-17T11:00,265,0.315,13.8,52,0
2023-12-17T12:00,345,0.314,14.9,50,0
2023-12-17T13:00,367,0.314,15.4,50,0
2023-12-17T14:00,335,0.311,16.5,44,0
2023-12-17T15:00,254,0.311,15.9,52,0
2023-12-17T16:00,138,0.311,14,71,0
2023-12-17T17:00,24,0.311,11.2,68,0
2023-12-17T18:00,0,0.311,9.7,60,0
2023-12-17T19:00,0,0.311,8.4,59,0
2023-12-17T20:00,0,0.311,7.9,56,0
2023-12-17T21:00,0,0.311,7.6,56,0
2023-12-17T22:00,0,0.311,7.5,57,0
2023-12-17T23:00,0,0.311,7.4,58,0
2023-12-18T00:00,0,0.311,7.2,59,0
2023-12-18T01:00,0,0.311,7.1,59,0
2023-12-18T02:00,0,0.309,7,60,0
2023-12-18T03:00,0,0.309,6.8,59,0
2023-12-18T04:00,0,0.309,6.5,59,0
2023-12-18T05:00,0,0.309,6.4,59,0
2023-12-18T06:00,0,0.309,6.3,58,0
2023-12-18T07:00,0,0.309,6.4,57,0
2023-12-18T08:00,0,0.309,6.4,56,0
2023-12-18T09:00,44,0.309,8.2,56,0
2023-12-18T10:00,164,0.308,12.3,59,0
2023-12-18T11:00,275,0.308,15.4,51,0
2023-12-18T12:00,346,0.308,16.3,50,0
2023-12-18T13:00,366,0.307,16.5,56,0
2023-12-18T14:00,335,0.303,16.5,66,0
2023-12-18T15:00,254,0.303,15.7,70,0
2023-12-18T16:00,138,0.303,14.8,71,0
2023-12-18T17:00,25,0.303,14,69,0
2023-12-18T18:00,0,0.303,11.6,68,0
2023-12-18T19:00,0,0.303,12.9,52,0
2023-12-18T20:00,0,0.303,14.3,39,0
2023-12-18T21:00,0,0.303,14.3,33,0
2023-12-18T22:00,0,0.303,12.6,37,0
2023-12-18T23:00,0,0.303,8.9,54,0
2023-12-19T00:00,0,0.303,8.8,53,0
2023-12-19T01:00,0,0.303,8.8,53,0
2023-12-19T02:00,0,0.305,7.9,49,0
2023-12-19T03:00,0,0.305,8.7,44,0
2023-12-19T04:00,0,0.305,8.2,53,0
2023-12-19T05:00,0,0.305,13,26,0
2023-12-19T06:00,0,0.305,12.8,26,0
2023-12-19T07:00,0,0.305,12.3,27,0
2023-12-19T08:00,0,0.305,10.7,35,0
2023-12-19T09:00,41,0.305,9.8,55,0
2023-12-19T10:00,158,0.305,13.2,43,0
2023-12-19T11:00,263,0.305,14.1,38,0
2023-12-19T12:00,315,0.305,14.4,47,0
2023-12-19T13:00,327,0.304,14.1,60,0
2023-12-19T14:00,331,0.305,14.5,58,0
2023-12-19T15:00,255,0.304,13.7,63,0
2023-12-19T16:00,139,0.304,11.9,83,0
2023-12-19T17:00,25,0.304,10.2,79,0
2023-12-19T18:00,0,0.304,8.8,80,0
2023-12-19T19:00,0,0.305,9.4,71,0
2023-12-19T20:00,0,0.305,7.9,74,0
2023-12-19T21:00,0,0.305,7.9,72,0
2023-12-19T22:00,0,0.305,7.5,78,0
2023-12-19T23:00,0,0.305,7.4,82,0
2023-12-20T00:00,0,0.305,7.6,85,0
2023-12-20T01:00,0,0.305,7.6,87,0
2023-12-20T02:00,0,0.306,8.9,97,0
2023-12-20T03:00,0,0.306,8.4,99,0
2023-12-20T04:00,0,0.306,9,98,0
2023-12-20T05:00,0,0.306,8.9,97,0
2023-12-20T06:00,0,0.306,9.3,96,0
2023-12-20T07:00,0,0.306,9.5,97,0
2023-12-20T08:00,0,0.306,9.3,98,0
2023-12-20T09:00,17,0.306,9.2,98,0
2023-12-20T10:00,84,0.306,10.1,93,0
2023-12-20T11:00,166,0.306,11.4,86,0
2023-12-20T12:00,223,0.306,12.4,81,0
2023-12-20T13:00,222,0.306,12.5,80,0
2023-12-20T14:00,116,0.305,12.7,81,0
2023-12-20T15:00,116,0.304,12.3,82,0
2023-12-20T16:00,110,0.304,11.7,88,0
2023-12-20T17:00,25,0.304,9.1,93,0
2023-12-20T18:00,0,0.304,7.4,92,0
2023-12-20T19:00,0,0.304,7.3,72,0
2023-12-20T20:00,0,0.304,7,61,0
2023-12-20T21:00,0,0.304,7,58,0
2023-12-20T22:00,0,0.304,7.5,56,0
2023-12-20T23:00,0,0.304,8.9,51,0
2023-12-21T00:00,0,0.304,9.5,48,0
2023-12-21T01:00,0,0.304,8.8,49,0
2023-12-21T02:00,0,0.303,9.4,43,0
2023-12-21T03:00,0,0.303,8.1,47,0
2023-12-21T04:00,0,0.303,6.8,52,0
2023-12-21T05:00,0,0.303,5.3,58,0
2023-12-21T06:00,0,0.303,4.7,60,0
2023-12-21T07:00,0,0.302,5,59,0
2023-12-21T08:00,0,0.302,6.9,51,0
2023-12-21T09:00,39,0.302,9.3,51,0
2023-12-21T10:00,159,0.302,12.2,56,0
2023-12-21T11:00,268,0.302,13.3,54,0
2023-12-21T12:00,336,0.302,13.4,57,0
2023-12-21T13:00,346,0.301,13.4,60,0
2023-12-21T14:00,317,0.301,12.8,62,0
2023-12-21T15:00,232,0.301,12.8,66,0
2023-12-21T16:00,135,0.3,12.5,79,0
2023-12-21T17:00,24,0.3,12.3,69,0
2023-12-21T18:00,0,0.301,9.5,80,0
2023-12-21T19:00,0,0.301,8.8,81,0
2023-12-21T20:00,0,0.301,9.6,73,0
2023-12-21T21:00,0,0.301,9.1,73,0
2023-12-21T22:00,0,0.301,8.3,74,0
2023-12-21T23:00,0,0.301,7.6,72,0
2023-12-22T00:00,0,0.301,8,69,0
2023-12-22T01:00,0,0.301,7.9,67,0
2023-12-22T02:00,0,0.299,7.3,72,0
2023-12-22T03:00,0,0.299,7,68,0
2023-12-22T04:00,0,0.299,8,60,0
2023-12-22T05:00,0,0.299,8.8,58,0
2023-12-22T06:00,0,0.299,9,60,0
2023-12-22T07:00,0,0.299,9.2,61,0
2023-12-22T08:00,0,0.299,8.8,56,0
2023-12-22T09:00,35,0.299,10.4,54,0
2023-12-22T10:00,134,0.298,13.7,57,0
2023-12-22T11:00,174,0.298,15.2,49,0
2023-12-22T12:00,305,0.298,16.4,45,0
2023-12-22T13:00,344,0.297,16.4,50,0
2023-12-22T14:00,336,0.286,16.6,55,0
2023-12-22T15:00,262,0.286,15.4,65,0
2023-12-22T16:00,141,0.286,13.8,82,0
2023-12-22T17:00,27,0.286,11.6,85,0
2023-12-22T18:00,0,0.286,10.2,85,0
2023-12-22T19:00,0,0.286,11.1,73,0
2023-12-22T20:00,0,0.286,9.7,72,0
2023-12-22T21:00,0,0.286,9.4,67,0
2023-12-22T22:00,0,0.287,8.3,65,0
2023-12-22T23:00,0,0.287,8.4,58,0
2023-12-23T00:00,0,0.287,8.7,58,0
2023-12-23T01:00,0,0.287,8.6,59,0
2023-12-23T02:00,0,0.283,13.8,40,0
2023-12-23T03:00,0,0.283,13.3,48,0
2023-12-23T04:00,0,0.283,12.1,58,0
2023-12-23T05:00,0,0.284,9.5,69,0
2023-12-23T06:00,0,0.284,11.3,68,0
2023-12-23T07:00,0,0.284,9.1,73,0
2023-12-23T08:00,0,0.284,10.6,60,0
2023-12-23T09:00,38,0.284,9.5,63,0
2023-12-23T10:00,137,0.284,12.1,57,0
2023-12-23T11:00,209,0.284,14.1,60,0
2023-12-23T12:00,287,0.284,14.9,68,0
2023-12-23T13:00,275,0.283,15.3,63,0
2023-12-23T14:00,310,0.28,14.9,55,0
2023-12-23T15:00,244,0.28,14.9,54,0
2023-12-23T16:00,126,0.28,12.1,76,0
2023-12-23T17:00,28,0.28,11.1,70,0
2023-12-23T18:00,0,0.28,8.1,83,0
2023-12-23T19:00,0,0.28,8.2,81,0
2023-12-23T20:00,0,0.28,8.6,77,0
2023-12-23T21:00,0,0.28,8.5,75,0
2023-12-23T22:00,0,0.28,8.1,75,0
2023-12-23T23:00,0,0.281,8.8,70,0
2023-12-24T00:00,0,0.281,8.8,66,0
2023-12-24T01:00,0,0.281,8.6,63,0
2023-12-24T02:00,0,0.276,7.5,67,0
2023-12-24T03:00,0,0.276,8.2,66,0
2023-12-24T04:00,0,0.276,8,66,0
2023-12-24T05:00,0,0.276,6.5,70,0
2023-12-24T06:00,0,0.276,6,76,0
2023-12-24T07:00,0,0.276,5.7,82,0
2023-12-24T08:00,0,0.276,5.9,87,0
2023-12-24T09:00,30,0.276,8.1,87,0
2023-12-24T10:00,99,0.276,10.5,86,0
2023-12-24T11:00,229,0.276,12.8,77,0
2023-12-24T12:00,321,0.276,13.5,74,0
2023-12-24T13:00,348,0.275,13.9,73,0
2023-12-24T14:00,298,0.278,13.2,76,0
2023-12-24T15:00,235,0.278,12.9,77,0
2023-12-24T16:00,126,0.278,12.2,82,0
2023-12-24T17:00,23,0.278,11.4,83,0
2023-12-24T18:00,0,0.278,10.1,90,0
2023-12-24T19:00,0,0.278,10.7,89,0
2023-12-24T20:00,0,0.278,10.2,92,0
2023-12-24T21:00,0,0.278,10,93,0
2023-12-24T22:00,0,0.278,9.5,95,0
2023-12-24T23:00,0,0.278,9.3,96,0
2023-12-25T00:00,0,0.278,8.2,97,0
2023-12-25T01:00,0,0.278,7.7,96,0
2023-12-25T02:00,0,0.275,10,95,0
2023-12-25T03:00,0,0.275,9.9,93,0
2023-12-25T04:00,0,0.275,10.1,92,0
2023-12-25T05:00,0,0.275,10.1,91,0
2023-12-25T06:00,0,0.276,9.9,93,0
2023-12-25T07:00,0,0.276,9.7,95,0
2023-12-25T08:00,0,0.276,9.3,95,0
2023-12-25T09:00,19,0.276,9.6,92,0
2023-12-25T10:00,91,0.276,10.4,87,0
2023-12-25T11:00,186,0.275,11.7,75,0
2023-12-25T12:00,292,0.275,12.7,69,0
2023-12-25T13:00,312,0.275,13.2,67,0
2023-12-25T14:00,314,0.285,13.6,68,0
2023-12-25T15:00,201,0.284,13,71,0
2023-12-25T16:00,106,0.284,12.2,75,0
2023-12-25T17:00,19,0.284,11.3,77,0
2023-12-25T18:00,0,0.284,10.6,83,0
2023-12-25T19:00,0,0.284,10.3,86,0
2023-12-25T20:00,0,0.284,10,89,0
2023-12-25T21:00,0,0.284,9.8,90,0
2023-12-25T22:00,0,0.284,9.7,91,0
2023-12-25T23:00,0,0.284,9.5,94,0
2023-12-26T00:00,0,0.284,9.4,96,0
2023-12-26T01:00,0,0.284,9.6,94,0
2023-12-26T02:00,0,0.295,10.4,90,0
2023-12-26T03:00,0,0.295,10.5,90,0
2023-12-26T04:00,0,0.295,9.8,94,0
2023-12-26T05:00,0,0.295,9.2,94,0
2023-12-26T06:00,0,0.295,9.1,93,0
2023-12-26T07:00,0,0.295,8.6,92,0
2023-12-26T08:00,0,0.295,8.2,91,0
2023-12-26T09:00,26,0.295,8.3,90,0
2023-12-26T10:00,119,0.295,11.1,84,0
2023-12-26T11:00,212,0.294,12.4,78,0
2023-12-26T12:00,279,0.294,13,75,0
2023-12-26T13:00,303,0.294,13.4,74,0
2023-12-26T14:00,211,0.291,13.2,77,0
2023-12-26T15:00,162,0.291,12.8,80,0
2023-12-26T16:00,70,0.291,12.3,83,0
2023-12-26T17:00,16,0.291,11.7,87,0
2023-12-26T18:00,0,0.291,11.3,90,0
2023-12-26T19:00,0,0.291,11.1,90,0
2023-12-26T20:00,0,0.291,10.5,92,0
2023-12-26T21:00,0,0.291,9.4,94,0
2023-12-26T22:00,0,0.291,8.6,95,0
2023-12-26T23:00,0,0.291,8,95,0
2023-12-27T00:00,0,0.291,8.1,95,0
2023-12-27T01:00,0,0.291,8.1,94,0
2023-12-27T02:00,0,0.29,9.3,94,0
2023-12-27T03:00,0,0.29,8.9,96,0
2023-12-27T04:00,0,0.29,8.3,97,0
2023-12-27T05:00,0,0.29,7.8,98,0
2023-12-27T06:00,0,0.29,7.5,98,0
2023-12-27T07:00,0,0.29,7.9,96,0
2023-12-27T08:00,0,0.29,8.5,97,0
2023-12-27T09:00,23,0.29,9.4,95,0
2023-12-27T10:00,106,0.29,11.2,88,0
2023-12-27T11:00,189,0.29,12.7,82,0
2023-12-27T12:00,285,0.29,13.7,75,0
2023-12-27T13:00,235,0.29,13.8,75,0.1
2023-12-27T14:00,164,0.287,13.5,76,0.3
2023-12-27T15:00,118,0.289,13,82,0.2
2023-12-27T16:00,54,0.29,12.3,88,0.2
2023-12-27T17:00,12,0.291,11.3,95,0.2
2023-12-27T18:00,0,0.291,11.4,95,0
2023-12-27T19:00,0,0.291,11,95,0
2023-12-27T20:00,0,0.291,10.1,95,0
2023-12-27T21:00,0,0.291,9.5,93,0
2023-12-27T22:00,0,0.291,8.6,93,0
2023-12-27T23:00,0,0.291,8.3,95,0
2023-12-28T00:00,0,0.291,8.1,95,0
2023-12-28T01:00,0,0.291,7.9,95,0
2023-12-28T02:00,0,0.286,9.6,94,0
2023-12-28T03:00,0,0.286,10,95,0
2023-12-28T04:00,0,0.286,10.2,95,0
2023-12-28T05:00,0,0.286,9.7,97,0
2023-12-28T06:00,0,0.286,10,97,0
2023-12-28T07:00,0,0.286,9.8,98,0
2023-12-28T08:00,0,0.286,9.9,98,0
2023-12-28T09:00,19,0.286,10.5,95,0
2023-12-28T10:00,93,0.286,11.1,90,0
2023-12-28T11:00,181,0.287,11.7,86,0
2023-12-28T12:00,267,0.287,12.5,78,0.1
2023-12-28T13:00,220,0.287,13.2,71,0
2023-12-28T14:00,248,0.289,13.3,74,0.2
2023-12-28T15:00,163,0.293,12.4,87,0.5
2023-12-28T16:00,85,0.295,11.9,94,0.3
2023-12-28T17:00,20,0.296,11.1,96,0.1
2023-12-28T18:00,0,0.296,11.1,96,0
2023-12-28T19:00,0,0.296,10.9,94,0
2023-12-28T20:00,0,0.296,10.6,93,0
2023-12-28T21:00,0,0.296,10,95,0
2023-12-28T22:00,0,0.296,10,95,0
2023-12-28T23:00,0,0.296,10.1,96,0
2023-12-29T00:00,0,0.295,10.1,95,0
2023-12-29T01:00,0,0.295,9.5,96,0
2023-12-29T02:00,0,0.292,10.1,94,0
2023-12-29T03:00,0,0.292,9.3,97,0
2023-12-29T04:00,0,0.292,8.8,97,0
2023-12-29T05:00,0,0.292,8.5,95,0
2023-12-29T06:00,0,0.292,8.5,93,0
2023-12-29T07:00,0,0.292,8.6,92,0
2023-12-29T08:00,0,0.291,7.6,93,0
2023-12-29T09:00,28,0.291,8.9,90,0
2023-12-29T10:00,125,0.291,10.4,86,0
2023-12-29T11:00,201,0.291,11.1,80,0
2023-12-29T12:00,302,0.291,11.8,77,0
2023-12-29T13:00,284,0.291,12.5,75,0
2023-12-29T14:00,297,0.292,13.2,75,0
2023-12-29T15:00,188,0.292,12.9,77,0
2023-12-29T16:00,112,0.292,12.6,79,0
2023-12-29T17:00,24,0.292,10.7,89,0
2023-12-29T18:00,0,0.292,10.4,85,0
2023-12-29T19:00,0,0.292,10.4,82,0
2023-12-29T20:00,0,0.292,9.5,85,0
2023-12-29T21:00,0,0.292,9.2,85,0
2023-12-29T22:00,0,0.292,8.2,87,0
2023-12-29T23:00,0,0.292,7.4,88,0
2023-12-30T00:00,0,0.292,7.5,86,0
2023-12-30T01:00,0,0.292,7.7,86,0
2023-12-30T02:00,0,0.294,8.1,83,0
2023-12-30T03:00,0,0.294,7.3,87,0
2023-12-30T04:00,0,0.294,6.7,88,0
2023-12-30T05:00,0,0.294,5.7,89,0
2023-12-30T06:00,0,0.294,5.3,86,0
2023-12-30T07:00,0,0.294,5.2,84,0
2023-12-30T08:00,0,0.293,4.9,84,0
2023-12-30T09:00,35,0.293,6.1,79,0
2023-12-30T10:00,154,0.293,11,67,0
2023-12-30T11:00,270,0.293,13.3,62,0
2023-12-30T12:00,344,0.293,14.1,62,0
2023-12-30T13:00,369,0.292,14.3,65,0
2023-12-30T14:00,311,0.291,14.5,65,0
2023-12-30T15:00,252,0.29,14.2,67,0
2023-12-30T16:00,146,0.29,13.1,75,0
2023-12-30T17:00,31,0.29,12.3,81,0
2023-12-30T18:00,0,0.29,10.4,88,0
2023-12-30T19:00,0,0.29,9.8,84,0
2023-12-30T20:00,0,0.29,7.4,89,0
2023-12-30T21:00,0,0.29,6.2,89,0
2023-12-30T22:00,0,0.29,5.9,88,0
2023-12-30T23:00,0,0.29,5.5,87,0
2023-12-31T00:00,0,0.29,5.1,87,0
2023-12-31T01:00,0,0.29,5.5,85,0
2023-12-31T02:00,0,0.29,6.8,83,0
2023-12-31T03:00,0,0.29,6.4,85,0
2023-12-31T04:00,0,0.29,6.6,83,0
2023-12-31T05:00,0,0.29,8.2,78,0
2023-12-31T06:00,0,0.29,8,81,0
2023-12-31T07:00,0,0.29,9.1,80,0
2023-12-31T08:00,0,0.29,9.6,83,0
2023-12-31T09:00,5,0.294,10.1,90,0.5
2023-12-31T10:00,23,0.305,10.5,89,0.8
2023-12-31T11:00,34,0.32,10.6,91,1.1
2023-12-31T12:00,53,0.327,10.5,96,0.6
2023-12-31T13:00,113,0.331,11,94,0.4
2023-12-31T14:00,151,0.353,11.7,91,0
2023-12-31T15:00,146,0.351,11.6,93,0.1
2023-12-31T16:00,65,0.35,11.7,94,0
2023-12-31T17:00,20,0.349,11.7,92,0
2023-12-31T18:00,0,0.347,10.7,95,0
2023-12-31T19:00,0,0.346,10.8,94,0
2023-12-31T20:00,0,0.344,11.2,91,0
2023-12-31T21:00,0,0.343,9.3,93,0
2023-12-31T22:00,0,0.342,8.4,87,0
2023-12-31T23:00,0,0.341,8,87,0
2024-01-01T00:00,0,0.34,7.1,88,0
