# site=SYNTHETIC demo trace, Liguria-like coastal site (NOT measured data)
# latitude=44.05
# longitude=8.21
# source=tools/make_demo_trace.py seed=2023 (stand-in for the Open-Meteo archive)
# utc_offset_h=1.0
# start_local=2023-01-01T00:00
# unit:shortwave_radiation=W/m²
# kind:shortwave_radiation=preceding_mean
# unit:soil_moisture_0_to_7cm=m³/m³
# kind:soil_moisture_0_to_7cm=instant
# unit:temperature_2m=°C
# kind:temperature_2m=instant
# unit:relative_humidity_2m=%
# kind:relative_humidity_2m=instant
# unit:precipitation=mm
# kind:precipitation=preceding_mean
time,shortwave_radiation,soil_moisture_0_to_7cm,temperature_2m,relative_humidity_2m,precipitation
2023-01-01T00:00,0,0.2971,4.34,73,0
2023-01-01T01:00,0,0.299,3.57,79.7,0
2023-01-01T02:00,0,0.2973,3.72,76.5,0
2023-01-01T03:00,0,0.301,3.62,77.8,0
2023-01-01T04:00,0,0.3564,1.07,97,3.97
2023-01-01T05:00,0,0.3651,1.81,96.4,0.54
2023-01-01T06:00,0,0.366,4.05,78.9,0
2023-01-01T07:00,0,0.3666,4.99,70.5,0
2023-01-01T08:00,0,0.4286,4.39,88.9,4.62
2023-01-01T09:00,4.1,0.4193,7.08,70.6,0
2023-01-01T10:00,44.8,0.4122,8.65,66.9,0
2023-01-01T11:00,110.7,0.4065,9.87,62.3,0
2023-01-01T12:00,146,0.4028,10.91,56.2,0
2023-01-01T13:00,126.5,0.447,9.2,83.9,3
2023-01-01T14:00,103.2,0.4277,10.84,57.2,0
2023-01-01T15:00,58.8,0.4189,11.16,56.8,0
2023-01-01T16:00,34.6,0.4133,11.37,56.2,0
2023-01-01T17:00,6.6,0.4059,12.16,56,0
2023-01-01T18:00,0,0.4082,10.33,62.4,0
2023-01-01T19:00,0,0.404,10.35,57.8,0
2023-01-01T20:00,0,0.4027,9.09,64.8,0
2023-01-01T21:00,0,0.4009,8.09,61.3,0
2023-01-01T22:00,0,0.3976,7.16,70.1,0
2023-01-01T23:00,0,0.4149,3.71,93.8,0.92
2023-01-02T00:00,0,0.4107,3.2,77.6,0
2023-01-02T01:00,0,0.4045,3.52,77.2,0
2023-01-02T02:00,0,0.4011,2.56,79,0
2023-01-02T03:00,0,0.4013,3.36,77.1,0
2023-01-02T04:00,0,0.4019,3.92,73.7,0
2023-01-02T05:00,0,0.4035,4.83,75.7,0
2023-01-02T06:00,0,0.4014,5.33,69.6,0
2023-01-02T07:00,0,0.4007,5.92,69.3,0
2023-01-02T08:00,0,0.4003,5.81,71,0
2023-01-02T09:00,3.7,0.4021,7.89,67.9,0
2023-01-02T10:00,16,0.3987,8.95,67.7,0
2023-01-02T11:00,28.9,0.3987,10.09,61.4,0
2023-01-02T12:00,90.7,0.3977,10.99,61.5,0
2023-01-02T13:00,118.5,0.399,12.74,54.1,0
2023-01-02T14:00,129.6,0.3988,13.07,56.3,0
2023-01-02T15:00,85.9,0.3998,13.07,56.4,0
2023-01-02T16:00,75.9,0.3968,13.94,46.2,0
2023-01-02T17:00,11.2,0.3966,13.35,59,0
2023-01-02T18:00,0,0.397,13.03,54.3,0
2023-01-02T19:00,0,0.395,12,61.7,0
2023-01-02T20:00,0,0.3955,11.22,58.6,0
2023-01-02T21:00,0,0.3956,8.84,65.2,0
2023-01-02T22:00,0,0.3953,7.63,66.8,0
2023-01-02T23:00,0,0.3998,6.17,69,0
2023-01-03T00:00,0,0.3943,4.79,76.1,0
2023-01-03T01:00,0,0.3905,3.89,71.1,0
2023-01-03T02:00,0,0.3957,3.17,70.5,0
2023-01-03T03:00,0,0.3964,3.96,74.9,0
2023-01-03T04:00,0,0.3956,2.93,75.4,0
2023-01-03T05:00,0,0.3963,3.91,72.8,0
2023-01-03T06:00,0,0.3948,4.95,74.1,0
2023-01-03T07:00,0,0.3965,6.12,73.8,0
2023-01-03T08:00,0,0.3963,6.97,72.1,0
2023-01-03T09:00,4.7,0.394,7.75,64.3,0
2023-01-03T10:00,43.4,0.3939,8.7,69.6,0
2023-01-03T11:00,93.4,0.3963,10.44,60.2,0
2023-01-03T12:00,123.5,0.3916,11.13,58.4,0
2023-01-03T13:00,176.6,0.3919,12.12,58.6,0
2023-01-03T14:00,158.7,0.3946,12.45,53.6,0
2023-01-03T15:00,119.5,0.3917,11.99,55.8,0
2023-01-03T16:00,53.3,0.3917,12.5,55.3,0
2023-01-03T17:00,14.2,0.3906,11.99,58.9,0
2023-01-03T18:00,0,0.3891,11.46,62,0
2023-01-03T19:00,0,0.3913,9.44,67,0
2023-01-03T20:00,0,0.3896,7.99,67.3,0
2023-01-03T21:00,0,0.3893,6.54,75.8,0
2023-01-03T22:00,0,0.3926,5.6,75.9,0
2023-01-03T23:00,0,0.3885,4.09,72.5,0
2023-01-04T00:00,0,0.3891,3.56,70.2,0
2023-01-04T01:00,0,0.3908,3.92,76.8,0
2023-01-04T02:00,0,0.3876,2.76,77.5,0
2023-01-04T03:00,0,0.4068,0.32,97.5,1.24
2023-01-04T04:00,0,0.4044,3.83,73.7,0
2023-01-04T05:00,0,0.4003,4.35,77.9,0
2023-01-04T06:00,0,0.3998,5.18,72.7,0
2023-01-04T07:00,0,0.4084,3.89,96.9,0.37
2023-01-04T08:00,0,0.4032,7.4,62.4,0
2023-01-04T09:00,10.2,0.4027,8.28,67.4,0
2023-01-04T10:00,79.6,0.4012,10.45,57.7,0
2023-01-04T11:00,148.6,0.3999,12.72,53.9,0
2023-01-04T12:00,180.2,0.4006,13.8,55.1,0
2023-01-04T13:00,257.4,0.3997,14.48,51.2,0
2023-01-04T14:00,244.9,0.4058,12.71,72,0.6
2023-01-04T15:00,168.4,0.4012,14.8,52.9,0
2023-01-04T16:00,96.1,0.4035,14.23,47.4,0
2023-01-04T17:00,20.5,0.3992,13.29,54.4,0
2023-01-04T18:00,0,0.4035,12.34,55.5,0
2023-01-04T19:00,0,0.4059,8.18,85.2,0.53
2023-01-04T20:00,0,0.4053,7.88,60.2,0
2023-01-04T21:00,0,0.4003,6.77,69.8,0
2023-01-04T22:00,0,0.4002,4.68,74.9,0
2023-01-04T23:00,0,0.3995,3.21,73.6,0
2023-01-05T00:00,0,0.4793,0.55,100,9.31
2023-01-05T01:00,0,0.4518,2.49,78.1,0
2023-01-05T02:00,0,0.4332,2.2,80.8,0
2023-01-05T03:00,0,0.4224,1.94,78.9,0
2023-01-05T04:00,0,0.4137,2.28,73.4,0
2023-01-05T05:00,0,0.4117,2.99,72.6,0
2023-01-05T06:00,0,0.4044,3.53,76.9,0
2023-01-05T07:00,0,0.4049,5.32,67.6,0
2023-01-05T08:00,0,0.401,5.8,68.1,0
2023-01-05T09:00,1.1,0.4826,5.44,87.2,14.65
2023-01-05T10:00,8,0.4521,8.85,64.4,0
2023-01-05T11:00,44.1,0.4475,8.51,84.5,1.07
2023-01-05T12:00,90.1,0.4306,12.2,56.4,0
2023-01-05T13:00,42.3,0.4825,9.89,81.5,5.95
2023-01-05T14:00,17.6,0.4526,11.83,52.4,0
2023-01-05T15:00,70.2,0.4814,10.79,80.2,8
2023-01-05T16:00,59.2,0.4536,13.26,56.1,0
2023-01-05T17:00,11.9,0.4341,12.56,60.8,0
2023-01-05T18:00,0,0.4208,10.65,58.4,0
2023-01-05T19:00,0,0.4119,8.76,61.7,0
2023-01-05T20:00,0,0.4105,7.66,66.6,0
2023-01-05T21:00,0,0.4059,6.62,74.8,0
2023-01-05T22:00,0,0.4048,5.47,72.8,0
2023-01-05T23:00,0,0.4026,4.51,72.9,0
2023-01-06T00:00,0,0.4019,2.8,75.8,0
2023-01-06T01:00,0,0.4002,1.67,82.5,0
2023-01-06T02:00,0,0.4011,0.3,77.8,0
2023-01-06T03:00,0,0.4021,1.36,79.5,0
2023-01-06T04:00,0,0.3996,1.2,83.5,0
2023-01-06T05:00,0,0.4004,2.41,80.4,0
2023-01-06T06:00,0,0.3982,4.14,76.8,0
2023-01-06T07:00,0,0.3981,5.07,73.4,0
2023-01-06T08:00,0,0.3967,6.2,70.5,0
2023-01-06T09:00,14,0.4002,8.09,61.9,0
2023-01-06T10:00,113.9,0.4009,10.61,60.8,0
2023-01-06T11:00,189.1,0.3988,11.67,57,0
2023-01-06T12:00,246.2,0.3977,12.95,57.3,0
2023-01-06T13:00,283.9,0.397,13.52,52.8,0
2023-01-06T14:00,244.6,0.3952,14.57,51.1,0
2023-01-06T15:00,199.3,0.3962,15.08,46,0
2023-01-06T16:00,133,0.3942,14.41,55.9,0
2023-01-06T17:00,22.9,0.3955,12.72,52.8,0
2023-01-06T18:00,0,0.3953,11.34,58.2,0
2023-01-06T19:00,0,0.3963,9.91,57.7,0
2023-01-06T20:00,0,0.3936,8,68.9,0
2023-01-06T21:00,0,0.3946,6.49,64.4,0
2023-01-06T22:00,0,0.3966,4.12,74.1,0
2023-01-06T23:00,0,0.3949,3.5,82.2,0
2023-01-07T00:00,0,0.3937,2.52,76.3,0
2023-01-07T01:00,0,0.3912,1.93,79.4,0
2023-01-07T02:00,0,0.393,1.75,83.5,0
2023-01-07T03:00,0,0.3936,1.59,82.6,0
2023-01-07T04:00,0,0.3923,2.28,75.8,0
2023-01-07T05:00,0,0.389,1.48,81,0
2023-01-07T06:00,0,0.3908,2.59,78,0
2023-01-07T07:00,0,0.3896,3.26,77.9,0
2023-01-07T08:00,0,0.3923,5.03,74.4,0
2023-01-07T09:00,8.1,0.3898,6.03,74.9,0
2023-01-07T10:00,66.2,0.3893,7.44,67.1,0
2023-01-07T11:00,99.9,0.3925,9.2,63.5,0
2023-01-07T12:00,139.8,0.389,10.12,59.9,0
2023-01-07T13:00,162.6,0.3897,11.45,55.3,0
2023-01-07T14:00,123.8,0.3901,12.12,55.1,0
2023-01-07T15:00,73.7,0.3907,12.06,57.9,0
2023-01-07T16:00,66.7,0.3885,13.71,52,0
2023-01-07T17:00,21.8,0.3893,13.53,55.2,0
2023-01-07T18:00,0,0.3894,11.98,52.8,0
2023-01-07T19:00,0,0.3905,11.65,62.6,0
2023-01-07T20:00,0,0.3888,10.02,60.5,0
2023-01-07T21:00,0,0.3872,8.28,67.5,0
2023-01-07T22:00,0,0.3862,7.69,70.8,0
2023-01-07T23:00,0,0.3894,5.56,74.3,0
2023-01-08T00:00,0,0.3882,4.18,73.7,0
2023-01-08T01:00,0,0.3892,3.8,76.9,0
2023-01-08T02:00,0,0.3867,2.25,77.3,0
2023-01-08T03:00,0,0.3874,1.73,75.2,0
2023-01-08T04:00,0,0.3851,1.91,84.8,0
2023-01-08T05:00,0,0.3894,3.23,77.7,0
2023-01-08T06:00,0,0.3862,4.32,78.4,0
2023-01-08T07:00,0,0.3846,6.49,68.2,0
2023-01-08T08:00,0,0.3859,7.68,62.9,0
2023-01-08T09:00,10.8,0.3844,9.63,64,0
2023-01-08T10:00,76.6,0.3853,11.16,62.3,0
2023-01-08T11:00,165.7,0.3855,12.93,56.9,0
2023-01-08T12:00,169.5,0.3829,14.36,47.1,0
2023-01-08T13:00,193,0.3829,15.6,46.5,0
2023-01-08T14:00,236.8,0.3826,16.34,49,0
2023-01-08T15:00,164.7,0.3827,16.03,45.8,0
2023-01-08T16:00,69.7,0.383,14.63,52.1,0
2023-01-08T17:00,14.8,0.3813,13.22,54.4,0
2023-01-08T18:00,0,0.3807,11.8,55.7,0
2023-01-08T19:00,0,0.3837,10.42,63.5,0
2023-01-08T20:00,0,0.3814,9.14,60.1,0
2023-01-08T21:00,0,0.3811,8.11,73.9,0
2023-01-08T22:00,0,0.3812,6.73,67.6,0
2023-01-08T23:00,0,0.3828,4.56,70.4,0
2023-01-09T00:00,0,0.3832,3.98,75.3,0
2023-01-09T01:00,0,0.38,3.82,75.7,0
2023-01-09T02:00,0,0.3811,2.83,81.8,0
2023-01-09T03:00,0,0.3776,1.84,78.6,0
2023-01-09T04:00,0,0.38,1.29,80.6,0
2023-01-09T05:00,0,0.3841,2.43,77.5,0
2023-01-09T06:00,0,0.3777,3.15,78.6,0
2023-01-09T07:00,0,0.3786,4.67,68.5,0
2023-01-09T08:00,0,0.3776,5.53,74.8,0
2023-01-09T09:00,6.8,0.3812,6.72,62.6,0
2023-01-09T10:00,44.6,0.3804,9,68.1,0
2023-01-09T11:00,50.1,0.3793,10.55,55.3,0
2023-01-09T12:00,76.4,0.379,11.6,56.8,0
2023-01-09T13:00,134.9,0.3781,12.11,54.4,0
2023-01-09T14:00,123.5,0.3789,13.21,52.4,0
2023-01-09T15:00,69.6,0.3781,12.28,56.6,0
2023-01-09T16:00,61.7,0.3765,12.59,56.5,0
2023-01-09T17:00,11,0.3787,12.08,55.1,0
2023-01-09T18:00,0,0.3747,11.59,61.5,0
2023-01-09T19:00,0,0.3777,10.81,58.4,0
2023-01-09T20:00,0,0.3754,9.8,61.7,0
2023-01-09T21:00,0,0.3763,8.72,64.8,0
2023-01-09T22:00,0,0.3761,6.92,71,0
2023-01-09T23:00,0,0.3751,4.58,74.5,0
2023-01-10T00:00,0,0.3782,1.92,82,0
2023-01-10T01:00,0,0.3752,1.37,80,0
2023-01-10T02:00,0,0.3766,0.87,73,0
2023-01-10T03:00,0,0.374,-0.97,87.2,0
2023-01-10T04:00,0,0.375,-0.16,85.5,0
2023-01-10T05:00,0,0.3753,0.47,85.1,0
2023-01-10T06:00,0,0.3733,1.22,76.5,0
2023-01-10T07:00,0,0.373,2.77,75.5,0
2023-01-10T08:00,0,0.3737,4.69,76.1,0
2023-01-10T09:00,11.6,0.3731,5.25,75.5,0
2023-01-10T10:00,55.3,0.3726,6.61,64.6,0
2023-01-10T11:00,97.8,0.373,7.7,67.7,0
2023-01-10T12:00,109.6,0.3728,8.35,64.3,0
2023-01-10T13:00,105.6,0.3735,8.94,67,0
2023-01-10T14:00,91.9,0.3746,9.24,61.7,0
2023-01-10T15:00,99.3,0.3726,9.72,65.4,0
2023-01-10T16:00,41.8,0.3716,9.04,63.4,0
2023-01-10T17:00,14.1,0.3718,9.26,60.2,0
2023-01-10T18:00,0,0.3738,8.4,64.5,0
2023-01-10T19:00,0,0.3729,6.92,68,0
2023-01-10T20:00,0,0.3675,5.83,69,0
2023-01-10T21:00,0,0.3709,4.17,71.3,0
2023-01-10T22:00,0,0.3696,2.91,76.6,0
2023-01-10T23:00,0,0.37,0.68,81.4,0
2023-01-11T00:00,0,0.3703,-1.52,88,0
2023-01-11T01:00,0,0.3684,-3.03,88.6,0
2023-01-11T02:00,0,0.3707,-4.25,93.1,0
2023-01-11T03:00,0,0.3709,-4.66,94.3,0
2023-01-11T04:00,0,0.3709,-3.97,88.7,0
2023-01-11T05:00,0,0.369,-2.2,86.8,0
2023-01-11T06:00,0,0.3674,-0.48,82.4,0
2023-01-11T07:00,0,0.3678,1.11,81.9,0
2023-01-11T08:00,0,0.3718,3.35,78,0
2023-01-11T09:00,24.3,0.3684,5.23,72,0
2023-01-11T10:00,135.9,0.3658,6.81,71.1,0
2023-01-11T11:00,223.6,0.3678,8.71,66.1,0
2023-01-11T12:00,303.5,0.3664,9.92,60.6,0
2023-01-11T13:00,287.5,0.3639,11.08,56.6,0
2023-01-11T14:00,252.1,0.3656,11.78,54.3,0
2023-01-11T15:00,224.2,0.3653,12.32,53.2,0
2023-01-11T16:00,111.7,0.3652,11.46,56.9,0
2023-01-11T17:00,31.4,0.3645,11.08,57.4,0
2023-01-11T18:00,0,0.3644,10.43,66,0
2023-01-11T19:00,0,0.3692,9.09,66.8,0
2023-01-11T20:00,0,0.3663,7.82,62.1,0
2023-01-11T21:00,0,0.3648,5.48,68.8,0
2023-01-11T22:00,0,0.3627,4.17,74,0
2023-01-11T23:00,0,0.3611,2.86,77.5,0
2023-01-12T00:00,0,0.3626,2.99,78.1,0
2023-01-12T01:00,0,0.3637,1.95,76.7,0
2023-01-12T02:00,0,0.3651,1.62,80.9,0
2023-01-12T03:00,0,0.3584,0.64,82.9,0
2023-01-12T04:00,0,0.3614,0.76,82.4,0
2023-01-12T05:00,0,0.3627,0.79,80.9,0
2023-01-12T06:00,0,0.3633,1.35,80.2,0
2023-01-12T07:00,0,0.3618,2.51,77.3,0
2023-01-12T08:00,0,0.3594,4.33,76.1,0
2023-01-12T09:00,21.3,0.361,6.58,68.9,0
2023-01-12T10:00,107.7,0.36,7.73,69.8,0
2023-01-12T11:00,207.1,0.3621,9.36,59.8,0
2023-01-12T12:00,198.6,0.3622,9.31,63,0
2023-01-12T13:00,173.7,0.3611,9.74,61.4,0
2023-01-12T14:00,168,0.3588,10.71,59,0
2023-01-12T15:00,146.2,0.361,11.43,61.3,0
2023-01-12T16:00,80.8,0.3601,11.77,63.6,0
2023-01-12T17:00,18.8,0.3614,10.95,63.7,0
2023-01-12T18:00,0,0.3591,10.49,60.4,0
2023-01-12T19:00,0,0.3581,8.49,65.6,0
2023-01-12T20:00,0,0.3586,7.14,63.7,0
2023-01-12T21:00,0,0.3556,5.57,66.9,0
2023-01-12T22:00,0,0.3569,4.74,67.7,0
2023-01-12T23:00,0,0.3576,3.73,74.7,0
2023-01-13T00:00,0,0.3583,3.06,79.5,0
2023-01-13T01:00,0,0.3575,1.15,79.2,0
2023-01-13T02:00,0,0.3572,0.93,84.1,0
2023-01-13T03:00,0,0.3568,1.71,75.5,0
2023-01-13T04:00,0,0.3544,0.62,86.3,0
2023-01-13T05:00,0,0.3597,1.57,78.8,0
2023-01-13T06:00,0,0.3574,2.14,81.2,0
2023-01-13T07:00,0,0.3556,3.21,76.4,0
2023-01-13T08:00,0,0.3587,4.93,65.8,0
2023-01-13T09:00,15.1,0.354,5.87,69,0
2023-01-13T10:00,77.9,0.3569,7.92,69.5,0
2023-01-13T11:00,161,0.3551,9.21,60.9,0
2023-01-13T12:00,235.5,0.3567,11.11,56.7,0
2023-01-13T13:00,239.2,0.3547,12.84,50,0
2023-01-13T14:00,158.4,0.3527,12.7,47.7,0
2023-01-13T15:00,111.2,0.3498,12.82,52.7,0
2023-01-13T16:00,86.4,0.3514,13.46,53.3,0
2023-01-13T17:00,17.8,0.3543,11.59,59.2,0
2023-01-13T18:00,0,0.3544,10.88,60.4,0
2023-01-13T19:00,0,0.3507,10.55,62.6,0
2023-01-13T20:00,0,0.3503,8.52,64.9,0
2023-01-13T21:00,0,0.3512,7.09,65.2,0
2023-01-13T22:00,0,0.3514,5.92,73.1,0
2023-01-13T23:00,0,0.3526,4.4,70.2,0
2023-01-14T00:00,0,0.3536,4.28,78.5,0
2023-01-14T01:00,0,0.3513,3.42,71.1,0
2023-01-14T02:00,0,0.3533,1.67,79.6,0
2023-01-14T03:00,0,0.3515,0.7,83.2,0
2023-01-14T04:00,0,0.3508,0.53,87.1,0
2023-01-14T05:00,0,0.3501,1.69,81.4,0
2023-01-14T06:00,0,0.3497,2.55,76.1,0
2023-01-14T07:00,0,0.3534,2.98,75.3,0
2023-01-14T08:00,0,0.3518,5.5,71.1,0
2023-01-14T09:00,1.4,0.3502,5.99,71.4,0
2023-01-14T10:00,43.3,0.35,7.16,70,0
2023-01-14T11:00,38.2,0.3479,8.58,63.8,0
2023-01-14T12:00,45.3,0.3491,9.37,62.2,0
2023-01-14T13:00,62.9,0.3498,10.73,60.8,0
2023-01-14T14:00,84.1,0.353,11.81,55.3,0
2023-01-14T15:00,42.6,0.3466,11.08,61.7,0
2023-01-14T16:00,23.1,0.3486,11.63,56.3,0
2023-01-14T17:00,16.9,0.3463,11.5,64.8,0
2023-01-14T18:00,0,0.3474,10.5,59.2,0
2023-01-14T19:00,0,0.3489,9.94,63.3,0
2023-01-14T20:00,0,0.3495,8.77,63.3,0
2023-01-14T21:00,0,0.3475,7.48,63.3,0
2023-01-14T22:00,0,0.3472,6.12,67.5,0
2023-01-14T23:00,0,0.3479,5.47,73.8,0
2023-01-15T00:00,0,0.3482,5.36,79.1,0
2023-01-15T01:00,0,0.3484,4.37,76.5,0
2023-01-15T02:00,0,0.347,3.66,76,0
2023-01-15T03:00,0,0.3457,2.85,74.8,0
2023-01-15T04:00,0,0.348,1.68,79.4,0
2023-01-15T05:00,0,0.3439,3.56,78.8,0
2023-01-15T06:00,0,0.3464,4.02,68.7,0
2023-01-15T07:00,0,0.3475,4.54,71.4,0
2023-01-15T08:00,0,0.3459,6.01,70.4,0
2023-01-15T09:00,13,0.3436,7.37,60.9,0
2023-01-15T10:00,52.3,0.3458,8.67,63.5,0
2023-01-15T11:00,72,0.3423,9.88,57.9,0
2023-01-15T12:00,59.8,0.3457,10.6,59.1,0
2023-01-15T13:00,58.4,0.3447,11.14,61.8,0
2023-01-15T14:00,29,0.3443,10.95,63.1,0
2023-01-15T15:00,42.7,0.3426,11.78,56,0
2023-01-15T16:00,48.1,0.3454,11.15,56.3,0
2023-01-15T17:00,16.8,0.344,11.19,56.1,0
2023-01-15T18:00,0,0.3445,9.84,63.3,0
2023-01-15T19:00,0,0.3428,8.27,67.4,0
2023-01-15T20:00,0,0.3432,7.14,62.7,0
2023-01-15T21:00,0,0.3454,5.94,74.1,0
2023-01-15T22:00,0,0.3434,5.86,68,0
2023-01-15T23:00,0,0.3426,4.44,71.6,0
2023-01-16T00:00,0,0.3413,3.64,74.7,0
2023-01-16T01:00,0,0.3442,4.55,74.1,0
2023-01-16T02:00,0,0.344,4.65,70.8,0
2023-01-16T03:00,0,0.3449,3.21,74.3,0
2023-01-16T04:00,0,0.3421,2.84,78.3,0
2023-01-16T05:00,0,0.3423,3.27,77.2,0
2023-01-16T06:00,0,0.3412,2.71,77.5,0
2023-01-16T07:00,0,0.3406,4.07,72,0
2023-01-16T08:00,0,0.3411,5.98,67.9,0
2023-01-16T09:00,4.1,0.3392,7.53,61.8,0
2023-01-16T10:00,8.7,0.341,8.61,69.9,0
2023-01-16T11:00,14.6,0.3423,9.5,62.2,0
2023-01-16T12:00,38.6,0.3419,11.47,59.7,0
2023-01-16T13:00,20.3,0.3405,12.09,52,0
2023-01-16T14:00,19.1,0.3427,13.23,56.2,0
2023-01-16T15:00,15.7,0.3424,12.76,53.3,0
2023-01-16T16:00,31.9,0.3406,12.14,57.3,0
2023-01-16T17:00,8.9,0.3375,12.08,57.1,0
2023-01-16T18:00,0,0.3391,12.28,52.4,0
2023-01-16T19:00,0,0.3394,12.15,54.5,0
2023-01-16T20:00,0,0.3408,11.44,59.8,0
2023-01-16T21:00,0,0.3389,9.63,67.3,0
2023-01-16T22:00,0,0.3382,8,61.2,0
2023-01-16T23:00,0,0.3373,6.7,67.8,0
2023-01-17T00:00,0,0.3395,4.18,71.9,0
2023-01-17T01:00,0,0.339,2.86,73.4,0
2023-01-17T02:00,0,0.338,2.93,74.6,0
2023-01-17T03:00,0,0.3396,2.68,77.2,0
2023-01-17T04:00,0,0.3358,1.25,84.9,0
2023-01-17T05:00,0,0.3395,1.97,78.7,0
2023-01-17T06:00,0,0.3387,4.26,71.8,0
2023-01-17T07:00,0,0.3396,6.23,72.3,0
2023-01-17T08:00,0,0.3385,7.17,66.5,0
2023-01-17T09:00,23.8,0.3366,8.23,67,0
2023-01-17T10:00,109,0.3369,9.36,60.1,0
2023-01-17T11:00,198.9,0.3374,11.44,57.6,0
2023-01-17T12:00,203.9,0.3349,13.44,55.4,0
2023-01-17T13:00,231,0.3343,14.17,54.3,0
2023-01-17T14:00,232.9,0.3345,14.77,48.7,0
2023-01-17T15:00,189.8,0.3353,14.6,55.4,0
2023-01-17T16:00,124.5,0.3352,13.27,49,0
2023-01-17T17:00,49.1,0.3315,13.78,51.8,0
2023-01-17T18:00,0,0.332,12.39,57.7,0
2023-01-17T19:00,0,0.3331,10.49,63.7,0
2023-01-17T20:00,0,0.3313,9.13,65.8,0
2023-01-17T21:00,0,0.3321,6.67,67.7,0
2023-01-17T22:00,0,0.3338,4.81,77,0
2023-01-17T23:00,0,0.3306,3.56,73.9,0
2023-01-18T00:00,0,0.3338,1.67,87.3,0
2023-01-18T01:00,0,0.3347,0.81,77.6,0
2023-01-18T02:00,0,0.3315,0.3,81.7,0
2023-01-18T03:00,0,0.332,0.4,82.4,0
2023-01-18T04:00,0,0.3326,1.7,78,0
2023-01-18T05:00,0,0.3318,2.38,78.2,0
2023-01-18T06:00,0,0.3307,3.51,74.3,0
2023-01-18T07:00,0,0.3305,3.98,75.7,0
2023-01-18T08:00,0,0.3303,5.63,71,0
2023-01-18T09:00,23.4,0.3335,5.96,67.1,0
2023-01-18T10:00,109.1,0.3319,7.99,67.2,0
2023-01-18T11:00,163.1,0.3291,9.42,61.3,0
2023-01-18T12:00,222.7,0.3313,10.71,64.8,0
2023-01-18T13:00,245.5,0.3284,11.65,57.1,0
2023-01-18T14:00,187.3,0.3288,12.19,58.2,0
2023-01-18T15:00,230.7,0.3278,13.24,56.6,0
2023-01-18T16:00,130.3,0.3274,12.98,58.9,0
2023-01-18T17:00,55.6,0.3307,12.82,59.6,0
2023-01-18T18:00,0,0.3298,11.82,55.1,0
2023-01-18T19:00,0,0.3274,10.04,61.8,0
2023-01-18T20:00,0,0.3272,7.71,64.1,0
2023-01-18T21:00,0,0.3262,5.52,68.8,0
2023-01-18T22:00,0,0.3268,3.05,75.9,0
2023-01-18T23:00,0,0.3268,1.05,80.4,0
2023-01-19T00:00,0,0.3275,1.39,74.3,0
2023-01-19T01:00,0,0.3261,-0.04,83.7,0
2023-01-19T02:00,0,0.3261,0.27,80.6,0
2023-01-19T03:00,0,0.3274,0.25,83.8,0
2023-01-19T04:00,0,0.3267,0.36,83.5,0
2023-01-19T05:00,0,0.3277,0.88,86.5,0
2023-01-19T06:00,0,0.3239,3.42,73,0
2023-01-19T07:00,0,0.3258,4.98,71.5,0
2023-01-19T08:00,0,0.3249,5.63,75.6,0
2023-01-19T09:00,6.4,0.3264,6.16,69.8,0
2023-01-19T10:00,34.9,0.3287,7.68,65,0
2023-01-19T11:00,80.4,0.3235,9.57,57.4,0
2023-01-19T12:00,66.4,0.3233,11,63,0
2023-01-19T13:00,141.8,0.3262,11.98,52.8,0
2023-01-19T14:00,168.1,0.3258,13.03,51.3,0
2023-01-19T15:00,116.9,0.3225,12.74,50.9,0
2023-01-19T16:00,41.6,0.3243,12.79,56.1,0
2023-01-19T17:00,14.9,0.3239,11.86,64,0
2023-01-19T18:00,0,0.3191,11.11,58.2,0
2023-01-19T19:00,0,0.323,9.13,64.8,0
2023-01-19T20:00,0,0.3242,5.76,92.3,0.15
2023-01-19T21:00,0,0.3248,6.03,72.2,0
2023-01-19T22:00,0,0.3245,5.37,72.4,0
2023-01-19T23:00,0,0.3246,2.17,99.5,0.01
2023-01-20T00:00,0,0.3267,2.97,77.2,0
2023-01-20T01:00,0,0.3251,1.77,83,0
2023-01-20T02:00,0,0.3223,1.4,78.1,0
2023-01-20T03:00,0,0.3233,0.83,81.7,0
2023-01-20T04:00,0,0.3223,1.11,80.4,0
2023-01-20T05:00,0,0.3238,1.37,83.1,0
2023-01-20T06:00,0,0.3241,1.55,81.9,0
2023-01-20T07:00,0,0.323,2.9,79.9,0
2023-01-20T08:00,0,0.3227,4.24,71.3,0
2023-01-20T09:00,14.2,0.324,2.89,89.8,0.18
2023-01-20T10:00,76.2,0.3277,7.15,71.4,0
2023-01-20T11:00,195.1,0.3247,7.17,84.2,0.01
2023-01-20T12:00,172.9,0.3302,8.58,79.7,0.26
2023-01-20T13:00,186.4,0.3296,9.92,78.1,0.04
2023-01-20T14:00,167.9,0.3287,11.65,66,0
2023-01-20T15:00,194.8,0.3283,12.75,54,0
2023-01-20T16:00,104.9,0.3274,12.62,58.9,0
2023-01-20T17:00,19.3,0.3563,8.84,80.8,1.86
2023-01-20T18:00,0,0.3551,8.59,86.3,0.1
2023-01-20T19:00,0,0.3551,9.4,64.3,0
2023-01-20T20:00,0,0.3557,7.91,63.7,0
2023-01-20T21:00,0,0.3523,6.2,74.3,0
2023-01-20T22:00,0,0.3481,5.45,77.5,0
2023-01-20T23:00,0,0.3545,3.68,75.1,0
2023-01-21T00:00,0,0.3547,2.53,77,0
2023-01-21T01:00,0,0.3521,1.42,80.3,0
2023-01-21T02:00,0,0.3532,0.13,81.5,0
2023-01-21T03:00,0,0.3529,0.53,82.2,0
2023-01-21T04:00,0,0.3522,0.81,83.4,0
2023-01-21T05:00,0,0.3519,0.71,82.2,0
2023-01-21T06:00,0,0.3808,-0.35,100,2.05
2023-01-21T07:00,0,0.3933,0.43,100,0.56
2023-01-21T08:00,0,0.3883,4.36,71.9,0
2023-01-21T09:00,8.2,0.3895,5.49,71.1,0
2023-01-21T10:00,34.6,0.3902,6.6,68.8,0
2023-01-21T11:00,31.3,0.3908,5.85,92.3,0.26
2023-01-21T12:00,64.8,0.4495,6.45,83.4,4.04
2023-01-21T13:00,90.6,0.4651,7.98,80.3,2.38
2023-01-21T14:00,78.8,0.4816,8.81,84.5,6.11
2023-01-21T15:00,46.3,0.4519,10.27,63,0
2023-01-21T16:00,41.1,0.4308,9.41,66.7,0
2023-01-21T17:00,13.4,0.423,8.09,60.8,0
2023-01-21T18:00,0,0.413,7.69,69.8,0
2023-01-21T19:00,0,0.4056,7.39,69,0
2023-01-21T20:00,0,0.4074,6.59,69.3,0
2023-01-21T21:00,0,0.4031,5.26,71.4,0
2023-01-21T22:00,0,0.4018,3.99,73.9,0
2023-01-21T23:00,0,0.4036,3.28,77.4,0
2023-01-22T00:00,0,0.4025,2.22,79.2,0
2023-01-22T01:00,0,0.4063,0.82,96,0.21
2023-01-22T02:00,0,0.4002,1.1,82.9,0
2023-01-22T03:00,0,0.3965,2.34,79.3,0
2023-01-22T04:00,0,0.3996,2.6,79.7,0
2023-01-22T05:00,0,0.4,3.42,75.1,0
2023-01-22T06:00,0,0.4006,4.5,73.1,0
2023-01-22T07:00,0,0.3995,6.14,68.2,0
2023-01-22T08:00,0,0.3998,6.35,64.2,0
2023-01-22T09:00,2.1,0.4002,7.61,66.8,0
2023-01-22T10:00,19.6,0.4014,7.76,68.9,0
2023-01-22T11:00,24.2,0.4167,7.03,80.7,1.15
2023-01-22T12:00,34.1,0.4079,10.42,58.6,0
2023-01-22T13:00,60,0.4179,9.74,79.7,0.84
2023-01-22T14:00,112.7,0.4125,13.31,51.1,0
2023-01-22T15:00,107.1,0.4092,14.53,52.9,0
2023-01-22T16:00,104,0.4082,12.67,70.1,0.34
2023-01-22T17:00,35.8,0.4064,13.94,53.1,0
2023-01-22T18:00,0,0.405,13.15,56.3,0
2023-01-22T19:00,0,0.4025,11.75,61.8,0
2023-01-22T20:00,0,0.4647,9.32,75.8,4.55
2023-01-22T21:00,0,0.4427,10.32,64.1,0
2023-01-22T22:00,0,0.4285,7.88,69.9,0
2023-01-22T23:00,0,0.4159,6.28,66.8,0
2023-01-23T00:00,0,0.4147,2.71,99.4,0.09
2023-01-23T01:00,0,0.4084,4.92,73.8,0
2023-01-23T02:00,0,0.4041,3.89,74,0
2023-01-23T03:00,0,0.4045,1.95,98.8,0.19
2023-01-23T04:00,0,0.4028,4.72,72.5,0
2023-01-23T05:00,0,0.4034,6.11,67.2,0
2023-01-23T06:00,0,0.4,6.2,71.4,0
2023-01-23T07:00,0,0.4021,7.43,63,0
2023-01-23T08:00,0,0.3997,7.67,71.3,0
2023-01-23T09:00,5.7,0.4021,8.79,65.6,0
2023-01-23T10:00,20.8,0.4003,10.1,58.3,0
2023-01-23T11:00,45,0.3968,10.66,62.3,0
2023-01-23T12:00,38.1,0.4004,11.02,62.5,0
2023-01-23T13:00,97.6,0.3994,11.76,55.1,0
2023-01-23T14:00,40.6,0.3992,10.63,61.7,0
2023-01-23T15:00,88.1,0.404,9.6,78.7,0.3
2023-01-23T16:00,43.3,0.3991,10.79,62,0
2023-01-23T17:00,9.1,0.4002,10.74,59.3,0
2023-01-23T18:00,0,0.4004,9.36,62.9,0
2023-01-23T19:00,0,0.4033,7.09,88,0.07
2023-01-23T20:00,0,0.3981,8.25,65.3,0
2023-01-23T21:00,0,0.4268,5.37,90.7,1.77
2023-01-23T22:00,0,0.4158,6.7,70.5,0
2023-01-23T23:00,0,0.4125,5.77,69.6,0
2023-01-24T00:00,0,0.4076,3.31,77.8,0
2023-01-24T01:00,0,0.4022,3.57,79.4,0
2023-01-24T02:00,0,0.4003,2.91,78.7,0
2023-01-24T03:00,0,0.4004,2.05,79.6,0
2023-01-24T04:00,0,0.4019,2.95,75.1,0
2023-01-24T05:00,0,0.4029,3.66,77.3,0
2023-01-24T06:00,0,0.4015,3.84,79.3,0
2023-01-24T07:00,0,0.4006,4.8,70.2,0
2023-01-24T08:00,0,0.3999,6.37,70,0
2023-01-24T09:00,6.1,0.4006,6.58,71.5,0
2023-01-24T10:00,40.9,0.3961,6.95,63.7,0
2023-01-24T11:00,97.3,0.3987,8.34,65.7,0
2023-01-24T12:00,69.5,0.3988,8.51,68.2,0
2023-01-24T13:00,60.5,0.3955,9.88,55.5,0
2023-01-24T14:00,153.4,0.3981,11.63,55.8,0
2023-01-24T15:00,78.7,0.3953,11.22,57.7,0
2023-01-24T16:00,76.2,0.3973,11.6,54.5,0
2023-01-24T17:00,37.8,0.3972,11.25,60,0
2023-01-24T18:00,0,0.3953,10.63,58,0
2023-01-24T19:00,0,0.3946,9.61,57.4,0
2023-01-24T20:00,0,0.396,7.66,64.1,0
2023-01-24T21:00,0,0.3962,6.39,71.3,0
2023-01-24T22:00,0,0.3955,5.69,74.6,0
2023-01-24T23:00,0,0.3973,4.38,70.5,0
2023-01-25T00:00,0,0.3963,3.79,76,0
2023-01-25T01:00,0,0.394,2.2,79.2,0
2023-01-25T02:00,0,0.396,1.73,75.9,0
2023-01-25T03:00,0,0.3948,1.88,78.7,0
2023-01-25T04:00,0,0.392,2.55,75.4,0
2023-01-25T05:00,0,0.3932,3.58,74.3,0
2023-01-25T06:00,0,0.3956,3.69,70.5,0
2023-01-25T07:00,0,0.3926,6.05,71.4,0
2023-01-25T08:00,0,0.397,6.4,69.5,0
2023-01-25T09:00,10.8,0.3931,7.47,64.7,0
2023-01-25T10:00,74.8,0.3919,7.94,59.9,0
2023-01-25T11:00,87.3,0.394,8.9,65.8,0
2023-01-25T12:00,20,0.3939,9.33,63,0
2023-01-25T13:00,71.2,0.3931,10.51,55.5,0
2023-01-25T14:00,29.4,0.389,10.92,60.2,0
2023-01-25T15:00,19.7,0.3898,11.11,57.5,0
2023-01-25T16:00,21.4,0.3913,11.44,66.6,0
2023-01-25T17:00,14.9,0.3927,11.81,60.8,0
2023-01-25T18:00,0,0.3907,10.71,62.1,0
2023-01-25T19:00,0,0.3907,9.18,62.9,0
2023-01-25T20:00,0,0.3915,7.69,66.2,0
2023-01-25T21:00,0,0.3947,5.55,74.9,0
2023-01-25T22:00,0,0.3909,3.92,77,0
2023-01-25T23:00,0,0.3897,1.52,78.7,0
2023-01-26T00:00,0,0.3917,-0.02,87.6,0
2023-01-26T01:00,0,0.3903,-0.82,86.6,0
2023-01-26T02:00,0,0.3913,-0.8,85.4,0
2023-01-26T03:00,0,0.3914,-0.99,92.6,0
2023-01-26T04:00,0,0.3908,-0.5,87.5,0
2023-01-26T05:00,0,0.3878,-0.11,85.9,0
2023-01-26T06:00,0,0.3926,2.61,79.2,0
2023-01-26T07:00,0,0.3909,3.13,75.4,0
2023-01-26T08:00,0,0.3882,5.25,73.3,0
2023-01-26T09:00,9.9,0.3878,6.19,69.7,0
2023-01-26T10:00,58.1,0.3857,7.61,67.6,0
2023-01-26T11:00,98.8,0.3882,8.96,62.1,0
2023-01-26T12:00,138.7,0.3884,9.32,64.2,0
2023-01-26T13:00,207.1,0.3866,11.23,59.9,0
2023-01-26T14:00,143.7,0.3878,11.83,58.1,0
2023-01-26T15:00,175.6,0.3895,14.08,46.1,0
2023-01-26T16:00,55.5,0.3852,12.15,55.6,0
2023-01-26T17:00,14.1,0.3858,11.19,59.3,0
2023-01-26T18:00,0,0.3864,10.71,63,0
2023-01-26T19:00,0,0.3847,10,64.2,0
2023-01-26T20:00,0,0.3858,8.89,66.6,0
2023-01-26T21:00,0,0.3855,7.28,70.1,0
2023-01-26T22:00,0,0.3838,5.1,75.2,0
2023-01-26T23:00,0,0.3844,4.6,72.5,0
2023-01-27T00:00,0,0.3869,3.51,81.9,0
2023-01-27T01:00,0,0.384,2.28,77.4,0
2023-01-27T02:00,0,0.3841,1.38,79.7,0
2023-01-27T03:00,0,0.3827,1.32,78.8,0
2023-01-27T04:00,0,0.3846,1.98,80.3,0
2023-01-27T05:00,0,0.3847,2.51,81.7,0
2023-01-27T06:00,0,0.3847,2.88,76.1,0
2023-01-27T07:00,0,0.3811,4.54,77.6,0
2023-01-27T08:00,0,0.3844,6.19,69,0
2023-01-27T09:00,22.6,0.3826,8.18,66,0
2023-01-27T10:00,53.6,0.3829,8.99,64.6,0
2023-01-27T11:00,112.1,0.3806,10.33,65.3,0
2023-01-27T12:00,135.1,0.3782,11.01,57,0
2023-01-27T13:00,111.2,0.3802,11.96,59.9,0
2023-01-27T14:00,90.8,0.3812,12.68,54.7,0
2023-01-27T15:00,83.1,0.3796,13.41,51,0
2023-01-27T16:00,21.2,0.3798,12.51,58,0
2023-01-27T17:00,13.1,0.3789,11.92,59.1,0
2023-01-27T18:00,0,0.3814,10.08,62.4,0
2023-01-27T19:00,0,0.3798,10.36,61.2,0
2023-01-27T20:00,0,0.3775,7.63,67.1,0
2023-01-27T21:00,0,0.3793,6.48,70.9,0
2023-01-27T22:00,0,0.3759,4.73,71,0
2023-01-27T23:00,0,0.3804,3.43,75,0
2023-01-28T00:00,0,0.3785,0.53,79.3,0
2023-01-28T01:00,0,0.3786,0.11,79.7,0
2023-01-28T02:00,0,0.3777,-1.2,89,0
2023-01-28T03:00,0,0.3794,-1.15,83.2,0
2023-01-28T04:00,0,0.3763,-0.84,86.1,0
2023-01-28T05:00,0,0.3782,-0.37,83.6,0
2023-01-28T06:00,0,0.378,1.4,78.4,0
2023-01-28T07:00,0,0.3771,2.92,81.5,0
2023-01-28T08:00,0,0.3754,4.9,70.1,0
2023-01-28T09:00,54.3,0.3758,6.74,66.4,0
2023-01-28T10:00,205,0.3716,8.69,70,0
2023-01-28T11:00,328.3,0.3742,10.77,56.3,0
2023-01-28T12:00,410.1,0.3748,13.08,50.5,0
2023-01-28T13:00,443.8,0.3727,14.14,58.3,0
2023-01-28T14:00,418.4,0.3708,14.43,48.7,0
2023-01-28T15:00,339.9,0.3718,14.99,52.4,0
2023-01-28T16:00,250.6,0.3718,15.68,44.8,0
2023-01-28T17:00,106.2,0.3699,14.95,48.9,0
2023-01-28T18:00,0,0.3689,13.22,55.3,0
2023-01-28T19:00,0,0.3692,11.47,53.7,0
2023-01-28T20:00,0,0.3696,10.29,57.4,0
2023-01-28T21:00,0,0.3698,8.32,57.7,0
2023-01-28T22:00,0,0.3713,6.05,67.5,0
2023-01-28T23:00,0,0.3676,4,72.3,0
2023-01-29T00:00,0,0.3687,2.97,79.5,0
2023-01-29T01:00,0,0.3713,1.72,74.8,0
2023-01-29T02:00,0,0.3686,0.41,86,0
2023-01-29T03:00,0,0.3688,0.39,79.4,0
2023-01-29T04:00,0,0.3695,0.15,80.2,0
2023-01-29T05:00,0,0.3683,1.36,88.7,0
2023-01-29T06:00,0,0.3689,1.01,80.7,0
2023-01-29T07:00,0,0.3682,2.44,79,0
2023-01-29T08:00,0,0.3677,4.6,71.5,0
2023-01-29T09:00,45.2,0.3658,7.22,63,0
2023-01-29T10:00,172.7,0.3634,8.28,66.8,0
2023-01-29T11:00,224.7,0.3657,9.55,65.3,0
2023-01-29T12:00,255.7,0.3646,10.85,61.1,0
2023-01-29T13:00,228.6,0.3659,11.96,58.9,0
2023-01-29T14:00,359.6,0.3656,13.1,52.7,0
2023-01-29T15:00,267,0.363,13.05,53,0
2023-01-29T16:00,186.2,0.364,13.28,56.6,0
2023-01-29T17:00,65.1,0.3628,12.91,54.8,0
2023-01-29T18:00,0,0.3603,11.41,61.8,0
2023-01-29T19:00,0,0.364,10.97,59.8,0
2023-01-29T20:00,0,0.3616,8.99,60.4,0
2023-01-29T21:00,0,0.3669,7.15,71.8,0
2023-01-29T22:00,0,0.3626,5.14,74.2,0
2023-01-29T23:00,0,0.3618,2.97,79,0
2023-01-30T00:00,0,0.36,1.46,81.5,0
2023-01-30T01:00,0,0.3615,0.8,85,0
2023-01-30T02:00,0,0.3603,0.1,83.8,0
2023-01-30T03:00,0,0.3604,-0.69,90,0
2023-01-30T04:00,0,0.3604,-0.58,86,0
2023-01-30T05:00,0,0.3607,-0.01,85.7,0
2023-01-30T06:00,0,0.3603,1.23,80.6,0
2023-01-30T07:00,0,0.3601,3.83,77.4,0
2023-01-30T08:00,0,0.3583,5.61,71.1,0
2023-01-30T09:00,41.7,0.3593,7.72,64.5,0
2023-01-30T10:00,121.2,0.3596,9.26,60.6,0
2023-01-30T11:00,174.3,0.3601,9.93,56.7,0
2023-01-30T12:00,263.1,0.3547,11.67,61.4,0
2023-01-30T13:00,278,0.3592,12.8,58.2,0
2023-01-30T14:00,221.2,0.3547,13.64,56.2,0
2023-01-30T15:00,247.3,0.3546,14.31,52.6,0
2023-01-30T16:00,172.9,0.3539,13.76,54.2,0
2023-01-30T17:00,53.6,0.354,12.32,53.9,0
2023-01-30T18:00,0,0.3536,10.98,60.1,0
2023-01-30T19:00,0,0.3561,10.02,63.9,0
2023-01-30T20:00,0,0.3548,7.9,70.4,0
2023-01-30T21:00,0,0.3528,6.22,72.5,0
2023-01-30T22:00,0,0.3533,4.97,73.5,0
2023-01-30T23:00,0,0.3539,4.36,68.7,0
2023-01-31T00:00,0,0.3556,3.88,74.4,0
2023-01-31T01:00,0,0.3535,2.65,80.4,0
2023-01-31T02:00,0,0.3563,2.13,85.4,0
2023-01-31T03:00,0,0.3536,2.22,80.8,0
2023-01-31T04:00,0,0.3512,2.57,78.3,0
2023-01-31T05:00,0,0.3535,2.53,80.9,0
2023-01-31T06:00,0,0.3535,3.29,78.4,0
2023-01-31T07:00,0,0.3562,3.91,74.2,0
2023-01-31T08:00,0,0.3522,5.56,71,0
2023-01-31T09:00,34,0.3542,7.84,69.4,0
2023-01-31T10:00,90,0.351,9.36,60.6,0
2023-01-31T11:00,138.6,0.353,9.86,56.1,0
2023-01-31T12:00,186,0.3493,11.94,51,0
2023-01-31T13:00,324.6,0.351,13.34,57,0
2023-01-31T14:00,236.8,0.3497,14.13,55.3,0
2023-01-31T15:00,156.3,0.3494,13.54,47.5,0
2023-01-31T16:00,111,0.3508,13.7,58.2,0
2023-01-31T17:00,63.5,0.3477,14.13,52.9,0
2023-01-31T18:00,0,0.3533,14.16,56.4,0
2023-01-31T19:00,0,0.3497,12.67,54.1,0
2023-01-31T20:00,0,0.3494,11.48,56.2,0
2023-01-31T21:00,0,0.3476,9.01,68,0
2023-01-31T22:00,0,0.3475,7.61,62.6,0
2023-01-31T23:00,0,0.3472,5.29,72.5,0
2023-02-01T00:00,0,0.3487,3.57,79.5,0
2023-02-01T01:00,0,0.409,0.64,99.5,4.18
2023-02-01T02:00,0,0.4064,2.07,83.7,0
2023-02-01T03:00,0,0.4028,3.25,78.7,0
2023-02-01T04:00,0,0.4032,2.93,78.9,0
2023-02-01T05:00,0,0.401,2.54,78.7,0
2023-02-01T06:00,0,0.3992,4.52,73.3,0
2023-02-01T07:00,0,0.4027,6.25,69.8,0
2023-02-01T08:00,0,0.4004,7.2,69.5,0
2023-02-01T09:00,38.2,0.402,7.54,66.6,0
2023-02-01T10:00,115.3,0.3989,9.44,63.8,0
2023-02-01T11:00,190.3,0.3971,11.43,55.1,0
2023-02-01T12:00,256,0.3954,12.57,61.8,0
2023-02-01T13:00,212.4,0.3965,12.7,57.3,0
2023-02-01T14:00,176.9,0.3949,12.7,57.1,0
2023-02-01T15:00,203.2,0.393,12.86,56.9,0
2023-02-01T16:00,110.1,0.48,10.23,80.6,7.31
2023-02-01T17:00,34.2,0.4519,11.37,58.3,0
2023-02-01T18:00,0,0.4321,11.02,64.8,0
2023-02-01T19:00,0,0.4811,9.42,74.7,7.86
2023-02-01T20:00,0,0.456,10.15,64.9,0
2023-02-01T21:00,0,0.4336,9.19,65.4,0
2023-02-01T22:00,0,0.4184,6.48,67.8,0
2023-02-01T23:00,0,0.4114,5.12,72.2,0
2023-02-02T00:00,0,0.4104,3.74,74.2,0
2023-02-02T01:00,0,0.4072,2.96,83.7,0
2023-02-02T02:00,0,0.4046,1.68,80,0
2023-02-02T03:00,0,0.4028,2.19,78.3,0
2023-02-02T04:00,0,0.4004,1.7,73.6,0
2023-02-02T05:00,0,0.4,2.24,81.1,0
2023-02-02T06:00,0,0.4021,3.58,77.8,0
2023-02-02T07:00,0,0.4018,4.73,69.6,0
2023-02-02T08:00,0,0.3997,5.39,76.8,0
2023-02-02T09:00,42.9,0.3982,7.39,68.5,0
2023-02-02T10:00,134.9,0.4004,9.22,61.9,0
2023-02-02T11:00,191.9,0.4002,10.73,62.7,0
2023-02-02T12:00,291.8,0.3974,12.15,61.1,0
2023-02-02T13:00,223.5,0.3959,12.66,57.1,0
2023-02-02T14:00,232.9,0.3954,13.44,57.6,0
2023-02-02T15:00,229.1,0.3952,14.29,60.8,0
2023-02-02T16:00,204.1,0.3946,14.03,53.5,0
2023-02-02T17:00,109.4,0.3948,13.75,56.7,0
2023-02-02T18:00,0,0.3914,12.27,59.2,0
2023-02-02T19:00,0,0.3931,10.62,58.5,0
2023-02-02T20:00,0,0.392,9,68.2,0
2023-02-02T21:00,0,0.3945,6.83,67.7,0
2023-02-02T22:00,0,0.3918,5.11,70.6,0
2023-02-02T23:00,0,0.391,3.69,79.3,0
2023-02-03T00:00,0,0.3919,1.66,84.4,0
2023-02-03T01:00,0,0.3906,-0.27,84.2,0
2023-02-03T02:00,0,0.393,-1.86,89.4,0
2023-02-03T03:00,0,0.3919,-0.55,85.3,0
2023-02-03T04:00,0,0.3911,1.4,80.5,0
2023-02-03T05:00,0,0.3924,2.03,74.7,0
2023-02-03T06:00,0,0.3901,3.03,76.5,0
2023-02-03T07:00,0,0.3929,3.52,77.1,0
2023-02-03T08:00,0,0.3922,4.79,71.5,0
2023-02-03T09:00,54,0.391,5.84,72.6,0
2023-02-03T10:00,181.6,0.3894,8.53,62.3,0
2023-02-03T11:00,287.7,0.39,10.73,59.3,0
2023-02-03T12:00,404.4,0.3889,12.63,59.8,0
2023-02-03T13:00,372.5,0.3873,14.43,55.7,0
2023-02-03T14:00,318.4,0.3879,14.75,50.3,0
2023-02-03T15:00,228.1,0.385,15.04,55.4,0
2023-02-03T16:00,169.8,0.3855,14.88,52.2,0
2023-02-03T17:00,89.6,0.3862,15.01,52.3,0
2023-02-03T18:00,0,0.3854,12.99,54.3,0
2023-02-03T19:00,0,0.3825,12.16,58.3,0
2023-02-03T20:00,0,0.3846,11.45,56.1,0
2023-02-03T21:00,0,0.3882,9.47,65.1,0
2023-02-03T22:00,0,0.3843,8.02,63.6,0
2023-02-03T23:00,0,0.3844,6.98,68.7,0
2023-02-04T00:00,0,0.3819,5.93,75.4,0
2023-02-04T01:00,0,0.3838,5.83,74.1,0
2023-02-04T02:00,0,0.3819,4.95,75.7,0
2023-02-04T03:00,0,0.3825,5.31,78.1,0
2023-02-04T04:00,0,0.3842,4.57,70.4,0
2023-02-04T05:00,0,0.3811,4.91,74.7,0
2023-02-04T06:00,0,0.3816,6.97,72.4,0
2023-02-04T07:00,0,0.3828,7.57,62.5,0
2023-02-04T08:00,0,0.3827,9.42,65,0
2023-02-04T09:00,57.9,0.3788,10.17,59.3,0
2023-02-04T10:00,192.1,0.3813,11.22,63.3,0
2023-02-04T11:00,327.7,0.3781,13.14,56.8,0
2023-02-04T12:00,360.1,0.3808,14.87,53.3,0
2023-02-04T13:00,365.8,0.3789,15.39,52.3,0
2023-02-04T14:00,310.4,0.3758,15.2,47.3,0
2023-02-04T15:00,292.1,0.3719,16.19,48,0
2023-02-04T16:00,200.1,0.3783,15.92,55.4,0
2023-02-04T17:00,116.3,0.3782,15.15,51.5,0
2023-02-04T18:00,0.1,0.3737,14.97,56.6,0
2023-02-04T19:00,0,0.3778,11.61,51,0
2023-02-04T20:00,0,0.3741,9.95,66.8,0
2023-02-04T21:00,0,0.3754,7.48,68.1,0
2023-02-04T22:00,0,0.3739,5.5,70.1,0
2023-02-04T23:00,0,0.3728,3.96,77,0
2023-02-05T00:00,0,0.3757,2.8,78.7,0
2023-02-05T01:00,0,0.3758,1.51,80.4,0
2023-02-05T02:00,0,0.372,1.05,86.2,0
2023-02-05T03:00,0,0.3743,0.84,83.5,0
2023-02-05T04:00,0,0.3725,1.95,81.9,0
2023-02-05T05:00,0,0.3727,2.22,84.3,0
2023-02-05T06:00,0,0.3715,2.67,79.2,0
2023-02-05T07:00,0,0.3703,4.76,72.2,0
2023-02-05T08:00,0,0.3726,6.82,70.6,0
2023-02-05T09:00,5.9,0.3715,7.92,72.7,0
2023-02-05T10:00,37.1,0.3728,9.6,70.3,0
2023-02-05T11:00,87.6,0.3738,10.7,62.4,0
2023-02-05T12:00,136.6,0.3714,11.61,55.6,0
2023-02-05T13:00,286.9,0.3714,12.7,51.5,0
2023-02-05T14:00,289.4,0.3696,13.87,56.2,0
2023-02-05T15:00,221.4,0.3678,12.68,54.9,0
2023-02-05T16:00,97.6,0.3694,10.63,59.2,0
2023-02-05T17:00,73.1,0.3691,10.84,62.6,0
2023-02-05T18:00,0.1,0.3703,10.04,60.1,0
2023-02-05T19:00,0,0.3693,9.02,61.4,0
2023-02-05T20:00,0,0.3662,9.37,61.3,0
2023-02-05T21:00,0,0.3684,7.15,71.5,0
2023-02-05T22:00,0,0.3678,4.87,67.5,0
2023-02-05T23:00,0,0.3665,3.29,79.4,0
2023-02-06T00:00,0,0.3665,4.43,77.5,0
2023-02-06T01:00,0,0.368,3.46,72.9,0
2023-02-06T02:00,0,0.3676,3.16,78.2,0
2023-02-06T03:00,0,0.3662,3.32,73.2,0
2023-02-06T04:00,0,0.3653,1.8,85.3,0
2023-02-06T05:00,0,0.3639,2.82,81.3,0
2023-02-06T06:00,0,0.3678,4.31,80.4,0
2023-02-06T07:00,0,0.3684,5.22,73.4,0
2023-02-06T08:00,0,0.3624,7.4,68.6,0
2023-02-06T09:00,52.1,0.3658,9.04,62.4,0
2023-02-06T10:00,118.9,0.3664,10.16,61.6,0
2023-02-06T11:00,180.3,0.3648,11.16,56,0
2023-02-06T12:00,264.8,0.3642,13.37,56.1,0
2023-02-06T13:00,214.9,0.3646,13.68,54.5,0
2023-02-06T14:00,228.7,0.3608,14.1,54,0
2023-02-06T15:00,170.2,0.361,14.31,55.8,0
2023-02-06T16:00,111.2,0.3614,13.3,54.9,0
2023-02-06T17:00,73.9,0.359,13.41,55.9,0
2023-02-06T18:00,0.4,0.3606,10.86,64.5,0
2023-02-06T19:00,0,0.3616,10.17,62.9,0
2023-02-06T20:00,0,0.362,8.26,63.4,0
2023-02-06T21:00,0,0.3617,6.55,70.8,0
2023-02-06T22:00,0,0.3615,5.89,77.7,0
2023-02-06T23:00,0,0.3561,4.29,76.8,0
2023-02-07T00:00,0,0.3599,4.72,69.3,0
2023-02-07T01:00,0,0.3605,4.05,72.9,0
2023-02-07T02:00,0,0.3606,3.11,80.3,0
2023-02-07T03:00,0,0.3613,2.33,82.4,0
2023-02-07T04:00,0,0.3606,2.32,82.3,0
2023-02-07T05:00,0,0.3598,3.12,79,0
2023-02-07T06:00,0,0.3591,4.28,74,0
2023-02-07T07:00,0,0.3567,4.97,73.5,0
2023-02-07T08:00,0,0.3594,7.01,67.2,0
2023-02-07T09:00,4.3,0.3574,7.79,65.1,0
2023-02-07T10:00,12.1,0.3625,8.61,72.3,0
2023-02-07T11:00,56.8,0.3603,9.92,59.2,0
2023-02-07T12:00,63.6,0.3585,11.98,62,0
2023-02-07T13:00,24.5,0.356,11.24,60.6,0
2023-02-07T14:00,31.1,0.3568,11.39,61.2,0
2023-02-07T15:00,47.1,0.3561,11.98,59.7,0
2023-02-07T16:00,65.1,0.3545,12.36,55,0
2023-02-07T17:00,34.1,0.3555,11.04,62.5,0
2023-02-07T18:00,0.2,0.3559,10.41,64.4,0
2023-02-07T19:00,0,0.3556,8.47,63.5,0
2023-02-07T20:00,0,0.3552,8.13,65.9,0
2023-02-07T21:00,0,0.3543,7.44,70,0
2023-02-07T22:00,0,0.3569,6.24,67.6,0
2023-02-07T23:00,0,0.3574,5.09,76.5,0
2023-02-08T00:00,0,0.3562,3.2,76,0
2023-02-08T01:00,0,0.3547,2.73,78,0
2023-02-08T02:00,0,0.3545,1.6,83.3,0
2023-02-08T03:00,0,0.3586,0.84,80.4,0
2023-02-08T04:00,0,0.3508,0.54,83.8,0
2023-02-08T05:00,0,0.3519,1.26,85.2,0
2023-02-08T06:00,0,0.3514,2.22,79.8,0
2023-02-08T07:00,0,0.3546,4.52,76,0
2023-02-08T08:00,0,0.3569,6.83,75.3,0
2023-02-08T09:00,30.8,0.3521,7.22,65.2,0
2023-02-08T10:00,119.1,0.3512,8,69.4,0
2023-02-08T11:00,198.4,0.3532,10.11,59.1,0
2023-02-08T12:00,154.8,0.3525,10.52,61.4,0
2023-02-08T13:00,100.9,0.349,11.67,59.5,0
2023-02-08T14:00,157.2,0.3536,12.61,57.6,0
2023-02-08T15:00,114.9,0.3497,13.21,58.3,0
2023-02-08T16:00,98.5,0.3491,13.26,52.5,0
2023-02-08T17:00,41.5,0.3471,12.77,55.5,0
2023-02-08T18:00,0.4,0.3506,11.47,62.3,0
2023-02-08T19:00,0,0.3504,11.3,59.8,0
2023-02-08T20:00,0,0.3486,9.28,66.2,0
2023-02-08T21:00,0,0.349,8.36,67.5,0
2023-02-08T22:00,0,0.3483,6.74,67.5,0
2023-02-08T23:00,0,0.3462,5.4,72.5,0
2023-02-09T00:00,0,0.3493,4.22,76.3,0
2023-02-09T01:00,0,0.3477,2.84,78.4,0
2023-02-09T02:00,0,0.349,2.63,79.1,0
2023-02-09T03:00,0,0.3468,1.99,77.2,0
2023-02-09T04:00,0,0.3472,2.56,77.9,0
2023-02-09T05:00,0,0.345,3.94,71.8,0
2023-02-09T06:00,0,0.347,5.12,73,0
2023-02-09T07:00,0,0.3472,5.45,76.1,0
2023-02-09T08:00,0,0.3484,7.13,69.1,0
2023-02-09T09:00,27.9,0.3457,7.79,66.6,0
2023-02-09T10:00,58.6,0.3486,9,63.4,0
2023-02-09T11:00,128.1,0.3448,10.53,64.3,0
2023-02-09T12:00,147.2,0.3444,11.72,67.4,0
2023-02-09T13:00,163.3,0.3444,12.24,59.3,0
2023-02-09T14:00,180.1,0.3457,12.85,57.8,0
2023-02-09T15:00,139.8,0.346,12.23,63.2,0
2023-02-09T16:00,94.3,0.3442,11.93,60,0
2023-02-09T17:00,59.2,0.3411,11.71,56.3,0
2023-02-09T18:00,2.1,0.3426,11.29,60.3,0
2023-02-09T19:00,0,0.3384,10.63,63.3,0
2023-02-09T20:00,0,0.3409,9.79,63.2,0
2023-02-09T21:00,0,0.3415,7.17,66.4,0
2023-02-09T22:00,0,0.3416,5.45,74.2,0
2023-02-09T23:00,0,0.3446,3.89,78.9,0
2023-02-10T00:00,0,0.3435,3.87,76.5,0
2023-02-10T01:00,0,0.4815,2.09,97.2,17.88
2023-02-10T02:00,0,0.4511,2.9,81.7,0
2023-02-10T03:00,0,0.4369,2.83,84.4,0
2023-02-10T04:00,0,0.4236,3.14,78,0
2023-02-10T05:00,0,0.4162,4.1,75.4,0
2023-02-10T06:00,0,0.4083,4.79,74,0
2023-02-10T07:00,0,0.4076,5.86,75.9,0
2023-02-10T08:00,0,0.4022,6.81,70.9,0
2023-02-10T09:00,30.6,0.3998,8.73,68.6,0
2023-02-10T10:00,54.1,0.4022,10.76,62,0
2023-02-10T11:00,29.1,0.3995,12.52,54,0
2023-02-10T12:00,50.7,0.4013,13.41,55.2,0
2023-02-10T13:00,104.9,0.4013,13.69,55.2,0
2023-02-10T14:00,132.6,0.3991,14.44,54.9,0
2023-02-10T15:00,120.9,0.4774,11.85,75.6,6.09
2023-02-10T16:00,58.7,0.4521,13.07,54,0
2023-02-10T17:00,8.1,0.4794,9.59,78.5,10.23
2023-02-10T18:00,1,0.4519,11.33,61.2,0
2023-02-10T19:00,0,0.4342,9.95,62.1,0
2023-02-10T20:00,0,0.4209,8.98,65.1,0
2023-02-10T21:00,0,0.4126,8.25,64.4,0
2023-02-10T22:00,0,0.4053,7.44,68.2,0
2023-02-10T23:00,0,0.4049,5.63,73.2,0
2023-02-11T00:00,0,0.4048,1.91,80.2,0
2023-02-11T01:00,0,0.4024,0.79,83.1,0
2023-02-11T02:00,0,0.4015,0.47,86.9,0
2023-02-11T03:00,0,0.4007,0.92,87.6,0
2023-02-11T04:00,0,0.4033,0.67,85.2,0
2023-02-11T05:00,0,0.4001,1.21,85.3,0
2023-02-11T06:00,0,0.397,2.84,81.6,0
2023-02-11T07:00,0,0.401,4.35,73.9,0
2023-02-11T08:00,0,0.3976,7.16,70.7,0
2023-02-11T09:00,49.4,0.3985,8.69,69.1,0
2023-02-11T10:00,124.4,0.3964,9.03,66.5,0
2023-02-11T11:00,142.8,0.3964,10.05,61.1,0
2023-02-11T12:00,172.3,0.3968,10.91,63.5,0
2023-02-11T13:00,208.6,0.3955,13.53,57.7,0
2023-02-11T14:00,259,0.3933,14.62,53.3,0
2023-02-11T15:00,243.4,0.3935,14.74,52.2,0
2023-02-11T16:00,192.5,0.3937,14.43,57.9,0
2023-02-11T17:00,90.6,0.3947,13.95,57.3,0
2023-02-11T18:00,6.8,0.3937,14.02,55.4,0
2023-02-11T19:00,0,0.3968,12.26,55.6,0
2023-02-11T20:00,0,0.3939,10.36,64.5,0
2023-02-11T21:00,0,0.394,8.29,66,0
2023-02-11T22:00,0,0.3936,6.83,67.6,0
2023-02-11T23:00,0,0.3951,4.52,79.6,0
2023-02-12T00:00,0,0.393,3.4,79.2,0
2023-02-12T01:00,0,0.3937,1.87,84.9,0
2023-02-12T02:00,0,0.3955,0.54,85.8,0
2023-02-12T03:00,0,0.3907,0.59,82.4,0
2023-02-12T04:00,0,0.3916,2.46,81.7,0
2023-02-12T05:00,0,0.3915,3.74,74.3,0
2023-02-12T06:00,0,0.3901,6.09,66.7,0
2023-02-12T07:00,0,0.3908,7.01,70.2,0
2023-02-12T08:00,0,0.3886,8.38,69,0
2023-02-12T09:00,64.2,0.3898,10.3,59.3,0
2023-02-12T10:00,139.3,0.3897,12.62,62.7,0
2023-02-12T11:00,217.4,0.3855,13.84,59,0
2023-02-12T12:00,239.1,0.3888,14.67,54.4,0
2023-02-12T13:00,165,0.3864,14.62,56.6,0
2023-02-12T14:00,299.3,0.3889,15.96,50.5,0
2023-02-12T15:00,255.1,0.3858,16.21,49.8,0
2023-02-12T16:00,187.3,0.3835,16.55,48,0
2023-02-12T17:00,96.8,0.3864,15.74,47.6,0
2023-02-12T18:00,7.4,0.3839,15.13,53.5,0
2023-02-12T19:00,0,0.3857,14.17,52.7,0
2023-02-12T20:00,0,0.3832,12.79,56.6,0
2023-02-12T21:00,0,0.3821,10.35,58.5,0
2023-02-12T22:00,0,0.383,9.3,59.4,0
2023-02-12T23:00,0,0.3808,7.35,75,0
2023-02-13T00:00,0,0.3812,5.92,69.9,0
2023-02-13T01:00,0,0.3823,5.53,74.7,0
2023-02-13T02:00,0,0.3827,5.55,78.8,0
2023-02-13T03:00,0,0.3805,4.95,75.6,0
2023-02-13T04:00,0,0.3836,5.17,74.3,0
2023-02-13T05:00,0,0.3817,6.04,70.5,0
2023-02-13T06:00,0,0.3847,6.74,72.5,0
2023-02-13T07:00,0,0.3823,7.84,72.6,0
2023-02-13T08:00,0,0.3818,8.8,69.8,0
2023-02-13T09:00,69.5,0.3825,9.76,62.6,0
2023-02-13T10:00,192.6,0.3813,11.84,60.2,0
2023-02-13T11:00,281.2,0.3809,13.24,58.1,0
2023-02-13T12:00,407.8,0.3787,15.55,54.5,0
2023-02-13T13:00,386.4,0.3771,16.49,47.6,0
2023-02-13T14:00,356,0.3783,17.58,49.6,0
2023-02-13T15:00,234.6,0.3757,16.88,45.9,0
2023-02-13T16:00,165,0.3767,17.5,49.6,0
2023-02-13T17:00,78.9,0.3746,16.07,51.4,0
2023-02-13T18:00,3.7,0.3753,14.44,57.1,0
2023-02-13T19:00,0,0.3729,13.31,57.5,0
2023-02-13T20:00,0,0.3744,11.1,64.4,0
2023-02-13T21:00,0,0.3747,9.25,68.9,0
2023-02-13T22:00,0,0.3748,7.33,66.5,0
2023-02-13T23:00,0,0.3748,6.07,72.9,0
2023-02-14T00:00,0,0.3737,7.86,69.7,0
2023-02-14T01:00,0,0.3755,6.86,65.6,0
2023-02-14T02:00,0,0.428,4.2,94,3.81
2023-02-14T03:00,0,0.4173,5.67,71.2,0
2023-02-14T04:00,0,0.412,6.12,73.1,0
2023-02-14T05:00,0,0.4074,6.15,75.8,0
2023-02-14T06:00,0,0.4052,6.55,75.6,0
2023-02-14T07:00,0,0.4023,7.13,69.7,0
2023-02-14T08:00,0,0.4225,6.41,87.4,1.49
2023-02-14T09:00,7.2,0.4133,9.83,64.1,0
2023-02-14T10:00,22.9,0.407,10.56,59.4,0
2023-02-14T11:00,29.1,0.4058,12.23,58.8,0
2023-02-14T12:00,68.7,0.4045,13.13,58.3,0
2023-02-14T13:00,35.4,0.4019,13.21,60.7,0
2023-02-14T14:00,25.5,0.4626,10.79,77.7,4.24
2023-02-14T15:00,63.1,0.4404,12.88,55.8,0
2023-02-14T16:00,42.1,0.4791,10.78,81.1,4.45
2023-02-14T17:00,28.1,0.4537,13.31,53.9,0
2023-02-14T18:00,1.8,0.4304,12.02,65.6,0
2023-02-14T19:00,0,0.4231,12.3,51.7,0
2023-02-14T20:00,0,0.4148,10.37,64.3,0
2023-02-14T21:00,0,0.4098,5.74,90.5,0.07
2023-02-14T22:00,0,0.4515,3.67,92.8,3.22
2023-02-14T23:00,0,0.4322,5.28,73.8,0
2023-02-15T00:00,0,0.4197,3.18,75,0
2023-02-15T01:00,0,0.4133,2.44,81.9,0
2023-02-15T02:00,0,0.4084,1.76,82.8,0
2023-02-15T03:00,0,0.4082,2.37,84.3,0
2023-02-15T04:00,0,0.4017,2.5,81.1,0
2023-02-15T05:00,0,0.47,0.74,100,4.88
2023-02-15T06:00,0,0.4472,4.44,75.7,0
2023-02-15T07:00,0,0.4312,4.96,71.4,0
2023-02-15T08:00,0,0.4199,4.6,92.8,0.05
2023-02-15T09:00,41.9,0.4136,7.78,69.7,0
2023-02-15T10:00,88.5,0.4091,9.49,63,0
2023-02-15T11:00,167.7,0.4032,10.33,66.4,0
2023-02-15T12:00,159.9,0.4014,10.57,62.6,0
2023-02-15T13:00,85,0.4035,10.57,62.6,0
2023-02-15T14:00,128.3,0.3994,11.6,62.1,0
2023-02-15T15:00,98.5,0.3985,11.8,60.6,0
2023-02-15T16:00,93.5,0.3986,12.67,57.5,0
2023-02-15T17:00,46.7,0.3973,11.85,59.1,0
2023-02-15T18:00,8.7,0.4065,9.68,84.3,0.63
2023-02-15T19:00,0,0.4023,10.35,58.8,0
2023-02-15T20:00,0,0.4028,7.58,70.1,0
2023-02-15T21:00,0,0.4,7.35,65.7,0
2023-02-15T22:00,0,0.4798,4.04,94.3,11.37
2023-02-15T23:00,0,0.4526,5.51,73.4,0
2023-02-16T00:00,0,0.4342,5.24,69.6,0
2023-02-16T01:00,0,0.4204,4.58,81.9,0
2023-02-16T02:00,0,0.4129,4.16,84.5,0
2023-02-16T03:00,0,0.4788,1.31,100,6.98
2023-02-16T04:00,0,0.4521,3.21,83.9,0
2023-02-16T05:00,0,0.4359,3.71,78.4,0
2023-02-16T06:00,0,0.421,5.44,70.9,0
2023-02-16T07:00,0,0.4167,5.72,69.7,0
2023-02-16T08:00,0,0.4094,7.39,71.9,0
2023-02-16T09:00,26.3,0.4065,8.3,60.5,0
2023-02-16T10:00,14.3,0.4016,9.93,65,0
2023-02-16T11:00,20.7,0.4022,11.41,59.1,0
2023-02-16T12:00,95.3,0.4004,12.42,62.5,0
2023-02-16T13:00,126.6,0.4022,13.51,61.5,0
2023-02-16T14:00,169.3,0.3976,13.3,55.6,0
2023-02-16T15:00,150.4,0.399,12.73,53.7,0
2023-02-16T16:00,57.2,0.4,12.59,62.6,0
2023-02-16T17:00,46.6,0.397,12.23,57.3,0
2023-02-16T18:00,7.7,0.3973,11.86,61,0
2023-02-16T19:00,0,0.3973,10.72,69.5,0
2023-02-16T20:00,0,0.3991,10.02,67.5,0
2023-02-16T21:00,0,0.4801,7.02,86.4,5.83
2023-02-16T22:00,0,0.4523,7.39,70.7,0
2023-02-16T23:00,0,0.4313,6.38,69,0
2023-02-17T00:00,0,0.4202,5.59,78.4,0
2023-02-17T01:00,0,0.4422,2.62,100,2.1
2023-02-17T02:00,0,0.4297,4.07,80.8,0
2023-02-17T03:00,0,0.4599,2.59,100,2.77
2023-02-17T04:00,0,0.4346,5.19,72.3,0
2023-02-17T05:00,0,0.4232,5.72,70.7,0
2023-02-17T06:00,0,0.4161,5.44,70.9,0
2023-02-17T07:00,0,0.411,5.2,77.4,0
2023-02-17T08:00,0,0.4076,6.54,70.1,0
2023-02-17T09:00,42,0.4256,6.31,86.6,1.46
2023-02-17T10:00,130.7,0.4184,9.88,68.3,0
2023-02-17T11:00,190.9,0.4078,11.01,55.8,0
2023-02-17T12:00,157.9,0.4063,12.08,57.9,0
2023-02-17T13:00,115.3,0.4023,12.08,59.6,0
2023-02-17T14:00,93.7,0.4042,12.85,53.9,0
2023-02-17T15:00,149.4,0.404,14.44,56.6,0
2023-02-17T16:00,52.8,0.4009,13.34,57.1,0
2023-02-17T17:00,19.6,0.4016,12.99,57.2,0
2023-02-17T18:00,1.4,0.3997,13.19,62.5,0
2023-02-17T19:00,0,0.422,9.94,82.9,1.43
2023-02-17T20:00,0,0.4141,10.63,60.1,0
2023-02-17T21:00,0,0.442,7.31,77.6,2.39
2023-02-17T22:00,0,0.4262,7.4,70.3,0
2023-02-17T23:00,0,0.4159,6.78,70.2,0
2023-02-18T00:00,0,0.4109,4.56,78.8,0
2023-02-18T01:00,0,0.4053,3.05,77.8,0
2023-02-18T02:00,0,0.4021,3.87,78.2,0
2023-02-18T03:00,0,0.4036,3.33,77.2,0
2023-02-18T04:00,0,0.4048,3.01,81.4,0
2023-02-18T05:00,0,0.4021,3.3,74.8,0
2023-02-18T06:00,0,0.4005,5.08,72.4,0
2023-02-18T07:00,0,0.3979,5.74,73,0
2023-02-18T08:00,0,0.3977,7.24,68.8,0
2023-02-18T09:00,6.7,0.4003,8.28,69.1,0
2023-02-18T10:00,61.9,0.3992,9.16,69.6,0
2023-02-18T11:00,31.6,0.3989,10.53,66.5,0
2023-02-18T12:00,25.5,0.3956,11.75,62.4,0
2023-02-18T13:00,66.6,0.3981,13.14,58.5,0
2023-02-18T14:00,74.5,0.3977,14.09,53,0
2023-02-18T15:00,102.9,0.3984,14.01,53.4,0
2023-02-18T16:00,133.6,0.3979,13.79,51.6,0
2023-02-18T17:00,57.3,0.3953,12.62,62.2,0
2023-02-18T18:00,10.1,0.396,11.93,63.4,0
2023-02-18T19:00,0,0.3946,11.51,62.8,0
2023-02-18T20:00,0,0.3911,10.55,63.5,0
2023-02-18T21:00,0,0.3935,8.87,68.7,0
2023-02-18T22:00,0,0.3931,8.29,65.7,0
2023-02-18T23:00,0,0.3955,6.08,70.5,0
2023-02-19T00:00,0,0.3939,3.84,77.4,0
2023-02-19T01:00,0,0.3946,3.79,78.8,0
2023-02-19T02:00,0,0.3941,3.7,78.5,0
2023-02-19T03:00,0,0.3908,2.96,81.6,0
2023-02-19T04:00,0,0.3947,3.83,82.1,0
2023-02-19T05:00,0,0.3935,5.44,75.6,0
2023-02-19T06:00,0,0.3938,5.47,77,0
2023-02-19T07:00,0,0.3897,5.98,67.8,0
2023-02-19T08:00,0,0.3944,6.96,71.9,0
2023-02-19T09:00,44.5,0.3938,8.49,69.3,0
2023-02-19T10:00,116.3,0.3925,10.63,61,0
2023-02-19T11:00,112.4,0.392,11.89,63.3,0
2023-02-19T12:00,69,0.3889,12.36,55.5,0
2023-02-19T13:00,113.9,0.3917,12.44,60.2,0
2023-02-19T14:00,171.4,0.3886,13.15,61.6,0
2023-02-19T15:00,122.2,0.3906,12.68,60.7,0
2023-02-19T16:00,126.2,0.3902,12.19,62.6,0
2023-02-19T17:00,94.7,0.3899,12.15,64,0
2023-02-19T18:00,14.1,0.3903,10,65.3,0
2023-02-19T19:00,0,0.3854,8.11,70.1,0
2023-02-19T20:00,0,0.3905,7.36,68.6,0
2023-02-19T21:00,0,0.3873,6.33,72.6,0
2023-02-19T22:00,0,0.3864,5.1,83.1,0
2023-02-19T23:00,0,0.3861,4.53,79.4,0
2023-02-20T00:00,0,0.3855,2.97,82,0
2023-02-20T01:00,0,0.3845,2.38,82.6,0
2023-02-20T02:00,0,0.3878,1.99,80.1,0
2023-02-20T03:00,0,0.3878,1.91,82.8,0
2023-02-20T04:00,0,0.384,1.56,82.9,0
2023-02-20T05:00,0,0.3861,2.99,84.2,0
2023-02-20T06:00,0,0.3855,4.5,84.5,0
2023-02-20T07:00,0,0.384,6.02,74.1,0
2023-02-20T08:00,0,0.3836,7.7,69.8,0
2023-02-20T09:00,34,0.3832,8.43,70.5,0
2023-02-20T10:00,53.7,0.3841,9.06,72.4,0
2023-02-20T11:00,92,0.3831,9.97,64.5,0
2023-02-20T12:00,174.4,0.3823,11.33,67.7,0
2023-02-20T13:00,157.9,0.3827,11.7,59.9,0
2023-02-20T14:00,133.9,0.3824,12.37,61.1,0
2023-02-20T15:00,152.2,0.3799,12.96,56.6,0
2023-02-20T16:00,77.7,0.3825,12.92,58.8,0
2023-02-20T17:00,45.6,0.3831,12.73,56,0
2023-02-20T18:00,16.4,0.3819,11.9,51.1,0
2023-02-20T19:00,0,0.3766,10.14,65.1,0
2023-02-20T20:00,0,0.3784,8.89,68.1,0
2023-02-20T21:00,0,0.3781,7.66,71.2,0
2023-02-20T22:00,0,0.3787,6.61,75.4,0
2023-02-20T23:00,0,0.3762,5.31,74.7,0
2023-02-21T00:00,0,0.3763,5.12,74.9,0
2023-02-21T01:00,0,0.3791,4.85,76.3,0
2023-02-21T02:00,0,0.3771,4.83,76.4,0
2023-02-21T03:00,0,0.379,4.7,76,0
2023-02-21T04:00,0,0.3759,5.24,72.9,0
2023-02-21T05:00,0,0.3788,5.65,77.1,0
2023-02-21T06:00,0,0.3764,5.99,74.1,0
2023-02-21T07:00,0,0.3751,6.9,72,0
2023-02-21T08:00,0.1,0.3765,6.96,70.8,0
2023-02-21T09:00,77.9,0.3767,9.17,63.2,0
2023-02-21T10:00,137,0.3756,10.02,63,0
2023-02-21T11:00,178.8,0.374,10.96,67.1,0
2023-02-21T12:00,243.5,0.3705,12.91,59.2,0
2023-02-21T13:00,315.2,0.3713,14.09,61,0
2023-02-21T14:00,208.4,0.3739,13.96,63.3,0
2023-02-21T15:00,169.7,0.3736,13.43,56.4,0
2023-02-21T16:00,54.8,0.3717,12.42,58.4,0
2023-02-21T17:00,58.8,0.374,13.09,60.1,0
2023-02-21T18:00,12.1,0.373,12.75,66.4,0
2023-02-21T19:00,0,0.3694,11.89,57.4,0
2023-02-21T20:00,0,0.3691,10.98,61.8,0
2023-02-21T21:00,0,0.3719,9.22,76.4,0
2023-02-21T22:00,0,0.3685,7.14,75.1,0
2023-02-21T23:00,0,0.3679,6.39,69.3,0
2023-02-22T00:00,0,0.3709,4.35,78.6,0
2023-02-22T01:00,0,0.3695,3.49,80.1,0
2023-02-22T02:00,0,0.3698,2.86,83.4,0
2023-02-22T03:00,0,0.3689,3.69,84.6,0
2023-02-22T04:00,0,0.3693,4.31,75.2,0
2023-02-22T05:00,0,0.3663,3.9,76.1,0
2023-02-22T06:00,0,0.3656,4.69,75.6,0
2023-02-22T07:00,0,0.3663,5.47,73.1,0
2023-02-22T08:00,0.6,0.3686,6.87,74.7,0
2023-02-22T09:00,111.3,0.3659,8.45,67.3,0
2023-02-22T10:00,199.4,0.3647,10.67,59.8,0
2023-02-22T11:00,165.8,0.3652,11.62,60.6,0
2023-02-22T12:00,214.8,0.3628,13.05,58.4,0
2023-02-22T13:00,267.5,0.3635,14.76,56.5,0
2023-02-22T14:00,272.5,0.3646,16.27,49.6,0
2023-02-22T15:00,228.8,0.3589,16.56,46.3,0
2023-02-22T16:00,129.9,0.3611,15.71,53.5,0
2023-02-22T17:00,90.3,0.3596,14.87,62,0
2023-02-22T18:00,26,0.3604,14.16,57.5,0
2023-02-22T19:00,0,0.3605,13.16,59.7,0
2023-02-22T20:00,0,0.3576,11.74,60.5,0
2023-02-22T21:00,0,0.3587,9.73,62.8,0
2023-02-22T22:00,0,0.3583,7.3,74.4,0
2023-02-22T23:00,0,0.3603,6.26,73.2,0
2023-02-23T00:00,0,0.3593,5.1,75.2,0
2023-02-23T01:00,0,0.3596,4.1,74.1,0
2023-02-23T02:00,0,0.3629,3.65,83.2,0
2023-02-23T03:00,0,0.3562,3.08,78.1,0
2023-02-23T04:00,0,0.359,2.62,83.5,0
2023-02-23T05:00,0,0.3572,3,83.7,0
2023-02-23T06:00,0,0.3588,3.77,81.4,0
2023-02-23T07:00,0,0.3586,4.13,77.2,0
2023-02-23T08:00,0.9,0.361,5.35,80.4,0
2023-02-23T09:00,57.7,0.3583,7.47,72,0
2023-02-23T10:00,107.6,0.3562,8.72,66.1,0
2023-02-23T11:00,176.4,0.3568,10.33,64.1,0
2023-02-23T12:00,234.6,0.3524,11.79,62.8,0
2023-02-23T13:00,340.2,0.3505,13.78,63.9,0
2023-02-23T14:00,290.2,0.35,14.87,59,0
2023-02-23T15:00,276.9,0.3548,15.53,56.6,0
2023-02-23T16:00,230.7,0.3516,16.27,51.6,0
2023-02-23T17:00,103.8,0.3527,14.77,57,0
2023-02-23T18:00,19.4,0.3497,13.11,64.5,0
2023-02-23T19:00,0,0.3505,12.15,61.1,0
2023-02-23T20:00,0,0.3502,11.51,59.8,0
2023-02-23T21:00,0,0.3511,9.7,65.1,0
2023-02-23T22:00,0,0.3488,7.81,70.2,0
2023-02-23T23:00,0,0.3471,6.17,75.4,0
2023-02-24T00:00,0,0.3502,4.69,77,0
2023-02-24T01:00,0,0.3487,5.36,78.3,0
2023-02-24T02:00,0,0.3495,4.73,75.1,0
2023-02-24T03:00,0,0.3499,4.61,74.9,0
2023-02-24T04:00,0,0.346,5.24,74.8,0
2023-02-24T05:00,0,0.348,6.55,76,0
2023-02-24T06:00,0,0.3485,6.47,74.5,0
2023-02-24T07:00,0,0.3471,7.06,73.7,0
2023-02-24T08:00,0.6,0.3451,7.8,71.8,0
2023-02-24T09:00,29.2,0.3477,9.52,69.9,0
2023-02-24T10:00,25.1,0.3442,10.71,67.7,0
2023-02-24T11:00,22.9,0.3478,10.88,63.7,0
2023-02-24T12:00,36,0.3453,11.54,65.1,0
2023-02-24T13:00,81.4,0.3439,13.52,64,0
2023-02-24T14:00,249.5,0.3432,15.84,53.8,0
2023-02-24T15:00,200.3,0.3423,15.85,57.4,0
2023-02-24T16:00,193.4,0.3452,16.52,48.1,0
2023-02-24T17:00,135.3,0.342,15.36,52.5,0
2023-02-24T18:00,26.1,0.3444,13.7,57.9,0
2023-02-24T19:00,0,0.3429,11.69,63.1,0
2023-02-24T20:00,0,0.3416,9.83,67.6,0
2023-02-24T21:00,0,0.3416,9.02,63.8,0
2023-02-24T22:00,0,0.3442,8.36,71.3,0
2023-02-24T23:00,0,0.3393,6.83,79.3,0
2023-02-25T00:00,0,0.3421,4.48,76.5,0
2023-02-25T01:00,0,0.3424,2.96,79.8,0
2023-02-25T02:00,0,0.3411,0.57,85.9,0
2023-02-25T03:00,0,0.3374,0.4,94.2,0
2023-02-25T04:00,0,0.3403,0.51,91.7,0
2023-02-25T05:00,0,0.3414,0.65,90.6,0
2023-02-25T06:00,0,0.3409,1.66,84,0
2023-02-25T07:00,0,0.3385,4.56,81.3,0
2023-02-25T08:00,5.3,0.3403,5.58,75.6,0
2023-02-25T09:00,111.6,0.3383,7.98,73,0
2023-02-25T10:00,215.4,0.3374,9.2,73.4,0
2023-02-25T11:00,345.8,0.3369,10.92,63,0
2023-02-25T12:00,358.1,0.3367,12.12,59.9,0
2023-02-25T13:00,455.1,0.3343,13.02,57.8,0
2023-02-25T14:00,388.6,0.3336,13.34,61.2,0
2023-02-25T15:00,302.1,0.3341,13.96,57.2,0
2023-02-25T16:00,240.6,0.3316,13.98,55.8,0
2023-02-25T17:00,141.6,0.3294,14.13,59.5,0
2023-02-25T18:00,40.7,0.33,12.72,53.9,0
2023-02-25T19:00,0,0.333,11.09,62.4,0
2023-02-25T20:00,0,0.3281,9.83,64.6,0
2023-02-25T21:00,0,0.3306,7.71,72.3,0
2023-02-25T22:00,0,0.3307,5.67,76.6,0
2023-02-25T23:00,0,0.3275,4.81,79.2,0
2023-02-26T00:00,0,0.326,4.62,77.8,0
2023-02-26T01:00,0,0.3323,2.22,98.3,0.14
2023-02-26T02:00,0,0.3314,3.7,80.8,0
2023-02-26T03:00,0,0.3305,3.99,83.4,0
2023-02-26T04:00,0,0.3304,4.73,78,0
2023-02-26T05:00,0,0.3311,4.24,72.7,0
2023-02-26T06:00,0,0.3319,5.56,75.3,0
2023-02-26T07:00,0,0.3303,7.37,74.7,0
2023-02-26T08:00,0.5,0.3294,8.81,72,0
2023-02-26T09:00,22,0.3922,8.01,82.5,4.37
2023-02-26T10:00,44.5,0.3918,10.99,63.1,0
2023-02-26T11:00,92.8,0.392,12.31,63,0
2023-02-26T12:00,92.8,0.3914,13.11,58.1,0
2023-02-26T13:00,129.4,0.3872,12.99,58,0
2023-02-26T14:00,88.7,0.3881,12.77,60.7,0
2023-02-26T15:00,127.9,0.3903,14.14,58.3,0
2023-02-26T16:00,68.4,0.3879,13.81,56.9,0
2023-02-26T17:00,56.3,0.3876,13.21,61,0
2023-02-26T18:00,14.7,0.3898,12.84,65.3,0
2023-02-26T19:00,0,0.3958,9.64,87.7,0.79
2023-02-26T20:00,0,0.3982,10.61,62.7,0
2023-02-26T21:00,0,0.3991,9.17,73.5,0
2023-02-26T22:00,0,0.3934,7.77,73.4,0
2023-02-26T23:00,0,0.4291,4.9,96.2,2.28
2023-02-27T00:00,0,0.4175,6.08,75.8,0
2023-02-27T01:00,0,0.4126,4.99,79.7,0
2023-02-27T02:00,0,0.4072,4.9,69.4,0
2023-02-27T03:00,0,0.4053,5.5,84.5,0
2023-02-27T04:00,0,0.4051,3.19,97.9,0.24
2023-02-27T05:00,0,0.404,6.06,72,0
2023-02-27T06:00,0,0.4026,7.14,69,0
2023-02-27T07:00,0,0.4031,7.85,70.3,0
2023-02-27T08:00,1.3,0.4012,9.47,68,0
2023-02-27T09:00,9.1,0.3974,10.71,75.4,0
2023-02-27T10:00,32.2,0.3993,12.42,61.7,0
2023-02-27T11:00,39.1,0.402,12.57,63.5,0
2023-02-27T12:00,28.1,0.3978,13.13,60.1,0
2023-02-27T13:00,68.6,0.399,13.74,65.8,0
2023-02-27T14:00,51.8,0.3989,13.74,59.2,0
2023-02-27T15:00,47.9,0.4087,12.57,81.3,0.71
2023-02-27T16:00,25.9,0.4072,14.17,61.3,0
2023-02-27T17:00,12.1,0.4029,12.96,56.6,0
2023-02-27T18:00,3.3,0.401,12.23,67.5,0
2023-02-27T19:00,0,0.3993,11.61,67.6,0
2023-02-27T20:00,0,0.4003,9.19,72.4,0
2023-02-27T21:00,0,0.3995,7.63,68.9,0
2023-02-27T22:00,0,0.3993,5.82,74.2,0
2023-02-27T23:00,0,0.3975,4.73,84.2,0
2023-02-28T00:00,0,0.3984,3.54,79.9,0
2023-02-28T01:00,0,0.3978,3.09,75.3,0
2023-02-28T02:00,0,0.3988,2.17,83.3,0
2023-02-28T03:00,0,0.398,1.17,83.9,0
2023-02-28T04:00,0,0.3974,1.87,83.4,0
2023-02-28T05:00,0,0.3972,2.74,74.3,0
2023-02-28T06:00,0,0.3973,4.18,84.2,0
2023-02-28T07:00,0,0.4017,3.75,92.7,0.31
2023-02-28T08:00,7,0.403,4.74,97.5,0.17
2023-02-28T09:00,87.7,0.4012,8.77,69.7,0
2023-02-28T10:00,178.9,0.4,10.26,68.9,0
2023-02-28T11:00,228.2,0.4007,10.66,80.2,0.06
2023-02-28T12:00,264.9,0.3984,14.15,53,0
2023-02-28T13:00,257.3,0.3998,14.72,59.2,0
2023-02-28T14:00,214.6,0.3936,15.09,56.5,0
2023-02-28T15:00,152.1,0.3976,13.04,78.3,0.01
2023-02-28T16:00,74.6,0.3963,13.08,79.4,0.13
2023-02-28T17:00,40.4,0.3974,15.14,55.5,0
2023-02-28T18:00,17.6,0.3952,13.59,63.3,0
2023-02-28T19:00,0,0.4002,10.21,87,0.17
2023-02-28T20:00,0,0.4033,8.85,93,0.32
2023-02-28T21:00,0,0.4013,9.29,66.2,0
2023-02-28T22:00,0,0.4016,8.14,68.7,0
2023-02-28T23:00,0,0.3987,5.41,72.9,0
2023-03-01T00:00,0,0.3994,3.76,85.4,0
2023-03-01T01:00,0,0.3998,2.83,86.7,0
2023-03-01T02:00,0,0.3995,2.36,83.7,0
2023-03-01T03:00,0,0.3996,2.14,83.9,0
2023-03-01T04:00,0,0.3981,1.17,87.3,0
2023-03-01T05:00,0,0.4014,1.45,83.2,0
2023-03-01T06:00,0,0.3981,2.52,87.5,0
2023-03-01T07:00,0,0.3962,4.53,78.9,0
2023-03-01T08:00,16,0.3984,6.84,70.5,0
2023-03-01T09:00,149.3,0.3981,8.24,69.1,0
2023-03-01T10:00,276.4,0.3975,11.01,68.1,0
2023-03-01T11:00,299.1,0.3943,11.52,60.9,0
2023-03-01T12:00,432.6,0.3957,13.2,58.6,0
2023-03-01T13:00,418.2,0.3948,13.68,63,0
2023-03-01T14:00,454.9,0.3877,14.75,50.4,0
2023-03-01T15:00,470.8,0.3871,15.64,49.6,0
2023-03-01T16:00,405.6,0.3862,16.64,52.3,0
2023-03-01T17:00,251.6,0.3873,14.27,55.6,0
2023-03-01T18:00,74.8,0.3839,13.05,54.2,0
2023-03-01T19:00,0,0.3841,11.98,64.6,0
2023-03-01T20:00,0,0.385,10.04,69,0
2023-03-01T21:00,0,0.3874,9.01,64.3,0
2023-03-01T22:00,0,0.384,6.41,75.3,0
2023-03-01T23:00,0,0.3845,4.73,82.3,0
2023-03-02T00:00,0,0.3824,3.72,83.4,0
2023-03-02T01:00,0,0.383,2.14,87.9,0
2023-03-02T02:00,0,0.3818,1.15,85.1,0
2023-03-02T03:00,0,0.3835,2.2,83.9,0
2023-03-02T04:00,0,0.3827,2,82.3,0
2023-03-02T05:00,0,0.3822,3.02,82.8,0
2023-03-02T06:00,0,0.3825,4.08,81.5,0
2023-03-02T07:00,0,0.3837,5.58,72.8,0
2023-03-02T08:00,21.9,0.3833,7.33,70.7,0
2023-03-02T09:00,165.4,0.3793,9.6,68.2,0
2023-03-02T10:00,293.6,0.3811,11.64,61.1,0
2023-03-02T11:00,370.4,0.3785,13.88,55.3,0
2023-03-02T12:00,435.1,0.3774,14.34,56.3,0
2023-03-02T13:00,525.8,0.3757,14.62,58.6,0
2023-03-02T14:00,402.3,0.3727,14.83,60,0
2023-03-02T15:00,275.2,0.371,14.37,52.7,0
2023-03-02T16:00,229.2,0.3715,13.44,54.4,0
2023-03-02T17:00,194.9,0.3706,14.25,55.2,0
2023-03-02T18:00,53.1,0.3694,13.27,55.8,0
2023-03-02T19:00,0,0.3705,11.69,67,0
2023-03-02T20:00,0,0.3693,10.06,61.4,0
2023-03-02T21:00,0,0.3665,8.41,73,0
2023-03-02T22:00,0,0.3672,7,76.7,0
2023-03-02T23:00,0,0.3683,5.58,71.9,0
2023-03-03T00:00,0,0.3709,4.13,83.1,0
2023-03-03T01:00,0,0.3691,3.15,84.4,0
2023-03-03T02:00,0,0.3673,3.07,81.9,0
2023-03-03T03:00,0,0.3662,3.39,75.3,0
2023-03-03T04:00,0,0.3677,3.53,82.2,0
2023-03-03T05:00,0,0.3699,4.75,76,0
2023-03-03T06:00,0,0.3647,6.06,77.7,0
2023-03-03T07:00,0,0.3692,7.85,73.2,0
2023-03-03T08:00,15.6,0.3645,8.74,67.9,0
2023-03-03T09:00,151.8,0.3651,9.32,70.2,0
2023-03-03T10:00,279.2,0.3625,11.52,61.6,0
2023-03-03T11:00,389.8,0.3634,13.83,55.1,0
2023-03-03T12:00,375.4,0.3619,14.77,58.9,0
2023-03-03T13:00,417.5,0.3602,15.29,54,0
2023-03-03T14:00,414.5,0.3599,16.06,57,0
2023-03-03T15:00,391.7,0.3569,16.83,52,0
2023-03-03T16:00,270.7,0.3551,16.38,54.9,0
2023-03-03T17:00,124.6,0.3573,14.58,60.2,0
2023-03-03T18:00,56,0.3558,14.36,53.9,0
2023-03-03T19:00,0,0.3535,12.27,60.8,0
2023-03-03T20:00,0,0.3569,11.19,70.6,0
2023-03-03T21:00,0,0.3546,9.03,67.8,0
2023-03-03T22:00,0,0.3528,7.15,71.8,0
2023-03-03T23:00,0,0.3533,6.33,73.1,0
2023-03-04T00:00,0,0.3555,5.65,71,0
2023-03-04T01:00,0,0.354,4.6,82.3,0
2023-03-04T02:00,0,0.3558,3.77,82.1,0
2023-03-04T03:00,0,0.3535,3.15,81.7,0
2023-03-04T04:00,0,0.3534,3.96,77.9,0
2023-03-04T05:00,0,0.3536,4.25,80.7,0
2023-03-04T06:00,0,0.3516,6.78,72.3,0
2023-03-04T07:00,0,0.3514,6.94,76.9,0
2023-03-04T08:00,17.8,0.3504,9.42,72.1,0
2023-03-04T09:00,123.5,0.3539,11.52,67.7,0
2023-03-04T10:00,258.2,0.3511,13.25,52.6,0
2023-03-04T11:00,306.7,0.349,14.53,56.5,0
2023-03-04T12:00,423.1,0.3454,15.65,56.2,0
2023-03-04T13:00,385.6,0.3462,16.57,48.4,0
2023-03-04T14:00,283.2,0.3427,16.02,54.9,0
2023-03-04T15:00,189.3,0.3447,16.08,55.3,0
2023-03-04T16:00,153,0.3438,14.58,55.5,0
2023-03-04T17:00,107.5,0.3425,13.66,60.1,0
2023-03-04T18:00,49.3,0.3429,13.22,58.6,0
2023-03-04T19:00,0,0.344,11.96,61,0
2023-03-04T20:00,0,0.3419,10.38,64.2,0
2023-03-04T21:00,0,0.3395,8.79,64.4,0
2023-03-04T22:00,0,0.3401,7.04,77.4,0
2023-03-04T23:00,0,0.3415,6.11,72.5,0
2023-03-05T00:00,0,0.3415,4.7,81.4,0
2023-03-05T01:00,0,0.3422,3.42,76.6,0
2023-03-05T02:00,0,0.3411,2.12,85.5,0
2023-03-05T03:00,0,0.3398,1.34,87.5,0
2023-03-05T04:00,0,0.3383,1.12,85.2,0
2023-03-05T05:00,0,0.3448,2.57,77.5,0
2023-03-05T06:00,0,0.3409,3.45,81.8,0
2023-03-05T07:00,0,0.3382,5.04,77.9,0
2023-03-05T08:00,21.7,0.3373,6.65,78.3,0
2023-03-05T09:00,101.7,0.3368,8.02,65.3,0
2023-03-05T10:00,151.7,0.3397,8.95,68.9,0
2023-03-05T11:00,112.2,0.338,10.18,69,0
2023-03-05T12:00,173.8,0.3376,12.24,61.1,0
2023-03-05T13:00,219.2,0.3346,13.01,61.2,0
2023-03-05T14:00,255.3,0.3336,14.18,58.5,0
2023-03-05T15:00,267,0.3329,15.43,58.4,0
2023-03-05T16:00,210.8,0.3321,15.49,57.4,0
2023-03-05T17:00,133.3,0.334,15.21,58.2,0
2023-03-05T18:00,45.4,0.3307,14.75,54.5,0
2023-03-05T19:00,0,0.3343,12.4,71.6,0
2023-03-05T20:00,0,0.3332,10.53,68.9,0
2023-03-05T21:00,0,0.3317,9.79,65.9,0
2023-03-05T22:00,0,0.3316,9.46,61.3,0
2023-03-05T23:00,0,0.3315,8.39,78.4,0
2023-03-06T00:00,0,0.3317,6.81,78.5,0
2023-03-06T01:00,0,0.3302,5.28,83.7,0
2023-03-06T02:00,0,0.3312,5.47,74.9,0
2023-03-06T03:00,0,0.3292,5.01,80.1,0
2023-03-06T04:00,0,0.3298,4.61,75.1,0
2023-03-06T05:00,0,0.3293,5.35,77.6,0
2023-03-06T06:00,0,0.3292,6.76,73.5,0
2023-03-06T07:00,0,0.3289,8.1,72.3,0
2023-03-06T08:00,18.7,0.3256,9.4,68.5,0
2023-03-06T09:00,113.9,0.3293,10.75,63.9,0
2023-03-06T10:00,180.9,0.3275,11.76,67.5,0
2023-03-06T11:00,197.8,0.3274,13.49,56.9,0
2023-03-06T12:00,244.1,0.3263,14.81,56.4,0
2023-03-06T13:00,256,0.326,15.97,56.1,0
2023-03-06T14:00,304.3,0.3232,16.91,54.2,0
2023-03-06T15:00,263,0.3234,17.43,49.9,0
2023-03-06T16:00,150.4,0.323,16.89,49,0
2023-03-06T17:00,148,0.3185,16.85,57.1,0
2023-03-06T18:00,48.8,0.3202,15.8,58.7,0
2023-03-06T19:00,0,0.3206,14.12,53.4,0
2023-03-06T20:00,0,0.3185,12.12,61.5,0
2023-03-06T21:00,0,0.322,9.97,65.3,0
2023-03-06T22:00,0,0.3225,7.81,73.9,0
2023-03-06T23:00,0,0.3207,6.98,73.2,0
2023-03-07T00:00,0,0.3219,5.46,71.8,0
2023-03-07T01:00,0,0.3178,4.47,87.7,0
2023-03-07T02:00,0,0.3165,3.77,78.1,0
2023-03-07T03:00,0,0.3209,1.97,78.7,0
2023-03-07T04:00,0,0.3183,2.32,89.1,0
2023-03-07T05:00,0,0.3198,3.71,89.1,0
2023-03-07T06:00,0,0.3197,5.78,78.2,0
2023-03-07T07:00,0,0.3202,7.38,72.7,0
2023-03-07T08:00,22.6,0.3164,7.94,74.4,0
2023-03-07T09:00,136.1,0.3163,9.44,70.6,0
2023-03-07T10:00,266.1,0.3157,11.66,63.4,0
2023-03-07T11:00,353.3,0.314,14.47,57.4,0
2023-03-07T12:00,516.5,0.3143,16.03,56.8,0
2023-03-07T13:00,532.8,0.312,17.8,52.4,0
2023-03-07T14:00,534.1,0.3099,19.39,42.7,0
2023-03-07T15:00,430.9,0.3089,19.39,42.8,0
2023-03-07T16:00,306.9,0.3066,18.65,47.4,0
2023-03-07T17:00,203.2,0.3056,18.1,52.7,0
2023-03-07T18:00,50.9,0.3062,15.8,57.2,0
2023-03-07T19:00,0,0.3063,14.7,56.7,0
2023-03-07T20:00,0,0.3051,13.39,62.1,0
2023-03-07T21:00,0,0.305,12.14,62.4,0
2023-03-07T22:00,0,0.3065,10.43,67.6,0
2023-03-07T23:00,0,0.3047,9.64,73,0
2023-03-08T00:00,0,0.3054,8.74,71.5,0
2023-03-08T01:00,0,0.3062,8.14,77.4,0
2023-03-08T02:00,0,0.3017,6.87,74.6,0
2023-03-08T03:00,0,0.3012,7,73.4,0
2023-03-08T04:00,0,0.3044,7.58,71.2,0
2023-03-08T05:00,0,0.3034,7.76,76.6,0
2023-03-08T06:00,0,0.3036,8.6,71.7,0
2023-03-08T07:00,0,0.3022,9.83,65.4,0
2023-03-08T08:00,34.8,0.3061,12.09,65.3,0
2023-03-08T09:00,151.2,0.3028,13.59,63.6,0
2023-03-08T10:00,263.1,0.3005,14.47,62.4,0
2023-03-08T11:00,297.6,0.2971,15.6,55.8,0
2023-03-08T12:00,315.6,0.3005,16.89,53.2,0
2023-03-08T13:00,381.3,0.2981,18.59,51.3,0
2023-03-08T14:00,369.8,0.2974,18.61,49.1,0
2023-03-08T15:00,292.2,0.2952,18.59,49.5,0
2023-03-08T16:00,166.5,0.2964,17.92,56.4,0
2023-03-08T17:00,135.5,0.2954,17.08,52.1,0
2023-03-08T18:00,61.4,0.2929,16.2,53.9,0
2023-03-08T19:00,0,0.2924,15.29,55.4,0
2023-03-08T20:00,0,0.295,12.69,66.5,0
2023-03-08T21:00,0,0.2905,10.86,64.5,0
2023-03-08T22:00,0,0.2955,9.81,71.7,0
2023-03-08T23:00,0,0.2919,7.54,76.3,0
2023-03-09T00:00,0,0.2905,5.1,78.6,0
2023-03-09T01:00,0,0.2926,4.97,84.6,0
2023-03-09T02:00,0,0.2906,4.07,86.2,0
2023-03-09T03:00,0,0.291,5.83,74.1,0
2023-03-09T04:00,0,0.2928,4.93,76.9,0
2023-03-09T05:00,0,0.291,5.66,78,0
2023-03-09T06:00,0,0.2923,6.39,80.4,0
2023-03-09T07:00,0,0.2874,7.36,66.2,0
2023-03-09T08:00,40.5,0.2926,8.9,69,0
2023-03-09T09:00,154,0.2877,11.37,66.8,0
2023-03-09T10:00,269.6,0.2917,12.95,61.9,0
2023-03-09T11:00,419.9,0.2881,14.44,64.5,0
2023-03-09T12:00,550.6,0.2863,15.3,58.8,0
2023-03-09T13:00,545.9,0.2855,16.47,51.5,0
2023-03-09T14:00,546.1,0.2822,17.12,53,0
2023-03-09T15:00,479.2,0.2815,18.12,52.4,0
2023-03-09T16:00,326.8,0.2803,18.98,45.1,0
2023-03-09T17:00,253.2,0.2793,19.41,48.6,0
2023-03-09T18:00,79.9,0.2799,17.53,49.6,0
2023-03-09T19:00,0,0.2792,17.1,53.3,0
2023-03-09T20:00,0,0.278,15.53,61,0
2023-03-09T21:00,0,0.2751,13.81,57.9,0
2023-03-09T22:00,0,0.2783,11.46,64.9,0
2023-03-09T23:00,0,0.2795,9.22,69.5,0
2023-03-10T00:00,0,0.2787,7.9,72.1,0
2023-03-10T01:00,0,0.2784,6.7,74.3,0
2023-03-10T02:00,0,0.2784,4.61,78.4,0
2023-03-10T03:00,0,0.2738,4.25,85.3,0
2023-03-10T04:00,0,0.2771,4.39,84.7,0
2023-03-10T05:00,0,0.276,6.05,79.4,0
2023-03-10T06:00,0,0.2771,7.25,76.4,0
2023-03-10T07:00,0,0.277,8.57,74.9,0
2023-03-10T08:00,42.4,0.2741,11.42,67.1,0
2023-03-10T09:00,134.8,0.274,12.53,65,0
2023-03-10T10:00,185,0.2728,13.86,67.4,0
2023-03-10T11:00,314.9,0.2752,15.31,59.2,0
2023-03-10T12:00,386.1,0.2709,16.36,57.2,0
2023-03-10T13:00,320,0.2723,16.66,56.5,0
2023-03-10T14:00,367,0.2742,17.77,55.2,0
2023-03-10T15:00,369.9,0.2685,17.55,49.7,0
2023-03-10T16:00,244.9,0.269,17.13,52.6,0
2023-03-10T17:00,190.4,0.2684,16.44,53.5,0
2023-03-10T18:00,84.9,0.2653,15.25,58.4,0
2023-03-10T19:00,0,0.2678,13.97,66.9,0
2023-03-10T20:00,0,0.2653,12.74,62.8,0
2023-03-10T21:00,0,0.2699,11.18,61.1,0
2023-03-10T22:00,0,0.2675,9.34,74.9,0
2023-03-10T23:00,0,0.2686,7.18,75.9,0
2023-03-11T00:00,0,0.2682,7.16,73,0
2023-03-11T01:00,0,0.2641,6.26,83,0
2023-03-11T02:00,0,0.2634,5.85,81.1,0
2023-03-11T03:00,0,0.2646,5.38,79.8,0
2023-03-11T04:00,0,0.2631,7.05,78.4,0
2023-03-11T05:00,0,0.2628,7.03,73.3,0
2023-03-11T06:00,0,0.2659,8.02,70.2,0
2023-03-11T07:00,0,0.2617,9.74,71.3,0
2023-03-11T08:00,47.5,0.2639,10.44,70.9,0
2023-03-11T09:00,198.7,0.2629,12.16,62.4,0
2023-03-11T10:00,417.5,0.2632,14,61.6,0
2023-03-11T11:00,517.9,0.2625,16.21,56.3,0
2023-03-11T12:00,472.9,0.2595,17.95,50.9,0
2023-03-11T13:00,520.1,0.2571,19.53,45.1,0
2023-03-11T14:00,485.5,0.2588,20.67,47,0
2023-03-11T15:00,388,0.2551,20.43,37.9,0
2023-03-11T16:00,261.1,0.256,19.87,50.6,0
2023-03-11T17:00,124.5,0.2538,18.2,59,0
2023-03-11T18:00,52.6,0.2541,17.35,50.4,0
2023-03-11T19:00,0,0.2548,15.2,59.8,0
2023-03-11T20:00,0,0.2526,14.28,61.5,0
2023-03-11T21:00,0,0.2535,12.3,65.2,0
2023-03-11T22:00,0,0.254,10.66,65.1,0
2023-03-11T23:00,0,0.2545,8.57,66.5,0
2023-03-12T00:00,0,0.2531,7.89,77.7,0
2023-03-12T01:00,0,0.2493,6.76,77.9,0
2023-03-12T02:00,0,0.2873,3.76,100,2.45
2023-03-12T03:00,0,0.2839,4.87,82.9,0
2023-03-12T04:00,0,0.3608,3.42,100,5.15
2023-03-12T05:00,0,0.3595,6.85,82.4,0
2023-03-12T06:00,0,0.3811,5.09,100,1.45
2023-03-12T07:00,0,0.3798,7.98,74,0
2023-03-12T08:00,20.4,0.3784,8.98,68.1,0
2023-03-12T09:00,71.3,0.4711,8.93,88.6,6.22
2023-03-12T10:00,107.4,0.4463,12.34,62.2,0
2023-03-12T11:00,157.3,0.4266,14.49,64,0
2023-03-12T12:00,202,0.4175,15.83,52.1,0
2023-03-12T13:00,272.4,0.4103,17.03,55.9,0
2023-03-12T14:00,233.8,0.404,16.95,53.2,0
2023-03-12T15:00,167.9,0.401,16.32,56.8,0
2023-03-12T16:00,105.3,0.4005,16.32,61.1,0
2023-03-12T17:00,103.6,0.4139,13.86,82.9,1.21
2023-03-12T18:00,27.2,0.4152,15.13,59.6,0
2023-03-12T19:00,0,0.4061,14.73,61.7,0
2023-03-12T20:00,0,0.4047,14.11,62.6,0
2023-03-12T21:00,0,0.4786,11.18,90.1,10.67
2023-03-12T22:00,0,0.4516,11.36,69.2,0
2023-03-12T23:00,0,0.4354,11.12,70.5,0
2023-03-13T00:00,0,0.4216,9.64,74.8,0
2023-03-13T01:00,0,0.4148,8.87,76,0
2023-03-13T02:00,0,0.4291,6.19,100,1.63
2023-03-13T03:00,0,0.4193,7.44,78.7,0
2023-03-13T04:00,0,0.4139,7.35,78.4,0
2023-03-13T05:00,0,0.4074,6.82,76.7,0
2023-03-13T06:00,0,0.4796,6.01,97.6,7.45
2023-03-13T07:00,0,0.4582,6.53,96.7,0.35
2023-03-13T08:00,38.2,0.4376,10.59,70.7,0
2023-03-13T09:00,64.7,0.4226,12.65,64.7,0
2023-03-13T10:00,108.5,0.4148,13.71,63.7,0
2023-03-13T11:00,89.5,0.4087,14.8,57.2,0
2023-03-13T12:00,147.9,0.4466,13.35,86,2.91
2023-03-13T13:00,96,0.4284,15.02,58.5,0
2023-03-13T14:00,124.6,0.416,15.37,56.3,0
2023-03-13T15:00,90.5,0.4136,15.35,58.8,0
2023-03-13T16:00,99.6,0.4113,13.33,77.6,0.47
2023-03-13T17:00,93.9,0.4076,14.82,56.9,0
2023-03-13T18:00,65.6,0.4049,13.83,63.3,0
2023-03-13T19:00,0,0.402,12.49,62.4,0
2023-03-13T20:00,0,0.4022,10.26,72.1,0
2023-03-13T21:00,0,0.4005,8.67,75.8,0
2023-03-13T22:00,0,0.4012,6.72,78.7,0
2023-03-13T23:00,0,0.3998,5.56,80.3,0
2023-03-14T00:00,0,0.3993,4.75,78,0
2023-03-14T01:00,0,0.3963,4.42,85.8,0
2023-03-14T02:00,0,0.3989,4.46,80.7,0
2023-03-14T03:00,0,0.4804,2.36,100,7.8
2023-03-14T04:00,0,0.4513,5.09,81,0
2023-03-14T05:00,0,0.4343,5.41,83.7,0
2023-03-14T06:00,0,0.4223,4.45,81.6,0
2023-03-14T07:00,0,0.4142,5.51,80.9,0
2023-03-14T08:00,19.7,0.4404,4.99,95.1,2.47
2023-03-14T09:00,69.9,0.4265,8.37,76.9,0
2023-03-14T10:00,115.2,0.4132,9.77,64.7,0
2023-03-14T11:00,177.5,0.4107,11.43,70.5,0
2023-03-14T12:00,154.7,0.4044,12.47,61.1,0
2023-03-14T13:00,185.3,0.4037,12.97,69.9,0
2023-03-14T14:00,169.2,0.401,14.12,67.4,0
2023-03-14T15:00,225.8,0.4002,15,64.5,0
2023-03-14T16:00,219.2,0.3985,14.55,59.1,0
2023-03-14T17:00,89.6,0.3999,13.66,65.8,0
2023-03-14T18:00,40.2,0.4336,11.28,83.5,2.57
2023-03-14T19:00,0,0.4224,12.52,63.2,0
2023-03-14T20:00,0,0.4136,10.75,77.1,0
2023-03-14T21:00,0,0.4105,9.69,72.7,0
2023-03-14T22:00,0,0.4028,8.84,72.8,0
2023-03-14T23:00,0,0.4043,7.98,70.9,0
2023-03-15T00:00,0,0.4035,7.44,78.9,0
2023-03-15T01:00,0,0.4004,5.86,83.8,0
2023-03-15T02:00,0,0.4007,4.92,79.8,0
2023-03-15T03:00,0,0.3991,5.55,80.6,0
2023-03-15T04:00,0,0.3975,6.03,81.6,0
2023-03-15T05:00,0,0.3994,5.69,77.1,0
2023-03-15T06:00,0,0.3971,6.85,77.7,0
2023-03-15T07:00,0,0.3964,7.19,79.8,0
2023-03-15T08:00,33,0.399,8,75.1,0
2023-03-15T09:00,120,0.3981,9.09,70.7,0
2023-03-15T10:00,146.7,0.3947,10.5,67.2,0
2023-03-15T11:00,51.7,0.3965,11.27,71.5,0
2023-03-15T12:00,135.3,0.3931,12.3,63.9,0
2023-03-15T13:00,301.7,0.3948,14.62,60.9,0
2023-03-15T14:00,303.9,0.3928,15.88,54.4,0
2023-03-15T15:00,305.2,0.392,16.25,60.9,0
2023-03-15T16:00,198.4,0.3891,15.77,59.1,0
2023-03-15T17:00,148.2,0.4819,13.89,83.2,19.14
2023-03-15T18:00,37.1,0.452,14.67,59.6,0
2023-03-15T19:00,0,0.4325,13.93,59,0
2023-03-15T20:00,0,0.4193,12.38,64.9,0
2023-03-15T21:00,0,0.4144,10.72,67.3,0
2023-03-15T22:00,0,0.4387,7.21,95.9,2.24
2023-03-15T23:00,0,0.4282,7.38,84.9,0
2023-03-16T00:00,0,0.4165,6.87,80.3,0
2023-03-16T01:00,0,0.4102,6.83,73.5,0
2023-03-16T02:00,0,0.4088,6.73,76.5,0
2023-03-16T03:00,0,0.4075,4,99.5,0.21
2023-03-16T04:00,0,0.404,6.31,78.1,0
2023-03-16T05:00,0,0.4022,8.4,75.7,0
2023-03-16T06:00,0,0.4036,7.61,97.2,0.12
2023-03-16T07:00,0,0.4012,10.41,63.5,0
2023-03-16T08:00,34.9,0.3995,11.24,63,0
2023-03-16T09:00,73.5,0.4003,12.47,65.4,0
2023-03-16T10:00,151.8,0.3965,13.05,61.7,0
2023-03-16T11:00,171.8,0.4001,13.59,59,0
2023-03-16T12:00,253.4,0.4073,13.17,75.4,0.69
2023-03-16T13:00,231.8,0.4043,15.62,56.4,0
2023-03-16T14:00,313.4,0.4025,16.72,56.1,0
2023-03-16T15:00,255.2,0.4003,17.52,57,0
2023-03-16T16:00,206.8,0.3992,17.42,53.3,0
2023-03-16T17:00,185.3,0.3967,17.92,53.1,0
2023-03-16T18:00,85.1,0.3926,16.63,56.1,0
2023-03-16T19:00,0,0.3963,14.84,64.1,0
2023-03-16T20:00,0,0.3969,13.19,58,0
2023-03-16T21:00,0,0.3951,11.11,65.2,0
2023-03-16T22:00,0,0.3998,7.97,94.7,0.45
2023-03-16T23:00,0,0.4024,9.02,77.9,0
2023-03-17T00:00,0,0.4073,5.06,98.1,0.44
2023-03-17T01:00,0,0.4059,6.44,77.4,0
2023-03-17T02:00,0,0.4008,5.83,78.9,0
2023-03-17T03:00,0,0.4013,5.32,78,0
2023-03-17T04:00,0,0.4003,5.49,80,0
2023-03-17T05:00,0,0.4007,5.42,78,0
2023-03-17T06:00,0,0.3982,7.65,76.7,0
2023-03-17T07:00,0,0.3987,9.57,72.6,0
2023-03-17T08:00,14.4,0.3976,10.32,72,0
2023-03-17T09:00,66.4,0.4043,9.38,86.1,0.45
2023-03-17T10:00,143.6,0.4006,12.03,63.2,0
2023-03-17T11:00,89.5,0.448,11.1,89.1,3.2
2023-03-17T12:00,126.8,0.4293,14.3,59.1,0
2023-03-17T13:00,224,0.4163,15.51,59.1,0
2023-03-17T14:00,267.3,0.4104,15.75,56.1,0
2023-03-17T15:00,194.7,0.4049,16.35,59.3,0
2023-03-17T16:00,161.8,0.4023,16.39,60.5,0
2023-03-17T17:00,61.6,0.4127,13.29,86,0.63
2023-03-17T18:00,18.9,0.4058,14.58,57.4,0
2023-03-17T19:00,0,0.4098,12.41,83.8,0.29
2023-03-17T20:00,0,0.4116,11.19,87.1,0.47
2023-03-17T21:00,0,0.4107,9.66,87.5,0.27
2023-03-17T22:00,0,0.4054,10.11,66.2,0
2023-03-17T23:00,0,0.4048,6.73,100,0.13
2023-03-18T00:00,0,0.4024,7.73,76.4,0
2023-03-18T01:00,0,0.4029,7.74,72.6,0
2023-03-18T02:00,0,0.4028,7.14,73.9,0
2023-03-18T03:00,0,0.3971,7.19,77.6,0
2023-03-18T04:00,0,0.4026,6.58,80.4,0
2023-03-18T05:00,0,0.4018,8.2,77.4,0
2023-03-18T06:00,0,0.3987,9.88,68.9,0
2023-03-18T07:00,0,0.398,10.51,68.8,0
2023-03-18T08:00,22.4,0.399,11.74,67.2,0
2023-03-18T09:00,78.7,0.3969,13.37,62.6,0
2023-03-18T10:00,116.5,0.3959,14.48,61.7,0
2023-03-18T11:00,119.2,0.3966,15.45,65,0
2023-03-18T12:00,188.5,0.3941,16.83,61.3,0
2023-03-18T13:00,259.7,0.393,19,50.3,0
2023-03-18T14:00,327.9,0.3926,18.88,50,0
2023-03-18T15:00,279.6,0.3915,18.46,51.9,0
2023-03-18T16:00,247.8,0.3913,17.73,52,0
2023-03-18T17:00,141.6,0.3914,15.96,56.4,0
2023-03-18T18:00,56,0.3879,14.3,61.7,0
2023-03-18T19:00,0,0.3893,13.65,59,0
2023-03-18T20:00,0,0.3878,12.17,66.3,0
2023-03-18T21:00,0,0.389,10.84,67.6,0
2023-03-18T22:00,0,0.3867,10.01,72.4,0
2023-03-18T23:00,0,0.385,8.18,73.1,0
2023-03-19T00:00,0,0.3854,7.56,75.7,0
2023-03-19T01:00,0,0.3873,6.34,81.1,0
2023-03-19T02:00,0,0.3849,6.07,77.1,0
2023-03-19T03:00,0,0.3843,5.43,80.3,0
2023-03-19T04:00,0,0.3858,5.7,84.3,0
2023-03-19T05:00,0,0.383,7.32,80.3,0
2023-03-19T06:00,0,0.3849,8.82,71,0
2023-03-19T07:00,0,0.3858,9.73,69.2,0
2023-03-19T08:00,56,0.3818,10.99,64.8,0
2023-03-19T09:00,130.7,0.3832,12.99,68.5,0
2023-03-19T10:00,108.4,0.381,14.29,60.6,0
2023-03-19T11:00,201.8,0.3794,15.19,63.3,0
2023-03-19T12:00,281.3,0.3793,15.62,63.6,0
2023-03-19T13:00,250.1,0.3791,16.19,61.9,0
2023-03-19T14:00,104,0.3759,16.33,60.4,0
2023-03-19T15:00,109,0.3772,16.43,64.4,0
2023-03-19T16:00,31.7,0.3767,15.94,58.9,0
2023-03-19T17:00,52.8,0.3755,16.22,61.3,0
2023-03-19T18:00,55.9,0.3756,16.14,57.6,0
2023-03-19T19:00,0,0.3743,15.04,59.7,0
2023-03-19T20:00,0,0.3742,13.81,66.9,0
2023-03-19T21:00,0,0.3721,11.81,65.2,0
2023-03-19T22:00,0,0.3711,10.05,70.7,0
2023-03-19T23:00,0,0.374,9.4,72,0
2023-03-20T00:00,0,0.3726,8.7,78.2,0
2023-03-20T01:00,0,0.3733,7.98,74,0
2023-03-20T02:00,0,0.375,8.03,71.6,0
2023-03-20T03:00,0,0.373,8.45,80,0
2023-03-20T04:00,0,0.3725,8.31,71.1,0
2023-03-20T05:00,0,0.3707,7.95,69.9,0
2023-03-20T06:00,0,0.3716,8.9,71.1,0
2023-03-20T07:00,0,0.37,9.77,75.9,0
2023-03-20T08:00,66.6,0.3689,10.43,66,0
2023-03-20T09:00,218.2,0.3706,12.11,65.1,0
2023-03-20T10:00,319.1,0.3678,14.06,56.9,0
2023-03-20T11:00,431.7,0.3638,15.91,58.2,0
2023-03-20T12:00,440.3,0.3622,16.75,61.8,0
2023-03-20T13:00,508.4,0.3613,17.34,53.2,0
2023-03-20T14:00,507.2,0.3572,18.67,50.7,0
2023-03-20T15:00,394.8,0.3596,19.14,48.2,0
2023-03-20T16:00,287.9,0.3516,18.33,61.1,0
2023-03-20T17:00,194.3,0.3549,17.18,59.5,0
2023-03-20T18:00,71.2,0.3545,17.29,56.6,0
2023-03-20T19:00,0,0.3527,17,58.5,0
2023-03-20T20:00,0,0.353,14.89,61.8,0
2023-03-20T21:00,0,0.3519,13.13,67,0
2023-03-20T22:00,0,0.3512,10.64,78.7,0
2023-03-20T23:00,0,0.3522,8.68,73.7,0
2023-03-21T00:00,0,0.3525,7.68,75.9,0
2023-03-21T01:00,0,0.3532,7,76.6,0
2023-03-21T02:00,0,0.3522,6.37,78.9,0
2023-03-21T03:00,0,0.353,6.84,75.5,0
2023-03-21T04:00,0,0.3509,7.31,73.3,0
2023-03-21T05:00,0,0.3494,7.26,80.5,0
2023-03-21T06:00,0,0.3495,8.31,72.4,0
2023-03-21T07:00,0,0.3473,9.15,73.1,0
2023-03-21T08:00,62.5,0.3466,10.54,72.6,0
2023-03-21T09:00,161.9,0.3488,12.39,64.8,0
2023-03-21T10:00,217.3,0.3484,13.1,65.2,0
2023-03-21T11:00,275.5,0.3459,14.63,62.3,0
2023-03-21T12:00,224.1,0.3436,15.9,61,0
2023-03-21T13:00,283.7,0.3436,16.67,55.7,0
2023-03-21T14:00,434.9,0.3414,18.58,50.4,0
2023-03-21T15:00,403.4,0.3384,18.86,51.6,0
2023-03-21T16:00,380.6,0.3386,19.14,51.9,0
2023-03-21T17:00,226.1,0.333,18.33,50.4,0
2023-03-21T18:00,121.1,0.3395,17.53,57.1,0
2023-03-21T19:00,0,0.3343,15.99,59.5,0
2023-03-21T20:00,0,0.3354,14.17,59.3,0
2023-03-21T21:00,0,0.3325,12.33,64.9,0
2023-03-21T22:00,0,0.3344,10.19,64.3,0
2023-03-21T23:00,0,0.3312,8.65,75.8,0
2023-03-22T00:00,0,0.3339,5.93,83,0
2023-03-22T01:00,0,0.3317,5.23,81.6,0
2023-03-22T02:00,0,0.3319,4.79,83.4,0
2023-03-22T03:00,0,0.3328,4.38,84.7,0
2023-03-22T04:00,0,0.3334,4.79,82.3,0
2023-03-22T05:00,0,0.335,5.78,81.6,0
2023-03-22T06:00,0,0.3337,5.96,86.6,0
2023-03-22T07:00,0,0.3308,8.43,80,0
2023-03-22T08:00,85.3,0.333,10.33,71.9,0
2023-03-22T09:00,249.5,0.3312,12.49,65.3,0
2023-03-22T10:00,391.1,0.3296,15.04,59.1,0
2023-03-22T11:00,472.8,0.3265,16.59,58.2,0
2023-03-22T12:00,518.6,0.3232,17.34,56.6,0
2023-03-22T13:00,475,0.3226,18.29,54.5,0
2023-03-22T14:00,542.2,0.3191,19.21,51.2,0
2023-03-22T15:00,403.3,0.3186,18.29,57.1,0
2023-03-22T16:00,422.9,0.3184,18.18,50.1,0
2023-03-22T17:00,312.1,0.3152,17.94,50.5,0
2023-03-22T18:00,121.9,0.3137,17.04,56.2,0
2023-03-22T19:00,0.2,0.3126,15.91,57.7,0
2023-03-22T20:00,0,0.3134,14.64,63.7,0
2023-03-22T21:00,0,0.3126,12.83,68.6,0
2023-03-22T22:00,0,0.3131,10.72,74.3,0
2023-03-22T23:00,0,0.3121,8.97,71.5,0
2023-03-23T00:00,0,0.3126,7.95,76.9,0
2023-03-23T01:00,0,0.3273,4.96,100,1.14
2023-03-23T02:00,0,0.3322,5.87,98.6,0.11
2023-03-23T03:00,0,0.3294,8.75,80.2,0
2023-03-23T04:00,0,0.3312,8.08,71.2,0
2023-03-23T05:00,0,0.329,8.69,75.4,0
2023-03-23T06:00,0,0.3268,9.02,71.6,0
2023-03-23T07:00,0,0.329,9.38,75,0
2023-03-23T08:00,7,0.3311,11.29,68.9,0
2023-03-23T09:00,16.4,0.3286,12,70.2,0
2023-03-23T10:00,54.7,0.3262,13.62,59.5,0
2023-03-23T11:00,166.7,0.3264,15.51,60.8,0
2023-03-23T12:00,108.2,0.3234,15.75,61.1,0
2023-03-23T13:00,116.4,0.3254,15.77,62,0
2023-03-23T14:00,47.9,0.3239,16.39,62.3,0
2023-03-23T15:00,55.1,0.3355,14.88,78.2,0.67
2023-03-23T16:00,35.8,0.3366,16.51,59.4,0
2023-03-23T17:00,81.5,0.3341,16.71,57.1,0
2023-03-23T18:00,43.7,0.3353,16.53,54.7,0
2023-03-23T19:00,0.1,0.3304,14.67,61.4,0
2023-03-23T20:00,0,0.3306,13.08,63,0
2023-03-23T21:00,0,0.3288,12,67.5,0
2023-03-23T22:00,0,0.3318,11.52,73.2,0
2023-03-23T23:00,0,0.3297,10.26,73.4,0
2023-03-24T00:00,0,0.3341,7.56,90.5,0.36
2023-03-24T01:00,0,0.338,8.25,78.8,0
2023-03-24T02:00,0,0.3372,7.47,78.6,0
2023-03-24T03:00,0,0.3374,6.8,78.6,0
2023-03-24T04:00,0,0.3345,6.9,80.8,0
2023-03-24T05:00,0,0.4398,4.49,100,7.41
2023-03-24T06:00,0,0.4286,7.49,79.2,0
2023-03-24T07:00,0,0.4172,8.74,72.2,0
2023-03-24T08:00,65.4,0.4484,8.86,93.2,2.62
2023-03-24T09:00,124.6,0.4281,11.69,69.6,0
2023-03-24T10:00,206.5,0.4192,13.19,65.1,0
2023-03-24T11:00,202.9,0.4218,12.49,82.9,0.75
2023-03-24T12:00,255.8,0.4694,13.83,77.6,4.17
2023-03-24T13:00,306.6,0.4461,15.91,58.3,0
2023-03-24T14:00,175.6,0.4275,16.39,50.2,0
2023-03-24T15:00,108.5,0.4171,16.37,60.1,0
2023-03-24T16:00,165.2,0.4426,14.14,83,2.33
2023-03-24T17:00,160.2,0.4277,16.35,57,0
2023-03-24T18:00,68.9,0.4187,15.63,52.5,0
2023-03-24T19:00,0.5,0.4444,12.76,82.9,2.52
2023-03-24T20:00,0,0.4302,14.18,59.7,0
2023-03-24T21:00,0,0.4184,12.11,70.2,0
2023-03-24T22:00,0,0.4131,10.62,71.1,0
2023-03-24T23:00,0,0.4065,9.4,72.7,0
2023-03-25T00:00,0,0.4064,9.23,74.4,0
2023-03-25T01:00,0,0.4052,9.04,71.6,0
2023-03-25T02:00,0,0.3996,8.15,77.6,0
2023-03-25T03:00,0,0.3991,6.66,83.1,0
2023-03-25T04:00,0,0.3995,6.16,81.9,0
2023-03-25T05:00,0,0.4012,7.67,79.6,0
2023-03-25T06:00,0,0.398,9.7,72.1,0
2023-03-25T07:00,0,0.397,10.1,78.8,0
2023-03-25T08:00,72.5,0.3984,10.49,69.1,0
2023-03-25T09:00,148.8,0.3982,11.6,70,0
2023-03-25T10:00,185.3,0.3966,13.16,65.6,0
2023-03-25T11:00,332.4,0.3939,15.76,62.2,0
2023-03-25T12:00,333,0.3921,17.06,60.1,0
2023-03-25T13:00,380.2,0.3883,17.85,54.3,0
2023-03-25T14:00,317.7,0.3894,18.49,54.1,0
2023-03-25T15:00,140.3,0.387,17.12,60.5,0
2023-03-25T16:00,81,0.3835,16.75,65.8,0
2023-03-25T17:00,109.5,0.3859,17.16,47.3,0
2023-03-25T18:00,24.2,0.3845,15.21,56.4,0
2023-03-25T19:00,0.2,0.3862,13.78,63.8,0
2023-03-25T20:00,0,0.384,13.56,64.3,0
2023-03-25T21:00,0,0.3823,12.58,70.9,0
2023-03-25T22:00,0,0.3839,12.44,67.2,0
2023-03-25T23:00,0,0.3817,10.65,72.3,0
2023-03-26T00:00,0,0.384,8.18,77.9,0
2023-03-26T01:00,0,0.3841,6.19,78.4,0
2023-03-26T02:00,0,0.3815,5.69,85.4,0
2023-03-26T03:00,0,0.3834,4.92,87,0
2023-03-26T04:00,0,0.3814,4.92,81.6,0
2023-03-26T05:00,0,0.3781,6.52,79.7,0
2023-03-26T06:00,0,0.3813,8.14,76.3,0
2023-03-26T07:00,0,0.3799,9.53,78.5,0
2023-03-26T08:00,120.6,0.3763,11.03,72.9,0
2023-03-26T09:00,300,0.3778,12.87,67.8,0
2023-03-26T10:00,386.6,0.3749,15.04,60.9,0
2023-03-26T11:00,454.5,0.3727,17.23,58.8,0
2023-03-26T12:00,451.8,0.3723,17.35,56.5,0
2023-03-26T13:00,498.1,0.3671,18.38,57.3,0
2023-03-26T14:00,625.7,0.3644,20.45,48.9,0
2023-03-26T15:00,509.9,0.3618,20.19,52.8,0
2023-03-26T16:00,367.1,0.3606,19.64,50.3,0
2023-03-26T17:00,277.6,0.3592,19.38,47.6,0
2023-03-26T18:00,136.9,0.3593,18.66,51.8,0
2023-03-26T19:00,2.9,0.3597,15.89,62,0
2023-03-26T20:00,0,0.3593,14.42,61.6,0
2023-03-26T21:00,0,0.359,12.91,61.6,0
2023-03-26T22:00,0,0.3603,11.1,67.4,0
2023-03-26T23:00,0,0.3582,9.62,74.6,0
2023-03-27T00:00,0,0.3546,8.5,79.6,0
2023-03-27T01:00,0,0.3594,7.4,80.1,0
2023-03-27T02:00,0,0.3579,6.16,80.8,0
2023-03-27T03:00,0,0.3558,5.62,87.3,0
2023-03-27T04:00,0,0.3587,5.71,83.1,0
2023-03-27T05:00,0,0.3537,6.39,83.9,0
2023-03-27T06:00,0,0.357,6.05,78.3,0
2023-03-27T07:00,0.2,0.355,7.42,85.3,0
2023-03-27T08:00,130.9,0.3543,8.82,77.3,0
2023-03-27T09:00,273.2,0.3527,10.73,69.9,0
2023-03-27T10:00,315,0.3498,13.31,69.2,0
2023-03-27T11:00,372.6,0.3506,14.58,66.6,0
2023-03-27T12:00,369,0.3465,15.54,58.9,0
2023-03-27T13:00,384.4,0.3457,16.45,59,0
2023-03-27T14:00,381.2,0.3448,17.34,52.5,0
2023-03-27T15:00,298,0.3422,17.85,56.9,0
2023-03-27T16:00,218.8,0.3405,17.34,56.1,0
2023-03-27T17:00,109.4,0.3391,15.88,60.8,0
2023-03-27T18:00,57.7,0.3382,15.47,59.6,0
2023-03-27T19:00,3.2,0.3386,15.05,60.3,0
2023-03-27T20:00,0,0.3382,13.65,70.1,0
2023-03-27T21:00,0,0.3362,11,67.5,0
2023-03-27T22:00,0,0.3369,9.12,73.4,0
2023-03-27T23:00,0,0.3399,8.21,79.6,0
2023-03-28T00:00,0,0.3363,8.06,71.1,0
2023-03-28T01:00,0,0.3364,8.43,69,0
2023-03-28T02:00,0,0.335,8.08,76.8,0
2023-03-28T03:00,0,0.3373,7.36,82.6,0
2023-03-28T04:00,0,0.3363,7.67,82.4,0
2023-03-28T05:00,0,0.3373,8.39,81.8,0
2023-03-28T06:00,0,0.3371,8.46,81.1,0
2023-03-28T07:00,0.7,0.3337,9.51,76.1,0
2023-03-28T08:00,67.6,0.3374,12.02,67.9,0
2023-03-28T09:00,154.4,0.3327,13.77,63.5,0
2023-03-28T10:00,244.3,0.3324,14.88,59.5,0
2023-03-28T11:00,257.8,0.3297,15.7,59.8,0
2023-03-28T12:00,228,0.3299,16.28,60.5,0
2023-03-28T13:00,340.4,0.3276,16.8,61.1,0
2023-03-28T14:00,233.6,0.3255,18.24,54.5,0
2023-03-28T15:00,275.2,0.3258,17.81,62.6,0
2023-03-28T16:00,199.6,0.324,17.33,61.2,0
2023-03-28T17:00,181.7,0.3239,17.45,53.9,0
2023-03-28T18:00,125.7,0.3199,17.72,54.1,0
2023-03-28T19:00,6.2,0.3203,16.03,59.9,0
2023-03-28T20:00,0,0.3233,13.17,63.7,0
2023-03-28T21:00,0,0.3215,11.95,61.6,0
2023-03-28T22:00,0,0.3225,10.3,76,0
2023-03-28T23:00,0,0.3229,8.26,77.9,0
2023-03-29T00:00,0,0.3205,6.4,81.5,0
2023-03-29T01:00,0,0.3209,6.46,82.4,0
2023-03-29T02:00,0,0.322,5.33,83.5,0
2023-03-29T03:00,0,0.3198,5.59,81.5,0
2023-03-29T04:00,0,0.3189,5.92,84.4,0
2023-03-29T05:00,0,0.3212,6.77,86,0
2023-03-29T06:00,0,0.3196,7.23,81.5,0
2023-03-29T07:00,1.9,0.3197,8.39,75.5,0
2023-03-29T08:00,128.9,0.3179,8.76,73.1,0
2023-03-29T09:00,246.3,0.3139,10.91,74.6,0
2023-03-29T10:00,361.5,0.3176,12.64,64.3,0
2023-03-29T11:00,504.6,0.3128,14.71,69.5,0
2023-03-29T12:00,529.8,0.3128,17.41,56.3,0
2023-03-29T13:00,570.6,0.3073,18.95,56.7,0
2023-03-29T14:00,574.3,0.3051,18.95,52.7,0
2023-03-29T15:00,577.5,0.3036,19.05,53.7,0
2023-03-29T16:00,410.8,0.3007,18.13,57.1,0
2023-03-29T17:00,273.1,0.3002,17.77,57.9,0
2023-03-29T18:00,156.8,0.2992,16.13,62.2,0
2023-03-29T19:00,8.1,0.2988,14.16,66.4,0
2023-03-29T20:00,0,0.3009,12.71,65.7,0
2023-03-29T21:00,0,0.2985,10.96,74.1,0
2023-03-29T22:00,0,0.297,10.36,73.5,0
2023-03-29T23:00,0,0.2988,8.3,77.2,0
2023-03-30T00:00,0,0.2973,6.4,80,0
2023-03-30T01:00,0,0.2975,7.14,80.9,0
2023-03-30T02:00,0,0.2974,6.34,86.7,0
2023-03-30T03:00,0,0.2957,7.15,76.9,0
2023-03-30T04:00,0,0.2973,7.9,79,0
2023-03-30T05:00,0,0.2935,8.55,80.9,0
2023-03-30T06:00,0,0.2944,10.09,76.8,0
2023-03-30T07:00,1.1,0.2956,11.2,72.9,0
2023-03-30T08:00,82.2,0.295,12.3,71.8,0
2023-03-30T09:00,74.6,0.2934,13.91,70.1,0
2023-03-30T10:00,160.5,0.2907,16.07,63.6,0
2023-03-30T11:00,273.4,0.2917,18.09,60.5,0
2023-03-30T12:00,374.6,0.2915,20.17,56.2,0
2023-03-30T13:00,364,0.2885,20.35,51,0
2023-03-30T14:00,485.3,0.285,21.86,50.1,0
2023-03-30T15:00,424.9,0.286,21.07,51.2,0
2023-03-30T16:00,235.1,0.2868,19.97,52.3,0
2023-03-30T17:00,170.5,0.2831,19.1,49.5,0
2023-03-30T18:00,73.5,0.2825,18.2,53.8,0
2023-03-30T19:00,7.1,0.283,17.58,55.5,0
2023-03-30T20:00,0,0.2826,16.39,60.7,0
2023-03-30T21:00,0,0.2827,14.37,61.9,0
2023-03-30T22:00,0,0.2821,13.26,66.8,0
2023-03-30T23:00,0,0.2796,11.07,71.8,0
2023-03-31T00:00,0,0.2817,10.01,73,0
2023-03-31T01:00,0,0.2795,8.57,78.5,0
2023-03-31T02:00,0,0.2787,8.13,71.2,0
2023-03-31T03:00,0,0.2788,8.09,82.8,0
2023-03-31T04:00,0,0.2792,8.18,79.1,0
2023-03-31T05:00,0,0.2798,8.52,75,0
2023-03-31T06:00,0,0.2821,9.31,78.5,0
2023-03-31T07:00,3,0.2803,9.94,79.6,0
2023-03-31T08:00,53.2,0.2788,11.77,71.4,0
2023-03-31T09:00,122,0.277,12.96,70.3,0
2023-03-31T10:00,210.7,0.2755,14.37,63.7,0
2023-03-31T11:00,322.7,0.2753,15.81,60.4,0
2023-03-31T12:00,344,0.2745,16.5,64.6,0
2023-03-31T13:00,470.2,0.2726,17.08,55.1,0
2023-03-31T14:00,464,0.2709,17.85,59.5,0
2023-03-31T15:00,420,0.2683,17.56,56.5,0
2023-03-31T16:00,265.1,0.2663,16.36,58.6,0
2023-03-31T17:00,177.8,0.2686,15.7,58.9,0
2023-03-31T18:00,86,0.2666,13.43,66.9,0
2023-03-31T19:00,7.7,0.2649,13.6,63.4,0
2023-03-31T20:00,0,0.2661,12.98,65.7,0
2023-03-31T21:00,0,0.2652,11.92,69.5,0
2023-03-31T22:00,0,0.2655,10.87,72.2,0
2023-03-31T23:00,0,0.2644,9.38,79.9,0
2023-04-01T00:00,0,0.2651,8.62,74.5,0
2023-04-01T01:00,0,0.2624,8.04,80,0
2023-04-01T02:00,0,0.2629,8.61,77.6,0
2023-04-01T03:00,0,0.2656,7.31,84.1,0
2023-04-01T04:00,0,0.2642,7.03,78.8,0
2023-04-01T05:00,0,0.2625,7.9,79,0
2023-04-01T06:00,0,0.265,9.46,79.7,0
2023-04-01T07:00,4.5,0.2686,8.05,99.9,0.49
2023-04-01T08:00,68.1,0.3071,10.49,83.8,2.67
2023-04-01T09:00,85,0.307,13.68,67.9,0
2023-04-01T10:00,83,0.3063,14.9,65.2,0
2023-04-01T11:00,77.4,0.3043,15.21,64.4,0
2023-04-01T12:00,336.5,0.3023,17.14,63.6,0
2023-04-01T13:00,241.5,0.302,18.03,59.5,0
2023-04-01T14:00,248.5,0.3011,18.36,64.4,0
2023-04-01T15:00,138.4,0.2994,18.19,57.9,0
2023-04-01T16:00,145.9,0.341,16.9,75.3,2.97
2023-04-01T17:00,70,0.34,18.05,57.2,0
2023-04-01T18:00,48.4,0.3407,17.7,65.3,0
2023-04-01T19:00,1,0.3674,14.42,87.5,1.85
2023-04-01T20:00,0,0.4135,12.52,89.5,3.34
2023-04-01T21:00,0,0.4081,13.8,69.2,0
2023-04-01T22:00,0,0.4065,11.74,64.8,0
2023-04-01T23:00,0,0.4626,8.91,95.7,4.26
2023-04-02T00:00,0,0.4416,9.17,76.4,0
2023-04-02T01:00,0,0.4263,8.62,80.9,0
2023-04-02T02:00,0,0.419,6.18,99.3,0.16
2023-04-02T03:00,0,0.413,8.11,77.4,0
2023-04-02T04:00,0,0.4097,8.16,82.5,0
2023-04-02T05:00,0,0.4068,8.16,74.3,0
2023-04-02T06:00,0,0.4029,6.76,100,0.22
2023-04-02T07:00,0.8,0.4029,9.96,76,0
2023-04-02T08:00,10.1,0.4036,11.56,73.8,0
2023-04-02T09:00,19.4,0.3989,12.92,66.9,0
2023-04-02T10:00,27.5,0.4019,13.86,66.2,0
2023-04-02T11:00,57.6,0.4002,14.92,61.1,0
2023-04-02T12:00,198.2,0.3983,16.86,54.4,0
2023-04-02T13:00,211,0.3965,18.4,55.4,0
2023-04-02T14:00,262.9,0.4153,16.54,86.1,1.52
2023-04-02T15:00,264,0.4092,17.37,73,0.02
2023-04-02T16:00,219,0.4036,19.01,60.5,0
2023-04-02T17:00,191.2,0.4015,18.57,57.3,0
2023-04-02T18:00,88.9,0.435,15.19,83.7,2.4
2023-04-02T19:00,7.9,0.4229,16.34,57.4,0
2023-04-02T20:00,0,0.4158,14.93,62.4,0
2023-04-02T21:00,0,0.409,12.65,69.9,0
2023-04-02T22:00,0,0.4043,11.64,72.9,0
2023-04-02T23:00,0,0.4218,7.99,93.6,1.18
2023-04-03T00:00,0,0.4139,9,78.7,0
2023-04-03T01:00,0,0.4097,7.63,78.8,0
2023-04-03T02:00,0,0.4043,7.4,85,0
2023-04-03T03:00,0,0.4007,7.29,83.3,0
2023-04-03T04:00,0,0.4005,7.87,81.1,0
2023-04-03T05:00,0,0.4004,7.07,86.6,0
2023-04-03T06:00,0,0.3998,8.75,76.4,0
2023-04-03T07:00,3.1,0.4013,8.8,78.2,0
2023-04-03T08:00,16,0.3979,10.54,72.9,0
2023-04-03T09:00,46.8,0.3974,11.67,75,0
2023-04-03T10:00,27.8,0.3996,12.45,70.1,0
2023-04-03T11:00,34.1,0.4287,11.6,89.6,2.06
2023-04-03T12:00,38,0.4187,13.1,87.4,0.13
2023-04-03T13:00,39.4,0.4122,16.13,59.8,0
2023-04-03T14:00,141.6,0.4038,17.83,59.8,0
2023-04-03T15:00,124,0.4018,17.48,60.1,0
2023-04-03T16:00,52.3,0.4136,15.3,82.4,0.9
2023-04-03T17:00,49,0.4059,17.09,58.1,0
2023-04-03T18:00,41.7,0.4049,16.81,60.8,0
2023-04-03T19:00,6,0.4005,15.98,62.7,0
2023-04-03T20:00,0,0.4026,13.93,70.8,0
2023-04-03T21:00,0,0.3971,12.9,75.1,0
2023-04-03T22:00,0,0.409,9.92,90,0.52
2023-04-03T23:00,0,0.4126,8.19,100,0.66
2023-04-04T00:00,0,0.407,7.94,81.1,0
2023-04-04T01:00,0,0.4049,8.47,76.1,0
2023-04-04T02:00,0,0.403,7.47,89.7,0
2023-04-04T03:00,0,0.4015,7.07,84.4,0
2023-04-04T04:00,0,0.4002,7.75,89.5,0
2023-04-04T05:00,0,0.4002,8.11,75.9,0
2023-04-04T06:00,0,0.3968,8.19,79.7,0
2023-04-04T07:00,11.8,0.401,10.05,77.8,0
2023-04-04T08:00,99.6,0.397,11.42,74.7,0
2023-04-04T09:00,206.4,0.3945,13.13,66.8,0
2023-04-04T10:00,318,0.3926,14.16,65.1,0
2023-04-04T11:00,428.1,0.3927,15.96,64,0
2023-04-04T12:00,410,0.3896,17.78,54.9,0
2023-04-04T13:00,394,0.3889,18.43,56.8,0
2023-04-04T14:00,503.8,0.3823,19.32,55.9,0
2023-04-04T15:00,473.3,0.3796,20.6,54.4,0
2023-04-04T16:00,349.2,0.384,19.71,57.3,0
2023-04-04T17:00,206.8,0.3785,18.14,64.2,0
2023-04-04T18:00,86.1,0.3786,16.93,58.1,0
2023-04-04T19:00,13.1,0.3771,15.64,61.3,0
2023-04-04T20:00,0,0.3737,14.25,67.5,0
2023-04-04T21:00,0,0.3754,13.06,69.5,0
2023-04-04T22:00,0,0.3747,10.99,72.8,0
2023-04-04T23:00,0,0.3772,9.42,75.6,0
2023-04-05T00:00,0,0.3752,7.78,85.4,0
2023-04-05T01:00,0,0.3736,6.6,86.1,0
2023-04-05T02:00,0,0.3748,7.58,76,0
2023-04-05T03:00,0,0.372,7.3,80.3,0
2023-04-05T04:00,0,0.3729,7.72,84.9,0
2023-04-05T05:00,0,0.3731,8.62,80.8,0
2023-04-05T06:00,0,0.3758,9.13,75.3,0
2023-04-05T07:00,11.6,0.3737,10.94,74.8,0
2023-04-05T08:00,105.7,0.3704,12.41,70.7,0
2023-04-05T09:00,149.9,0.3712,14.1,68.6,0
2023-04-05T10:00,196.6,0.3683,15.41,62.5,0
2023-04-05T11:00,263.8,0.3683,16.33,66.5,0
2023-04-05T12:00,391.7,0.3641,17.33,56.9,0
2023-04-05T13:00,419.2,0.3629,18.93,58.4,0
2023-04-05T14:00,429,0.362,20.18,52.3,0
2023-04-05T15:00,383,0.3579,19.62,56.6,0
2023-04-05T16:00,280.2,0.3587,18.26,65.5,0
2023-04-05T17:00,278.2,0.3527,18.11,56.8,0
2023-04-05T18:00,175,0.3533,17.66,56.5,0
2023-04-05T19:00,27,0.3541,16.45,64,0
2023-04-05T20:00,0,0.3526,14.22,64.9,0
2023-04-05T21:00,0,0.352,13.02,60,0
2023-04-05T22:00,0,0.3496,11.7,73.5,0
2023-04-05T23:00,0,0.3508,11.36,75,0
2023-04-06T00:00,0,0.3504,10.15,74.1,0
2023-04-06T01:00,0,0.3476,8.71,81.5,0
2023-04-06T02:00,0,0.3486,7.42,85.6,0
2023-04-06T03:00,0,0.35,7.46,80.2,0
2023-04-06T04:00,0,0.3504,8.29,78.5,0
2023-04-06T05:00,0,0.3526,9.31,74,0
2023-04-06T06:00,0,0.3504,9.81,76.2,0
2023-04-06T07:00,7.5,0.3482,10.14,77.1,0
2023-04-06T08:00,48.3,0.3463,11.73,73.2,0
2023-04-06T09:00,38.4,0.3473,12.95,70.7,0
2023-04-06T10:00,64.2,0.3456,14.16,67.2,0
2023-04-06T11:00,142.9,0.3455,14.66,71.5,0
2023-04-06T12:00,162.6,0.3436,16.65,62.4,0
2023-04-06T13:00,166.9,0.3431,17.67,60.4,0
2023-04-06T14:00,166.9,0.3448,18.87,60.3,0
2023-04-06T15:00,34.9,0.344,19.25,57.1,0
2023-04-06T16:00,28.6,0.3373,18.34,58,0
2023-04-06T17:00,20.6,0.3426,18.45,60.5,0
2023-04-06T18:00,23.4,0.3398,18.5,56.3,0
2023-04-06T19:00,12.5,0.3383,17.27,58.1,0
2023-04-06T20:00,0,0.3403,16.34,65.3,0
2023-04-06T21:00,0,0.3393,15.1,64.3,0
2023-04-06T22:00,0,0.3403,13.03,71.6,0
2023-04-06T23:00,0,0.3356,11.44,70.3,0
2023-04-07T00:00,0,0.3362,11.17,74.2,0
2023-04-07T01:00,0,0.3382,10.02,79.3,0
2023-04-07T02:00,0,0.3372,9.72,79.3,0
2023-04-07T03:00,0,0.336,8.98,84.3,0
2023-04-07T04:00,0,0.3339,8.47,81.6,0
2023-04-07T05:00,0,0.3355,8.65,75.9,0
2023-04-07T06:00,0,0.3326,9.75,77,0
2023-04-07T07:00,2.2,0.3334,10.81,78.9,0
2023-04-07T08:00,13.3,0.3307,11.29,69.9,0
2023-04-07T09:00,40.7,0.3343,12.55,70.9,0
2023-04-07T10:00,98.3,0.3336,13.35,74,0
2023-04-07T11:00,142.8,0.3313,14.67,65.5,0
2023-04-07T12:00,206.3,0.3286,16.29,64.7,0
2023-04-07T13:00,176.8,0.3276,16.4,67.1,0
2023-04-07T14:00,246.9,0.3285,17.92,58.8,0
2023-04-07T15:00,309.2,0.3261,17.62,59.3,0
2023-04-07T16:00,308.5,0.3247,17.77,67.3,0
2023-04-07T17:00,230.1,0.327,17.59,70.8,0
2023-04-07T18:00,100.3,0.3208,16.32,65,0
2023-04-07T19:00,12.8,0.3234,15.26,76.8,0
2023-04-07T20:00,0,0.3227,14.74,62.8,0
2023-04-07T21:00,0,0.3194,13.25,69,0
2023-04-07T22:00,0,0.3231,12.97,72.5,0
2023-04-07T23:00,0,0.3236,12.4,72.8,0
2023-04-08T00:00,0,0.3188,10.11,77.8,0
2023-04-08T01:00,0,0.3162,9.39,84.3,0
2023-04-08T02:00,0,0.3188,9.33,73.2,0
2023-04-08T03:00,0,0.3227,9.06,79.1,0
2023-04-08T04:00,0,0.3193,9.69,79.4,0
2023-04-08T05:00,0,0.3645,8.05,93.7,3.33
2023-04-08T06:00,0,0.3665,9.35,76.1,0
2023-04-08T07:00,22.4,0.3665,11.23,76.5,0
2023-04-08T08:00,50.7,0.4209,10.57,96.9,3.87
2023-04-08T09:00,55.9,0.4139,13.89,66.6,0
2023-04-08T10:00,95,0.4054,14.23,64.4,0
2023-04-08T11:00,124.9,0.402,15.27,61,0
2023-04-08T12:00,241.4,0.4012,16.61,64.6,0
2023-04-08T13:00,268.5,0.3987,18.74,60,0
2023-04-08T14:00,193.1,0.3995,19.17,57.8,0
2023-04-08T15:00,181.5,0.3971,18.93,57.7,0
2023-04-08T16:00,173.6,0.3953,19.37,58.9,0
2023-04-08T17:00,75,0.4617,15.68,83.8,4.64
2023-04-08T18:00,52.8,0.4465,14.68,86.6,0.69
2023-04-08T19:00,9.5,0.4322,15.8,63,0
2023-04-08T20:00,0,0.4197,14.28,69.5,0
2023-04-08T21:00,0,0.4123,13.41,74,0
2023-04-08T22:00,0,0.4794,10.73,95.7,4.88
2023-04-08T23:00,0,0.4819,9.33,100,5.36
2023-04-09T00:00,0,0.4528,8.99,88.8,0
2023-04-09T01:00,0,0.4333,8.6,81,0
2023-04-09T02:00,0,0.4205,7.68,82.3,0
2023-04-09T03:00,0,0.4162,7.77,85.5,0
2023-04-09T04:00,0,0.4078,7.28,81.1,0
2023-04-09T05:00,0,0.4042,7.21,82.4,0
2023-04-09T06:00,0,0.4018,9.18,80.1,0
2023-04-09T07:00,35.9,0.4033,11.55,76.7,0
2023-04-09T08:00,151.8,0.3993,12.44,65.8,0
2023-04-09T09:00,305.5,0.3986,14.12,71.3,0
2023-04-09T10:00,341.6,0.3968,16.37,64.7,0
2023-04-09T11:00,483.3,0.3919,18.36,56.1,0
2023-04-09T12:00,612.4,0.3879,18.98,60.6,0
2023-04-09T13:00,612.7,0.3857,20.29,55.2,0
2023-04-09T14:00,616,0.3805,21.6,55.2,0
2023-04-09T15:00,587.6,0.3777,22.96,52.6,0
2023-04-09T16:00,572.1,0.3744,23.53,51.7,0
2023-04-09T17:00,385.1,0.3722,22.62,52.2,0
2023-04-09T18:00,171.7,0.3706,19.64,57.2,0
2023-04-09T19:00,33.3,0.3724,18.04,68.7,0
2023-04-09T20:00,0,0.3681,16.28,66.5,0
2023-04-09T21:00,0,0.3672,13.95,73.4,0
2023-04-09T22:00,0,0.368,11.09,74.5,0
2023-04-09T23:00,0,0.3693,9.38,84.6,0
2023-04-10T00:00,0,0.3678,8.53,83.8,0
2023-04-10T01:00,0,0.3686,6.89,81.6,0
2023-04-10T02:00,0,0.3683,6.31,81.7,0
2023-04-10T03:00,0,0.3657,5.97,88.8,0
2023-04-10T04:00,0,0.367,7.02,79.9,0
2023-04-10T05:00,0,0.3659,8.31,82.3,0
2023-04-10T06:00,0,0.3654,8.6,82.9,0
2023-04-10T07:00,32.7,0.3656,10.28,82.4,0
2023-04-10T08:00,166.8,0.3641,11.89,76.3,0
2023-04-10T09:00,280.1,0.3613,13.65,75.6,0
2023-04-10T10:00,341.6,0.359,15.39,64.4,0
2023-04-10T11:00,351.4,0.358,15.9,66.5,0
2023-04-10T12:00,552.8,0.3551,16.99,63.1,0
2023-04-10T13:00,665.6,0.3496,18.91,60.7,0
2023-04-10T14:00,638.4,0.3474,20.39,58.9,0
2023-04-10T15:00,532,0.3453,19.97,53.4,0
2023-04-10T16:00,423.4,0.3446,19.36,54.5,0
2023-04-10T17:00,337.9,0.3389,19.27,60.6,0
2023-04-10T18:00,224.3,0.3391,18.19,58,0
2023-04-10T19:00,37.4,0.3378,17.21,62.4,0
2023-04-10T20:00,0,0.34,15.21,61.1,0
2023-04-10T21:00,0,0.338,13.46,72.6,0
2023-04-10T22:00,0,0.3375,11.7,67.6,0
2023-04-10T23:00,0,0.3364,9.16,85.8,0
2023-04-11T00:00,0,0.3352,8.27,77.8,0
2023-04-11T01:00,0,0.3371,6.97,85.6,0
2023-04-11T02:00,0,0.3347,5.95,85,0
2023-04-11T03:00,0,0.3359,4.71,91,0
2023-04-11T04:00,0,0.3357,4.95,87.6,0
2023-04-11T05:00,0,0.3341,6.67,86.9,0
2023-04-11T06:00,0,0.3343,8.06,89.6,0
2023-04-11T07:00,58.1,0.3344,9.84,78.5,0
2023-04-11T08:00,245.6,0.3292,12.41,70.9,0
2023-04-11T09:00,411.9,0.3303,14.27,69.1,0
2023-04-11T10:00,549.3,0.3269,16,64.9,0
2023-04-11T11:00,689.5,0.3229,17.34,64.6,0
2023-04-11T12:00,798,0.3206,19.42,55.1,0
2023-04-11T13:00,734.6,0.3139,20.12,62,0
2023-04-11T14:00,699.7,0.3144,20.65,56.3,0
2023-04-11T15:00,670.4,0.308,21.56,56.1,0
2023-04-11T16:00,592.4,0.307,22.38,49.8,0
2023-04-11T17:00,367.1,0.3042,20.9,55,0
2023-04-11T18:00,216.6,0.3027,20.35,54.7,0
2023-04-11T19:00,49.1,0.2999,18.31,58.8,0
2023-04-11T20:00,0,0.3027,16.69,65.1,0
2023-04-11T21:00,0,0.3018,15.7,71.3,0
2023-04-11T22:00,0,0.3005,13.59,74,0
2023-04-11T23:00,0,0.3008,11.79,64.1,0
2023-04-12T00:00,0,0.302,10.18,79.1,0
2023-04-12T01:00,0,0.3021,9.01,81.3,0
2023-04-12T02:00,0,0.3008,8,83.6,0
2023-04-12T03:00,0,0.2988,8.33,82.3,0
2023-04-12T04:00,0,0.3002,7.24,79.7,0
2023-04-12T05:00,0,0.2985,7.57,86.2,0
2023-04-12T06:00,0,0.3007,8.85,84.9,0
2023-04-12T07:00,66.6,0.2986,9.87,80.9,0
2023-04-12T08:00,259.6,0.2976,10.54,79.7,0
2023-04-12T09:00,432.1,0.2924,12.98,72.7,0
2023-04-12T10:00,562,0.2909,16.1,67.4,0
2023-04-12T11:00,697.5,0.2907,18.34,62.2,0
2023-04-12T12:00,803.6,0.2853,19.66,55.7,0
2023-04-12T13:00,728.3,0.2803,20.25,53.9,0
2023-04-12T14:00,706.5,0.2798,20.47,57.5,0
2023-04-12T15:00,609.2,0.277,21.88,56.1,0
2023-04-12T16:00,596.2,0.2736,22.88,52,0
2023-04-12T17:00,434.5,0.2704,21.8,53.8,0
2023-04-12T18:00,247.9,0.2678,20.45,53.6,0
2023-04-12T19:00,55.7,0.2649,18.77,63.7,0
2023-04-12T20:00,0,0.2664,15.99,67.5,0
2023-04-12T21:00,0,0.2676,14.35,71.2,0
2023-04-12T22:00,0,0.2663,12.38,73.8,0
2023-04-12T23:00,0,0.2645,10.69,76.5,0
2023-04-13T00:00,0,0.2679,8.77,86.4,0
2023-04-13T01:00,0,0.2653,7.35,85.2,0
2023-04-13T02:00,0,0.2645,6.7,93,0
2023-04-13T03:00,0,0.264,6.55,82.3,0
2023-04-13T04:00,0,0.2647,7.21,82.8,0
2023-04-13T05:00,0,0.2655,7.57,79.9,0
2023-04-13T06:00,0,0.2641,8.77,77.5,0
2023-04-13T07:00,71.9,0.2661,10.58,79.5,0
2023-04-13T08:00,265.1,0.2612,12.15,77.2,0
2023-04-13T09:00,450.4,0.262,13.62,73.9,0
2023-04-13T10:00,610,0.2578,16.88,66.1,0
2023-04-13T11:00,732,0.2537,19.25,60.4,0
2023-04-13T12:00,808,0.2516,20.71,53.3,0
2023-04-13T13:00,832.7,0.2494,21.02,59.6,0
2023-04-13T14:00,804.4,0.2453,21.54,51.1,0
2023-04-13T15:00,711.8,0.2417,21,60,0
2023-04-13T16:00,600,0.2409,21.24,56.6,0
2023-04-13T17:00,438.2,0.2395,20.62,52.2,0
2023-04-13T18:00,251.7,0.2388,19.49,53.4,0
2023-04-13T19:00,59.3,0.2372,18.83,63.5,0
2023-04-13T20:00,0,0.2364,17.11,62.7,0
2023-04-13T21:00,0,0.2346,15.27,70.2,0
2023-04-13T22:00,0,0.2364,13.19,74.7,0
2023-04-13T23:00,0,0.2337,10.82,82.4,0
2023-04-14T00:00,0,0.236,9.43,81.5,0
2023-04-14T01:00,0,0.2366,9.34,85.6,0
2023-04-14T02:00,0,0.2345,9.27,78.6,0
2023-04-14T03:00,0,0.2388,9.24,84.7,0
2023-04-14T04:00,0,0.2343,8.07,79.9,0
2023-04-14T05:00,0,0.2344,8.63,88.9,0
2023-04-14T06:00,0,0.2328,9.81,79.4,0
2023-04-14T07:00,51.2,0.2312,11.15,76,0
2023-04-14T08:00,180.7,0.2306,13.07,78.6,0
2023-04-14T09:00,310.5,0.23,14.6,67.7,0
2023-04-14T10:00,496.6,0.2291,16.46,67,0
2023-04-14T11:00,575.9,0.2277,18.17,57.6,0
2023-04-14T12:00,554.2,0.2246,19.07,60.1,0
2023-04-14T13:00,623.5,0.224,20.09,55.5,0
2023-04-14T14:00,464.3,0.2215,20.14,54.8,0
2023-04-14T15:00,460.4,0.2181,20.55,57.1,0
2023-04-14T16:00,398.3,0.2189,20.69,53.9,0
2023-04-14T17:00,341.7,0.2159,20.91,53.4,0
2023-04-14T18:00,173.3,0.2154,20.28,59.9,0
2023-04-14T19:00,60.4,0.2154,19.18,54,0
2023-04-14T20:00,0,0.2142,17.61,66.8,0
2023-04-14T21:00,0,0.2139,14.69,66.4,0
2023-04-14T22:00,0,0.2153,13.02,71.2,0
2023-04-14T23:00,0,0.2132,11.83,73.6,0
2023-04-15T00:00,0,0.2124,10.37,75,0
2023-04-15T01:00,0,0.2111,8.85,88.2,0
2023-04-15T02:00,0,0.2133,8.05,81.2,0
2023-04-15T03:00,0,0.2113,8,86.6,0
2023-04-15T04:00,0,0.212,8.82,87.2,0
2023-04-15T05:00,0,0.2108,9.1,87.8,0
2023-04-15T06:00,0,0.2117,10.67,74.1,0
2023-04-15T07:00,55.5,0.2129,11.23,79.4,0
2023-04-15T08:00,173.4,0.2111,13.84,72.3,0
2023-04-15T09:00,352.4,0.207,15.22,65.9,0
2023-04-15T10:00,361.5,0.2063,16.96,66.2,0
2023-04-15T11:00,478.7,0.2075,18.42,63.2,0
2023-04-15T12:00,584.7,0.2029,20.08,62.4,0
2023-04-15T13:00,522.5,0.2031,20.66,61.5,0
2023-04-15T14:00,538.7,0.1993,21.98,53.5,0
2023-04-15T15:00,543,0.1992,22.84,49.8,0
2023-04-15T16:00,479,0.1974,23.29,50.9,0
2023-04-15T17:00,254.6,0.1961,21.82,52.5,0
2023-04-15T18:00,160.6,0.1948,20.77,55.7,0
2023-04-15T19:00,38.7,0.194,18.39,64.9,0
2023-04-15T20:00,0,0.1941,16.4,64.5,0
2023-04-15T21:00,0,0.1929,15.23,67.3,0
2023-04-15T22:00,0,0.1929,13.11,69.3,0
2023-04-15T23:00,0,0.1915,11.61,78.8,0
2023-04-16T00:00,0,0.1915,10.44,81.4,0
2023-04-16T01:00,0,0.1889,8.97,80.9,0
2023-04-16T02:00,0,0.1923,9.22,83.6,0
2023-04-16T03:00,0,0.1886,9.31,76,0
2023-04-16T04:00,0,0.1936,9.83,79.5,0
2023-04-16T05:00,0,0.19,10.45,80.6,0
2023-04-16T06:00,0,0.1894,12.02,79.3,0
2023-04-16T07:00,33.7,0.1901,13.59,72.2,0
2023-04-16T08:00,102.8,0.1907,15.56,70.1,0
2023-04-16T09:00,223.8,0.1907,16.45,65,0
2023-04-16T10:00,372.8,0.1876,18.23,59.4,0
2023-04-16T11:00,454.8,0.1841,20.66,57.2,0
2023-04-16T12:00,514.9,0.1857,21.58,54.5,0
2023-04-16T13:00,602.4,0.1826,22.89,50.4,0
2023-04-16T14:00,493.2,0.1818,23.05,55,0
2023-04-16T15:00,426.5,0.1774,23.41,51.4,0
2023-04-16T16:00,291.6,0.1791,23.27,54.3,0
2023-04-16T17:00,165.1,0.1782,21.41,48.1,0
2023-04-16T18:00,133.7,0.1768,20.77,60,0
2023-04-16T19:00,34.7,0.1773,19.3,65.8,0
2023-04-16T20:00,0,0.1752,18.31,58.8,0
2023-04-16T21:00,0,0.1764,16.52,65.3,0
2023-04-16T22:00,0,0.1769,14.9,70.7,0
2023-04-16T23:00,0,0.1761,12.88,73.2,0
2023-04-17T00:00,0,0.1766,10.46,75.9,0
2023-04-17T01:00,0,0.1758,9.44,81.9,0
2023-04-17T02:00,0,0.1761,8.69,85.8,0
2023-04-17T03:00,0,0.1772,8.8,81.6,0
2023-04-17T04:00,0,0.1739,7.61,79.8,0
2023-04-17T05:00,0,0.1747,8.33,82.9,0
2023-04-17T06:00,0,0.1738,9.37,81.1,0
2023-04-17T07:00,85.1,0.1726,11.38,77.2,0
2023-04-17T08:00,253.3,0.1728,12.68,80,0
2023-04-17T09:00,362.8,0.1715,14.6,68,0
2023-04-17T10:00,484.6,0.169,16.16,70,0
2023-04-17T11:00,610.6,0.1676,17.95,65.4,0
2023-04-17T12:00,589.7,0.1646,19.64,58.1,0
2023-04-17T13:00,773,0.1624,20.98,54,0
2023-04-17T14:00,819.6,0.1613,21.59,45.7,0
2023-04-17T15:00,714.9,0.16,22.16,59,0
2023-04-17T16:00,429.8,0.1566,20.69,55.9,0
2023-04-17T17:00,323.4,0.1586,19.93,57.9,0
2023-04-17T18:00,190.3,0.1549,18.74,65,0
2023-04-17T19:00,49,0.1536,17.25,58,0
2023-04-17T20:00,0,0.154,15.67,69.4,0
2023-04-17T21:00,0,0.156,13.85,69.2,0
2023-04-17T22:00,0,0.156,11.69,79.6,0
2023-04-17T23:00,0,0.1557,10.04,78.5,0
2023-04-18T00:00,0,0.1527,9.86,80.3,0
2023-04-18T01:00,0,0.1573,8.22,84.4,0
2023-04-18T02:00,0,0.154,7.91,87.6,0
2023-04-18T03:00,0,0.1536,7.65,83.6,0
2023-04-18T04:00,0,0.1561,7.22,88.4,0
2023-04-18T05:00,0,0.1527,8.88,84.8,0
2023-04-18T06:00,0,0.1534,9.44,84.3,0
2023-04-18T07:00,65.5,0.1566,11.09,76.4,0
2023-04-18T08:00,230.1,0.1533,13.26,72.2,0
2023-04-18T09:00,321.3,0.1499,14.34,74.5,0
2023-04-18T10:00,477,0.152,16.21,65.3,0
2023-04-18T11:00,463.4,0.1488,16.94,64.5,0
2023-04-18T12:00,573.7,0.1464,19.42,58.6,0
2023-04-18T13:00,569.4,0.1452,20.53,60.7,0
2023-04-18T14:00,555.5,0.1424,20.9,57.3,0
2023-04-18T15:00,659.5,0.1436,21.89,53.4,0
2023-04-18T16:00,511.4,0.1389,21.45,59.1,0
2023-04-18T17:00,376.1,0.1387,20.8,55.2,0
2023-04-18T18:00,216.6,0.1372,19.89,61.8,0
2023-04-18T19:00,54.1,0.1414,17.98,61.8,0
2023-04-18T20:00,0,0.1418,16.72,67.5,0
2023-04-18T21:00,0,0.1409,14.53,66.5,0
2023-04-18T22:00,0,0.1403,12.09,77.3,0
2023-04-18T23:00,0,0.1388,10.53,77.6,0
2023-04-19T00:00,0,0.139,9.21,82.9,0
2023-04-19T01:00,0,0.139,7.99,87.7,0
2023-04-19T02:00,0,0.1381,7.37,87.7,0
2023-04-19T03:00,0,0.1378,7.63,85.7,0
2023-04-19T04:00,0,0.1361,8.98,87,0
2023-04-19T05:00,0,0.139,10.31,83.9,0
2023-04-19T06:00,0,0.1386,10.24,79.8,0
2023-04-19T07:00,71.3,0.1347,12.36,76.9,0
2023-04-19T08:00,248.2,0.1351,14.42,69.2,0
2023-04-19T09:00,367.8,0.1313,15.67,69.4,0
2023-04-19T10:00,638.6,0.1341,17.79,63.5,0
2023-04-19T11:00,758.9,0.1301,19.45,64.9,0
2023-04-19T12:00,743.4,0.1312,20.52,59.1,0
2023-04-19T13:00,717.8,0.1293,22.02,50.8,0
2023-04-19T14:00,716.4,0.1279,22.61,54.3,0
2023-04-19T15:00,610.6,0.1238,22.42,54.9,0
2023-04-19T16:00,393.9,0.124,21.11,57.8,0
2023-04-19T17:00,249.2,0.1224,20.42,56.2,0
2023-04-19T18:00,185.6,0.1205,19.7,58.3,0
2023-04-19T19:00,52.1,0.1222,18.33,66.7,0
2023-04-19T20:00,0,0.1224,17.02,61.6,0
2023-04-19T21:00,0,0.12,14.56,72,0
2023-04-19T22:00,0,0.1208,12.78,76.7,0
2023-04-19T23:00,0,0.1212,11.01,80.6,0
2023-04-20T00:00,0,0.1206,10.55,84.8,0
2023-04-20T01:00,0,0.1192,10.11,86,0
2023-04-20T02:00,0,0.1221,8.75,84.4,0
2023-04-20T03:00,0,0.1206,9.97,82.8,0
2023-04-20T04:00,0,0.1198,10.3,82.4,0
2023-04-20T05:00,0,0.1212,11.73,74,0
2023-04-20T06:00,0,0.1177,11.91,75.1,0
2023-04-20T07:00,21.6,0.1186,13.8,73.9,0
2023-04-20T08:00,45.3,0.1184,14.69,70,0
2023-04-20T09:00,110.1,0.1207,15.92,66,0
2023-04-20T10:00,114.1,0.1165,16.66,65.5,0
2023-04-20T11:00,176.3,0.1172,18.37,65.1,0
2023-04-20T12:00,222.6,0.1203,18.77,61,0
2023-04-20T13:00,202.7,0.12,20.05,64.6,0
2023-04-20T14:00,231.9,0.1153,21.2,52.7,0
2023-04-20T15:00,307.4,0.1167,21.67,55.6,0
2023-04-20T16:00,255.9,0.114,21.07,55,0
2023-04-20T17:00,149.7,0.1101,19.91,57.8,0
2023-04-20T18:00,104.1,0.1111,19.02,61.4,0
2023-04-20T19:00,40.2,0.1136,18.56,61.8,0
2023-04-20T20:00,0,0.113,17.06,67.6,0
2023-04-20T21:00,0,0.1101,16.01,67.3,0
2023-04-20T22:00,0,0.1138,14.95,72.5,0
2023-04-20T23:00,0,0.1135,12.96,77.4,0
2023-04-21T00:00,0,0.1124,11.79,77.6,0
2023-04-21T01:00,0,0.1112,10.26,77.7,0
2023-04-21T02:00,0,0.1107,8.63,83.4,0
2023-04-21T03:00,0,0.1112,8.44,81.4,0
2023-04-21T04:00,0,0.1114,9.34,78.1,0
2023-04-21T05:00,0,0.1112,10.47,78.8,0
2023-04-21T06:00,0,0.1161,11.64,80.8,0
2023-04-21T07:00,51.2,0.1097,13.3,73,0
2023-04-21T08:00,103.7,0.1114,14.77,70.8,0
2023-04-21T09:00,158.9,0.1119,16.61,66.3,0
2023-04-21T10:00,278,0.109,18.99,66.1,0
2023-04-21T11:00,261.6,0.1102,19.36,60.3,0
2023-04-21T12:00,434.8,0.1087,21.38,59.3,0
2023-04-21T13:00,363.9,0.108,22,62.9,0
2023-04-21T14:00,279.4,0.1069,22.56,55.3,0
2023-04-21T15:00,275.3,0.1043,23.31,47.3,0
2023-04-21T16:00,163,0.103,22.85,50,0
2023-04-21T17:00,206.2,0.1021,23.76,48.4,0
2023-04-21T18:00,129.3,0.106,22.82,55.5,0
2023-04-21T19:00,22.1,0.1034,20.35,59.6,0
2023-04-21T20:00,0,0.103,18.38,61.3,0
2023-04-21T21:00,0,0.1034,16.94,63.5,0
2023-04-21T22:00,0,0.1045,15.48,68.5,0
2023-04-21T23:00,0,0.1039,15.36,66.6,0
2023-04-22T00:00,0,0.1043,13.09,84.5,0
2023-04-22T01:00,0,0.1036,12.86,78.5,0
2023-04-22T02:00,0,0.1027,13.08,76.9,0
2023-04-22T03:00,0,0.1017,13.3,73.4,0
2023-04-22T04:00,0,0.1035,12.75,75.1,0
2023-04-22T05:00,0,0.1031,14.25,77,0
2023-04-22T06:00,0,0.1013,13.9,68.5,0
2023-04-22T07:00,42.5,0.1037,14.54,66.3,0
2023-04-22T08:00,89.3,0.1013,15.38,69.7,0
2023-04-22T09:00,150.1,0.1016,17.09,66.6,0
2023-04-22T10:00,172.7,0.1005,18.21,67.2,0
2023-04-22T11:00,192.2,0.1005,19.58,60.1,0
2023-04-22T12:00,230.4,0.0982,20.36,59.5,0
2023-04-22T13:00,231.5,0.1,20.24,63.1,0
2023-04-22T14:00,365.3,0.0977,21.77,56.5,0
2023-04-22T15:00,366.2,0.1001,22.33,54.1,0
2023-04-22T16:00,220.3,0.0981,22.31,54.2,0
2023-04-22T17:00,42.3,0.1006,20.68,58.8,0
2023-04-22T18:00,29.9,0.1014,20.12,58.4,0
2023-04-22T19:00,4.6,0.0996,18.8,62.9,0
2023-04-22T20:00,0,0.1011,17.78,65.1,0
2023-04-22T21:00,0,0.0997,16.45,68,0
2023-04-22T22:00,0,0.1014,14.92,70.4,0
2023-04-22T23:00,0,0.1005,13.19,75.1,0
2023-04-23T00:00,0,0.096,11.88,82.9,0
2023-04-23T01:00,0,0.0996,10.66,78.9,0
2023-04-23T02:00,0,0.1001,9.45,83.5,0
2023-04-23T03:00,0,0.0984,8.92,84,0
2023-04-23T04:00,0,0.1007,8.98,84.2,0
2023-04-23T05:00,0,0.0991,9.81,76.9,0
2023-04-23T06:00,0,0.1013,10.09,81.6,0
2023-04-23T07:00,98.1,0.1009,11.5,78,0
2023-04-23T08:00,253.6,0.0978,14.27,75.2,0
2023-04-23T09:00,405.6,0.1002,15.55,69.2,0
2023-04-23T10:00,609.7,0.0981,18.06,67.2,0
2023-04-23T11:00,656.1,0.1005,19.35,62.8,0
2023-04-23T12:00,679,0.0986,20.93,64.8,0
2023-04-23T13:00,560.6,0.1001,21.88,59.1,0
2023-04-23T14:00,519.4,0.1011,22.59,54.7,0
2023-04-23T15:00,485.1,0.1015,22.8,52.2,0
2023-04-23T16:00,526.8,0.0991,23.46,49.4,0
2023-04-23T17:00,328.6,0.0988,22.09,49.4,0
2023-04-23T18:00,170,0.0998,21.18,61.1,0
2023-04-23T19:00,69.4,0.1026,21,54,0
2023-04-23T20:00,0,0.0989,19.73,58.7,0
2023-04-23T21:00,0,0.0994,17.21,65.8,0
2023-04-23T22:00,0,0.0995,15.47,70.6,0
2023-04-23T23:00,0,0.101,14.1,72.5,0
2023-04-24T00:00,0,0.0993,12.71,77.6,0
2023-04-24T01:00,0,0.0982,12.3,80.7,0
2023-04-24T02:00,0,0.1003,12.03,73.1,0
2023-04-24T03:00,0,0.0995,11.65,78.3,0
2023-04-24T04:00,0,0.1003,12.22,79.5,0
2023-04-24T05:00,0,0.0996,12.85,75.9,0
2023-04-24T06:00,0,0.0991,14.08,78.2,0
2023-04-24T07:00,68.4,0.1003,14.57,73.1,0
2023-04-24T08:00,181.1,0.0971,16.43,67.8,0
2023-04-24T09:00,256.1,0.1016,18.19,65.4,0
2023-04-24T10:00,398.3,0.1001,19.43,56.2,0
2023-04-24T11:00,524.5,0.101,21.4,57.4,0
2023-04-24T12:00,540.4,0.1011,22.39,54.1,0
2023-04-24T13:00,534.8,0.1007,22.63,52.6,0
2023-04-24T14:00,541.4,0.1024,23.94,44.5,0
2023-04-24T15:00,533.8,0.1,24.5,53.9,0
2023-04-24T16:00,465.9,0.0993,24.16,52.8,0
2023-04-24T17:00,297.9,0.0969,22.93,56.5,0
2023-04-24T18:00,195.1,0.0994,22.27,54.3,0
2023-04-24T19:00,63,0.1,21.74,54.1,0
2023-04-24T20:00,0,0.0998,19.91,61.7,0
2023-04-24T21:00,0,0.1007,17.85,64.3,0
2023-04-24T22:00,0,0.099,15.73,68.4,0
2023-04-24T23:00,0,0.1034,14.51,74.1,0
2023-04-25T00:00,0,0.0991,13.21,76.4,0
2023-04-25T01:00,0,0.1019,12.31,76.4,0
2023-04-25T02:00,0,0.1003,10.22,83.6,0
2023-04-25T03:00,0,0.1,10.88,80.5,0
2023-04-25T04:00,0,0.1014,9.89,82.5,0
2023-04-25T05:00,0,0.1016,11.1,83.6,0
2023-04-25T06:00,0,0.0996,12.32,82.4,0
2023-04-25T07:00,81.9,0.0991,14.44,79.9,0
2023-04-25T08:00,210.7,0.0999,15.5,73.8,0
2023-04-25T09:00,316.2,0.1022,16.69,69.1,0
2023-04-25T10:00,448.6,0.1021,19.18,59.7,0
2023-04-25T11:00,483.3,0.1001,20.41,59.3,0
2023-04-25T12:00,627.9,0.1021,23.27,55.9,0
2023-04-25T13:00,715.6,0.0969,23.72,50.4,0
2023-04-25T14:00,624.7,0.0989,24.53,46.5,0
2023-04-25T15:00,621.8,0.1001,24.89,51.9,0
2023-04-25T16:00,476.8,0.1019,23.81,54.1,0
2023-04-25T17:00,386.7,0.0966,23.99,56.5,0
2023-04-25T18:00,225.1,0.0994,22.54,56.4,0
2023-04-25T19:00,89.7,0.0975,20.62,54.1,0
2023-04-25T20:00,0,0.1001,19.32,62.6,0
2023-04-25T21:00,0,0.1008,17.04,66.4,0
2023-04-25T22:00,0,0.0989,15.03,66.6,0
2023-04-25T23:00,0,0.1017,14.02,75.1,0
2023-04-26T00:00,0,0.0977,13.42,73.6,0
2023-04-26T01:00,0,0.1004,11.98,76.6,0
2023-04-26T02:00,0,0.0992,10.97,78.3,0
2023-04-26T03:00,0,0.0999,10.5,83.7,0
2023-04-26T04:00,0,0.0987,10.95,78.2,0
2023-04-26T05:00,0,0.1004,11.76,83.6,0
2023-04-26T06:00,0,0.0992,12.94,75.9,0
2023-04-26T07:00,101.6,0.0994,14,73,0
2023-04-26T08:00,194.9,0.1014,16.39,65.1,0
2023-04-26T09:00,260.6,0.1012,17.55,67,0
2023-04-26T10:00,375.6,0.1003,18.68,66.9,0
2023-04-26T11:00,506.2,0.0986,22.07,53.8,0
2023-04-26T12:00,661,0.0974,24.2,48.9,0
2023-04-26T13:00,659.4,0.0965,25.24,47.7,0
2023-04-26T14:00,671.1,0.0994,24.83,50.7,0
2023-04-26T15:00,542.8,0.1021,23.84,56.2,0
2023-04-26T16:00,529.9,0.0979,23.65,55.7,0
2023-04-26T17:00,318.3,0.0966,22.93,52.5,0
2023-04-26T18:00,265,0.0984,22.38,55.6,0
2023-04-26T19:00,84.3,0.0978,20.53,60.7,0
2023-04-26T20:00,0,0.0995,18.51,67.5,0
2023-04-26T21:00,0,0.0999,16.28,70.6,0
2023-04-26T22:00,0,0.0974,15.57,65.5,0
2023-04-26T23:00,0,0.1011,13.51,77.8,0
2023-04-27T00:00,0,0.0987,11.86,76.8,0
2023-04-27T01:00,0,0.0996,10.7,80.4,0
2023-04-27T02:00,0,0.1041,10.85,84.5,0
2023-04-27T03:00,0,0.0978,10.61,82.7,0
2023-04-27T04:00,0,0.1009,9.92,81.6,0
2023-04-27T05:00,0,0.0972,11,82,0
2023-04-27T06:00,0,0.1005,11.89,81.5,0
2023-04-27T07:00,100.4,0.0999,13.18,77.8,0
2023-04-27T08:00,259.6,0.0962,14.4,73.9,0
2023-04-27T09:00,308.9,0.099,17.01,69.7,0
2023-04-27T10:00,326.5,0.0979,18.73,61.9,0
2023-04-27T11:00,389,0.1,20.52,54.4,0
2023-04-27T12:00,392.2,0.1017,21.29,60,0
2023-04-27T13:00,513.5,0.1011,24.42,52.7,0
2023-04-27T14:00,633.7,0.1011,25.31,50.6,0
2023-04-27T15:00,645.7,0.1,25.73,46.9,0
2023-04-27T16:00,535.3,0.1006,25.16,55.1,0
2023-04-27T17:00,284.2,0.0977,22.99,59,0
2023-04-27T18:00,211.8,0.0986,21.23,62.7,0
2023-04-27T19:00,77.6,0.1009,19.43,65.2,0
2023-04-27T20:00,0,0.0998,17.67,59.1,0
2023-04-27T21:00,0,0.1015,15.5,71.3,0
2023-04-27T22:00,0,0.0989,14.11,73.2,0
2023-04-27T23:00,0,0.1021,11.62,80.7,0
2023-04-28T00:00,0,0.1008,11.77,85.1,0
2023-04-28T01:00,0,0.0987,10.52,85.5,0
2023-04-28T02:00,0,0.1014,10.35,82.5,0
2023-04-28T03:00,0,0.0985,10.24,84.1,0
2023-04-28T04:00,0,0.1017,10.52,82.7,0
2023-04-28T05:00,0,0.0969,11.92,81,0
2023-04-28T06:00,0,0.1,13.08,74.6,0
2023-04-28T07:00,105,0.0974,14.69,70.7,0
2023-04-28T08:00,200.7,0.0994,16.13,65.2,0
2023-04-28T09:00,262.4,0.0993,18.93,67.8,0
2023-04-28T10:00,311.5,0.0989,20.42,55.9,0
2023-04-28T11:00,353.4,0.1004,21.38,56.3,0
2023-04-28T12:00,438.2,0.1008,22.56,55.5,0
2023-04-28T13:00,553.7,0.1009,23.57,57.1,0
2023-04-28T14:00,578,0.1024,24.6,50.4,0
2023-04-28T15:00,501.4,0.1,24.43,53,0
2023-04-28T16:00,350.6,0.0999,23.39,50.6,0
2023-04-28T17:00,249.3,0.1033,21.14,56.4,0
2023-04-28T18:00,121,0.0982,20.27,62,0
2023-04-28T19:00,63.9,0.0965,19.54,61.3,0
2023-04-28T20:00,0,0.098,17.66,66.2,0
2023-04-28T21:00,0,0.0999,15.41,78.5,0
2023-04-28T22:00,0,0.0981,13.78,73.5,0
2023-04-28T23:00,0,0.0992,12.07,80.2,0
2023-04-29T00:00,0,0.1003,10.82,84.9,0
2023-04-29T01:00,0,0.0998,9.44,84.4,0
2023-04-29T02:00,0,0.0999,8.98,89.2,0
2023-04-29T03:00,0,0.1004,8.76,85.8,0
2023-04-29T04:00,0,0.0996,7.64,88.2,0
2023-04-29T05:00,0,0.1002,8.58,87.4,0
2023-04-29T06:00,0,0.0999,9.41,88.8,0
2023-04-29T07:00,150.9,0.0981,11.09,89.5,0
2023-04-29T08:00,343.9,0.0984,13.39,81.9,0
2023-04-29T09:00,525,0.0995,15.39,72.6,0
2023-04-29T10:00,679.8,0.1014,17.16,72.1,0
2023-04-29T11:00,797.1,0.2714,18.77,58.3,0
2023-04-29T12:00,868.9,0.2666,20.78,61.8,0
2023-04-29T13:00,890.1,0.2617,22.74,52.2,0
2023-04-29T14:00,859.4,0.2584,24.08,52.5,0
2023-04-29T15:00,778.8,0.2544,25.18,44.7,0
2023-04-29T16:00,619.9,0.2517,24.19,52.8,0
2023-04-29T17:00,422.2,0.2484,23.12,53.6,0
2023-04-29T18:00,213.2,0.2472,22.16,55.2,0
2023-04-29T19:00,60.8,0.2462,19.81,63.1,0
2023-04-29T20:00,0,0.2452,17.76,65.1,0
2023-04-29T21:00,0,0.2463,15.43,69.9,0
2023-04-29T22:00,0,0.2456,13.97,70.3,0
2023-04-29T23:00,0,0.2465,12.95,78.4,0
2023-04-30T00:00,0,0.2435,11.73,87.3,0
2023-04-30T01:00,0,0.2445,10.12,84.6,0
2023-04-30T02:00,0,0.247,8.37,91.9,0
2023-04-30T03:00,0,0.2426,8.78,87.4,0
2023-04-30T04:00,0,0.2436,9.01,88.4,0
2023-04-30T05:00,0,0.2458,9.81,85.6,0
2023-04-30T06:00,0.1,0.2422,12.09,74.3,0
2023-04-30T07:00,140.2,0.2404,12.86,75.3,0
2023-04-30T08:00,237.8,0.2406,14.71,78.4,0
2023-04-30T09:00,455,0.2387,17.79,67.5,0
2023-04-30T10:00,546.2,0.2359,19.87,65.4,0
2023-04-30T11:00,568,0.232,21.35,60,0
2023-04-30T12:00,599.6,0.2321,23.07,59.2,0
2023-04-30T13:00,587.6,0.2282,23.3,56.6,0
2023-04-30T14:00,436.2,0.2264,23.82,54.2,0
2023-04-30T15:00,464,0.2232,24.26,53.7,0
2023-04-30T16:00,402.8,0.2221,24.78,52,0
2023-04-30T17:00,359.2,0.2201,24.32,56.5,0
2023-04-30T18:00,249.5,0.2175,22.9,59.7,0
2023-04-30T19:00,97.2,0.2176,21.39,56.6,0
2023-04-30T20:00,0,0.2225,20,62.6,0
2023-04-30T21:00,0,0.2182,18.19,68,0
2023-04-30T22:00,0,0.2161,16.45,68.9,0
2023-04-30T23:00,0,0.2177,15.17,71.3,0
2023-05-01T00:00,0,0.2151,14.07,72.2,0
2023-05-01T01:00,0,0.215,13.22,79.7,0
2023-05-01T02:00,0,0.2149,12.07,83.1,0
2023-05-01T03:00,0,0.2146,10.89,85.8,0
2023-05-01T04:00,0,0.2126,11.35,75.1,0
2023-05-01T05:00,0,0.2124,11.87,83.8,0
2023-05-01T06:00,0.2,0.2119,13.86,76.5,0
2023-05-01T07:00,91.9,0.2148,15.49,76.3,0
2023-05-01T08:00,206.9,0.2101,17.15,70,0
2023-05-01T09:00,282.1,0.211,18.51,64.2,0
2023-05-01T10:00,353,0.2112,20.78,62.1,0
2023-05-01T11:00,398.1,0.2075,22.18,57,0
2023-05-01T12:00,523.7,0.2052,23.38,58.5,0
2023-05-01T13:00,620.4,0.204,24.89,50.7,0
2023-05-01T14:00,501.5,0.2016,24.64,57.5,0
2023-05-01T15:00,398.3,0.2011,24.52,51,0
2023-05-01T16:00,377.3,0.1982,25.16,46.2,0
2023-05-01T17:00,291.6,0.1966,24.69,47.4,0
2023-05-01T18:00,204.3,0.1953,24.3,51.7,0
2023-05-01T19:00,76.3,0.1899,23.2,56.6,0
2023-05-01T20:00,0,0.1948,21.58,58.4,0
2023-05-01T21:00,0,0.1943,20.71,64.1,0
2023-05-01T22:00,0,0.1936,18.98,63.1,0
2023-05-01T23:00,0,0.1934,17.75,70.8,0
2023-05-02T00:00,0,0.1933,16.63,71.5,0
2023-05-02T01:00,0,0.1939,15.08,75.4,0
2023-05-02T02:00,0,0.1903,16.09,68.5,0
2023-05-02T03:00,0,0.1922,15.18,72.8,0
2023-05-02T04:00,0,0.1923,15.48,74.3,0
2023-05-02T05:00,0,0.1924,15.28,74.4,0
2023-05-02T06:00,0.2,0.1932,15.98,73,0
2023-05-02T07:00,49.6,0.1882,15.76,71,0
2023-05-02T08:00,87.9,0.1899,16.75,68.4,0
2023-05-02T09:00,93.1,0.1889,17.86,67.9,0
2023-05-02T10:00,179.3,0.1899,20,62.8,0
2023-05-02T11:00,115,0.1887,20.47,61.1,0
2023-05-02T12:00,224.2,0.1862,21.26,60.1,0
2023-05-02T13:00,134.1,0.1851,22.54,56.3,0
2023-05-02T14:00,43.4,0.2267,20.32,79.6,2.75
2023-05-02T15:00,86.2,0.2466,20.73,76.3,1.54
2023-05-02T16:00,33.1,0.2471,22.03,58.2,0
2023-05-02T17:00,45.3,0.2928,20.17,83.5,3.25
2023-05-02T18:00,92.1,0.3018,19.09,86.7,0.96
2023-05-02T19:00,21.4,0.3039,20.1,63.1,0
2023-05-02T20:00,0,0.3008,20.24,61,0
2023-05-02T21:00,0,0.3037,19.04,65.6,0
2023-05-02T22:00,0,0.3013,17.68,68.3,0
2023-05-02T23:00,0,0.3016,16.47,68.8,0
2023-05-03T00:00,0,0.3015,15.19,74.2,0
2023-05-03T01:00,0,0.3014,14.09,83.3,0
2023-05-03T02:00,0,0.3017,13.29,76.3,0
2023-05-03T03:00,0,0.2998,12.8,82.4,0
2023-05-03T04:00,0,0.3025,14.06,75.8,0
2023-05-03T05:00,0,0.3008,14.23,73.2,0
2023-05-03T06:00,0.2,0.3012,15.52,71.1,0
2023-05-03T07:00,10.4,0.2985,16.47,69,0
2023-05-03T08:00,33.5,0.3426,15.07,93.4,2.96
2023-05-03T09:00,108.3,0.3379,17.43,70.3,0
2023-05-03T10:00,189.3,0.3385,17.34,75.9,0
2023-05-03T11:00,276.3,0.3351,17.72,72,0
2023-05-03T12:00,285.4,0.3342,19.2,61.2,0
2023-05-03T13:00,425.2,0.3303,20.92,59.7,0
2023-05-03T14:00,328.9,0.3268,20.36,62.7,0
2023-05-03T15:00,441.7,0.3244,21.29,57.4,0
2023-05-03T16:00,371,0.3185,21.74,64.2,0
2023-05-03T17:00,347,0.4384,19.46,76.8,8.33
2023-05-03T18:00,212.7,0.4217,20.64,64.3,0
2023-05-03T19:00,59.7,0.4145,19.78,64.6,0
2023-05-03T20:00,0,0.4119,17.55,67.6,0
2023-05-03T21:00,0,0.4046,16.77,72.4,0
2023-05-03T22:00,0,0.4012,15.74,71.1,0
2023-05-03T23:00,0,0.399,14.03,76.8,0
2023-05-04T00:00,0,0.4824,10.45,100,7.7
2023-05-04T01:00,0,0.4491,11.38,87,0
2023-05-04T02:00,0,0.4298,10.42,81.7,0
2023-05-04T03:00,0,0.4222,10.88,83.3,0
2023-05-04T04:00,0,0.4142,11.31,79.3,0
2023-05-04T05:00,0,0.4078,11.91,84,0
2023-05-04T06:00,2.7,0.4047,12.37,83.4,0
2023-05-04T07:00,124.6,0.402,14.22,76.1,0
2023-05-04T08:00,267.6,0.3968,15.75,74.3,0
2023-05-04T09:00,432,0.3935,18.57,66,0
2023-05-04T10:00,452.3,0.392,19.65,63.5,0
2023-05-04T11:00,623.7,0.3833,22.02,59.1,0
2023-05-04T12:00,461.8,0.384,23.24,58.1,0
2023-05-04T13:00,463,0.3785,23.68,60.6,0
2023-05-04T14:00,564,0.3784,24.31,53.8,0
2023-05-04T15:00,436,0.3724,24.02,55,0
2023-05-04T16:00,455.1,0.366,24.63,53.7,0
2023-05-04T17:00,324.8,0.3644,23.26,57.4,0
2023-05-04T18:00,201.5,0.3643,22.04,63.1,0
2023-05-04T19:00,91.5,0.3632,21,57,0
2023-05-04T20:00,0,0.3639,19.48,62.2,0
2023-05-04T21:00,0,0.3605,17.65,67.2,0
2023-05-04T22:00,0,0.3627,16.31,70.9,0
2023-05-04T23:00,0,0.3602,14.45,79.3,0
2023-05-05T00:00,0,0.3597,13.34,79,0
2023-05-05T01:00,0,0.3574,12.69,82.8,0
2023-05-05T02:00,0,0.359,11.85,79.2,0
2023-05-05T03:00,0,0.3581,10.83,85.5,0
2023-05-05T04:00,0,0.3559,10.38,91,0
2023-05-05T05:00,0,0.3586,12.29,80,0
2023-05-05T06:00,4.6,0.3567,12.74,81.3,0
2023-05-05T07:00,124.4,0.3537,14.92,77.4,0
2023-05-05T08:00,195.3,0.3553,16.43,72.5,0
2023-05-05T09:00,343.9,0.3502,18.38,63.6,0
2023-05-05T10:00,346.6,0.3459,20.04,60.7,0
2023-05-05T11:00,437.4,0.3432,21.83,61,0
2023-05-05T12:00,669.3,0.3383,24.12,52.4,0
2023-05-05T13:00,762.4,0.333,25.03,53.6,0
2023-05-05T14:00,670.5,0.3308,25.08,52,0
2023-05-05T15:00,626.6,0.3262,25.93,44.9,0
2023-05-05T16:00,568.4,0.324,25.82,57.7,0
2023-05-05T17:00,382.4,0.3217,24.85,55.8,0
2023-05-05T18:00,263.3,0.3157,23.48,58.3,0
2023-05-05T19:00,97.6,0.3183,22.21,57.4,0
2023-05-05T20:00,0,0.3177,21.25,64.7,0
2023-05-05T21:00,0,0.3178,19.37,66.7,0
2023-05-05T22:00,0,0.3162,16.92,70.9,0
2023-05-05T23:00,0,0.3159,15.35,77.3,0
2023-05-06T00:00,0,0.3141,14.54,78.3,0
2023-05-06T01:00,0,0.3162,15.14,72.3,0
2023-05-06T02:00,0,0.3143,15.31,72.6,0
2023-05-06T03:00,0,0.3135,14.68,75,0
2023-05-06T04:00,0,0.314,15.9,75.5,0
2023-05-06T05:00,0,0.3123,15.96,71.2,0
2023-05-06T06:00,1.5,0.3166,16.37,68.3,0
2023-05-06T07:00,62.5,0.3077,17,74.2,0
2023-05-06T08:00,139.3,0.3094,17.98,73.2,0
2023-05-06T09:00,167.3,0.309,19.48,66.9,0
2023-05-06T10:00,342,0.3034,21.89,57.6,0
2023-05-06T11:00,487.7,0.3012,23.81,53.2,0
2023-05-06T12:00,441.4,0.2998,25.27,52.9,0
2023-05-06T13:00,361.9,0.2996,25.15,55.5,0
2023-05-06T14:00,314,0.2957,24.81,52,0
2023-05-06T15:00,327.9,0.2932,24.35,50.8,0
2023-05-06T16:00,246.7,0.2942,24.72,52.6,0
2023-05-06T17:00,214.4,0.2896,24.21,57.2,0
2023-05-06T18:00,132.6,0.286,22.74,54.8,0
2023-05-06T19:00,76.4,0.2871,21.93,61.3,0
2023-05-06T20:00,0,0.288,20.38,59.3,0
2023-05-06T21:00,0,0.2881,19.58,71.7,0
2023-05-06T22:00,0,0.2873,17.73,70.4,0
2023-05-06T23:00,0,0.2869,16.65,73.1,0
2023-05-07T00:00,0,0.2855,15.47,74.2,0
2023-05-07T01:00,0,0.2848,13.93,81.9,0
2023-05-07T02:00,0,0.2852,13.03,80.4,0
2023-05-07T03:00,0,0.2867,12.73,82.4,0
2023-05-07T04:00,0,0.2843,12.5,87.8,0
2023-05-07T05:00,0,0.2829,13.13,80.7,0
2023-05-07T06:00,2.7,0.284,15.15,77.9,0
2023-05-07T07:00,69.9,0.2856,15.92,78.4,0
2023-05-07T08:00,175.2,0.2801,18.06,66.4,0
2023-05-07T09:00,205.3,0.2781,19.64,60.1,0
2023-05-07T10:00,224,0.2788,21.14,61.5,0
2023-05-07T11:00,220.7,0.2761,22.1,62,0
2023-05-07T12:00,265.3,0.2751,22.76,62.5,0
2023-05-07T13:00,242.2,0.2727,22.74,54.1,0
2023-05-07T14:00,315.1,0.2714,22.98,58.1,0
2023-05-07T15:00,295.4,0.2704,22.66,56.7,0
2023-05-07T16:00,170.1,0.2681,21.76,55.1,0
2023-05-07T17:00,84.9,0.268,21.02,65,0
2023-05-07T18:00,42.9,0.2651,20.89,62.7,0
2023-05-07T19:00,26.8,0.2651,20.62,60.3,0
2023-05-07T20:00,0,0.2665,19.06,68.7,0
2023-05-07T21:00,0,0.2659,17.97,66.5,0
2023-05-07T22:00,0,0.264,17.3,74,0
2023-05-07T23:00,0,0.2666,15.38,65.6,0
2023-05-08T00:00,0,0.2645,14.09,81,0
2023-05-08T01:00,0,0.2644,12.22,80.9,0
2023-05-08T02:00,0,0.263,12.2,79.5,0
2023-05-08T03:00,0,0.2634,11.55,82,0
2023-05-08T04:00,0,0.2636,12.01,86.8,0
2023-05-08T05:00,0,0.2597,12.38,82.6,0
2023-05-08T06:00,4.8,0.2609,14.16,72.6,0
2023-05-08T07:00,62.4,0.2607,15.59,74,0
2023-05-08T08:00,120,0.2607,17.31,71.2,0
2023-05-08T09:00,240.1,0.2588,19.5,71.1,0
2023-05-08T10:00,424.7,0.2571,20.95,60.4,0
2023-05-08T11:00,380.6,0.2555,22.73,68.7,0
2023-05-08T12:00,376.3,0.2505,23.41,59.4,0
2023-05-08T13:00,505,0.2458,25.49,52.3,0
2023-05-08T14:00,542.7,0.2428,26.02,52.8,0
2023-05-08T15:00,543.3,0.2429,26.39,51.4,0
2023-05-08T16:00,476.9,0.242,26.1,51.1,0
2023-05-08T17:00,290.2,0.239,24.99,53.7,0
2023-05-08T18:00,206,0.2385,23.09,62.4,0
2023-05-08T19:00,69.7,0.2353,21.23,57.1,0
2023-05-08T20:00,0,0.2344,19.8,69,0
2023-05-08T21:00,0,0.235,17.49,73.2,0
2023-05-08T22:00,0,0.2364,15.27,72.6,0
2023-05-08T23:00,0,0.2335,14.89,75.3,0
2023-05-09T00:00,0,0.2349,14.43,75.8,0
2023-05-09T01:00,0,0.2329,14.41,76.5,0
2023-05-09T02:00,0,0.2336,14.12,75.1,0
2023-05-09T03:00,0,0.2338,13.32,78.4,0
2023-05-09T04:00,0,0.2366,12.41,81.8,0
2023-05-09T05:00,0,0.2341,13.94,77,0
2023-05-09T06:00,9,0.2324,15.45,75.3,0
2023-05-09T07:00,133.8,0.2314,16.41,71.7,0
2023-05-09T08:00,254.5,0.2305,17.94,69.4,0
2023-05-09T09:00,353.3,0.2251,20.47,64.8,0
2023-05-09T10:00,433,0.2259,21.69,57.2,0
2023-05-09T11:00,379.9,0.2233,22.3,59.5,0
2023-05-09T12:00,391.6,0.2224,24.05,59.5,0
2023-05-09T13:00,433.4,0.2186,24.25,60.3,0
2023-05-09T14:00,303.5,0.2171,24.39,51.5,0
2023-05-09T15:00,302.1,0.2153,24.46,57.7,0
2023-05-09T16:00,308.6,0.2134,24.99,55.8,0
2023-05-09T17:00,236.8,0.2154,25.49,49.8,0
2023-05-09T18:00,138.7,0.2136,24.05,58.9,0
2023-05-09T19:00,63.9,0.2123,22.2,58.3,0
2023-05-09T20:00,0,0.2111,20.67,63.5,0
2023-05-09T21:00,0,0.2092,19.9,58.7,0
2023-05-09T22:00,0,0.2116,18.91,66.6,0
2023-05-09T23:00,0,0.2089,17.83,69.9,0
2023-05-10T00:00,0,0.2099,16.98,69.6,0
2023-05-10T01:00,0,0.2079,15.49,74.8,0
2023-05-10T02:00,0,0.208,14.79,76.4,0
2023-05-10T03:00,0,0.2122,13.73,78.9,0
2023-05-10T04:00,0,0.2106,14.03,76.2,0
2023-05-10T05:00,0,0.2081,12.67,80.8,0
2023-05-10T06:00,6.3,0.2096,15.08,81.1,0
2023-05-10T07:00,73.8,0.2063,16.73,72.6,0
2023-05-10T08:00,125.6,0.2069,17.33,70.1,0
2023-05-10T09:00,248,0.2051,18.7,70.1,0
2023-05-10T10:00,317.6,0.2033,20.45,64.7,0
2023-05-10T11:00,281.3,0.2013,22.01,60.9,0
2023-05-10T12:00,312,0.1985,23.04,57.3,0
2023-05-10T13:00,346.2,0.2002,23.45,62,0
2023-05-10T14:00,255.4,0.1944,23.02,57.8,0
2023-05-10T15:00,394.9,0.1967,25.14,49.2,0
2023-05-10T16:00,232.8,0.1932,24.61,58.5,0
2023-05-10T17:00,269,0.1943,25.08,47.8,0
2023-05-10T18:00,133.5,0.1932,23.24,59.8,0
2023-05-10T19:00,74.1,0.1927,23.22,56.9,0
2023-05-10T20:00,0.1,0.1907,22.47,62.5,0
2023-05-10T21:00,0,0.191,21.03,64.8,0
2023-05-10T22:00,0,0.1903,19.94,65.9,0
2023-05-10T23:00,0,0.1913,18.53,67.8,0
2023-05-11T00:00,0,0.1882,16.93,73.3,0
2023-05-11T01:00,0,0.1911,15.6,72.8,0
2023-05-11T02:00,0,0.1931,15.39,74.7,0
2023-05-11T03:00,0,0.1879,14.5,78.1,0
2023-05-11T04:00,0,0.1901,15,80.2,0
2023-05-11T05:00,0,0.1891,15.84,76,0
2023-05-11T06:00,8.9,0.1882,17.05,71.5,0
2023-05-11T07:00,124.4,0.1884,17.34,65.2,0
2023-05-11T08:00,271.3,0.1864,18.46,68.4,0
2023-05-11T09:00,403.8,0.1857,19.75,60.7,0
2023-05-11T10:00,570.7,0.1832,22.42,59.1,0
2023-05-11T11:00,741.1,0.1779,23.43,60.4,0
2023-05-11T12:00,713.3,0.1753,24.78,57.3,0
2023-05-11T13:00,679.9,0.1729,25.14,53.3,0
2023-05-11T14:00,506.1,0.1719,25.27,49.8,0
2023-05-11T15:00,358.4,0.1705,24.7,52.9,0
2023-05-11T16:00,301.8,0.1661,24.59,57.9,0
2023-05-11T17:00,209.6,0.1677,24.15,52.9,0
2023-05-11T18:00,196.1,0.1646,23.13,57.2,0
2023-05-11T19:00,97.7,0.1626,22.42,59.7,0
2023-05-11T20:00,0.3,0.1654,21.04,60.1,0
2023-05-11T21:00,0,0.1639,19.11,66.3,0
2023-05-11T22:00,0,0.1645,17.74,71.4,0
2023-05-11T23:00,0,0.1659,15.64,76.4,0
2023-05-12T00:00,0,0.1646,14.92,75.6,0
2023-05-12T01:00,0,0.1624,13.46,81.7,0
2023-05-12T02:00,0,0.1642,12.42,82.8,0
2023-05-12T03:00,0,0.1638,12.62,84,0
2023-05-12T04:00,0,0.1658,12.19,87.9,0
2023-05-12T05:00,0,0.1643,13.98,76,0
2023-05-12T06:00,12.6,0.1618,14.59,76.5,0
2023-05-12T07:00,93.3,0.1627,15.88,74.8,0
2023-05-12T08:00,173.1,0.1619,17.13,73.7,0
2023-05-12T09:00,63.9,0.158,17.98,67.8,0
2023-05-12T10:00,246.5,0.1591,19.3,63.8,0
2023-05-12T11:00,486.3,0.1582,20.7,64.4,0
2023-05-12T12:00,393.6,0.1574,22.06,59.9,0
2023-05-12T13:00,517.1,0.1543,24.02,55.9,0
2023-05-12T14:00,622.2,0.1529,25.06,55.4,0
2023-05-12T15:00,526,0.1496,25.55,55.9,0
2023-05-12T16:00,390.9,0.1464,24.71,52.2,0
2023-05-12T17:00,375.4,0.1482,25.16,59.1,0
2023-05-12T18:00,254.3,0.1485,24.47,56.6,0
2023-05-12T19:00,135,0.1456,23.14,56.3,0
2023-05-12T20:00,0.9,0.1464,20.08,71.1,0
2023-05-12T21:00,0,0.1458,18.93,66.4,0
2023-05-12T22:00,0,0.1446,17.84,67.3,0
2023-05-12T23:00,0,0.1454,15.89,75.9,0
2023-05-13T00:00,0,0.1464,14.97,78.2,0
2023-05-13T01:00,0,0.1458,14.75,75.6,0
2023-05-13T02:00,0,0.1454,14.89,74.3,0
2023-05-13T03:00,0,0.1417,14.5,77,0
2023-05-13T04:00,0,0.1454,13.48,78.3,0
2023-05-13T05:00,0,0.1439,13.77,81.6,0
2023-05-13T06:00,17,0.1427,15.1,80.8,0
2023-05-13T07:00,189.2,0.1448,16.44,76.8,0
2023-05-13T08:00,353.3,0.141,18.16,65.5,0
2023-05-13T09:00,569,0.1387,19.78,68,0
2023-05-13T10:00,722.3,0.1377,21.88,59.5,0
2023-05-13T11:00,701.8,0.1344,23.05,64.1,0
2023-05-13T12:00,641.9,0.1353,24.49,58,0
2023-05-13T13:00,769.4,0.1312,25.38,51.1,0
2023-05-13T14:00,602.2,0.1272,24.78,63.9,0
2023-05-13T15:00,512.9,0.1264,24.68,57.4,0
2023-05-13T16:00,453,0.125,24.66,59.3,0
2023-05-13T17:00,293.9,0.1243,22.95,58.5,0
2023-05-13T18:00,228.3,0.1267,21.95,64.9,0
2023-05-13T19:00,108.9,0.1244,20.62,61.9,0
2023-05-13T20:00,1.1,0.1241,19.19,67.2,0
2023-05-13T21:00,0,0.1187,18.49,66.8,0
2023-05-13T22:00,0,0.1207,17.32,72,0
2023-05-13T23:00,0,0.1205,14.93,76,0
2023-05-14T00:00,0,0.1216,15.69,76.9,0
2023-05-14T01:00,0,0.1236,14.2,81.8,0
2023-05-14T02:00,0,0.1219,13.74,80.6,0
2023-05-14T03:00,0,0.1184,13.81,76.7,0
2023-05-14T04:00,0,0.1221,15.16,78.5,0
2023-05-14T05:00,0,0.1169,15.61,78.3,0
2023-05-14T06:00,8.5,0.1229,14.49,98.2,0.16
2023-05-14T07:00,66,0.1215,17.59,70.6,0
2023-05-14T08:00,70.2,0.1197,18.87,65.2,0
2023-05-14T09:00,111.7,0.1216,20.07,62.8,0
2023-05-14T10:00,330.2,0.1199,19.55,88.2,0.01
2023-05-14T11:00,255.4,0.1189,22.19,64.3,0
2023-05-14T12:00,418.6,0.117,24.29,52.8,0
2023-05-14T13:00,375.2,0.1207,23.63,79.1,0.2
2023-05-14T14:00,417.8,0.1161,26.12,49.7,0
2023-05-14T15:00,377.1,0.1172,25.89,55,0
2023-05-14T16:00,286.7,0.1217,23.61,76,0.4
2023-05-14T17:00,193.7,0.1233,23.04,78.9,0.15
2023-05-14T18:00,94.3,0.1223,22.95,56.8,0
2023-05-14T19:00,60.7,0.1222,19.64,83.5,0.12
2023-05-14T20:00,1.1,0.1246,20.78,67.7,0
2023-05-14T21:00,0,0.1259,16.58,96.6,0.07
2023-05-14T22:00,0,0.1227,17.39,70.7,0
2023-05-14T23:00,0,0.1255,16.43,74.6,0
2023-05-15T00:00,0,0.123,15.36,77.6,0
2023-05-15T01:00,0,0.1242,14.9,75.9,0
2023-05-15T02:00,0,0.1256,13.56,86.9,0
2023-05-15T03:00,0,0.1222,13.15,81.3,0
2023-05-15T04:00,0,0.1894,11.88,98.6,4.59
2023-05-15T05:00,0,0.1872,13.73,81.8,0
2023-05-15T06:00,11.8,0.1873,15.01,74,0
2023-05-15T07:00,105.7,0.2902,13.59,100,7.12
2023-05-15T08:00,141.5,0.2857,16.83,71.9,0
2023-05-15T09:00,225.4,0.2838,18.83,71.7,0
2023-05-15T10:00,366.1,0.2992,18.82,84.4,1.26
2023-05-15T11:00,323.1,0.2999,22.42,62.4,0
2023-05-15T12:00,299.8,0.3112,20.74,78.9,0.84
2023-05-15T13:00,248.1,0.3063,23.3,60.4,0
2023-05-15T14:00,275,0.3067,24.07,60.5,0
2023-05-15T15:00,189.9,0.3035,24.13,62.1,0
2023-05-15T16:00,34.8,0.3016,22.43,62.7,0
2023-05-15T17:00,27,0.2979,22.37,59.9,0
2023-05-15T18:00,49.1,0.3,21.79,61.6,0
2023-05-15T19:00,15.4,0.3003,21.36,68.2,0
2023-05-15T20:00,1,0.2976,20.15,68.4,0
2023-05-15T21:00,0,0.2991,19.25,68,0
2023-05-15T22:00,0,0.2968,18.84,65.2,0
2023-05-15T23:00,0,0.2971,17.31,68.2,0
2023-05-16T00:00,0,0.2991,15.92,79.1,0
2023-05-16T01:00,0,0.2959,14.65,79.4,0
2023-05-16T02:00,0,0.296,14.21,80.6,0
2023-05-16T03:00,0,0.2946,13.68,80.5,0
2023-05-16T04:00,0,0.2966,13.98,85.3,0
2023-05-16T05:00,0,0.2962,14.37,79.5,0
2023-05-16T06:00,13.3,0.2977,15.42,77.9,0
2023-05-16T07:00,88.5,0.2947,16.42,74.1,0
2023-05-16T08:00,193.9,0.2913,17.63,70.8,0
2023-05-16T09:00,332.5,0.2899,19.18,70.3,0
2023-05-16T10:00,467.2,0.2877,22.74,60.4,0
2023-05-16T11:00,600.3,0.2819,24.51,58.3,0
2023-05-16T12:00,432.3,0.281,25.11,53.5,0
2023-05-16T13:00,712.6,0.2742,26.73,56.3,0
2023-05-16T14:00,616.1,0.271,27.12,50.4,0
2023-05-16T15:00,529.7,0.2682,27.03,51.2,0
2023-05-16T16:00,328.8,0.266,25.95,54.1,0
2023-05-16T17:00,271.4,0.2653,25.19,56,0
2023-05-16T18:00,181.1,0.2641,24.25,61.5,0
2023-05-16T19:00,97.2,0.2596,23.88,60.3,0
2023-05-16T20:00,3.1,0.2629,23.23,66.3,0
2023-05-16T21:00,0,0.2614,20.95,72.4,0
2023-05-16T22:00,0,0.2597,19.74,66.3,0
2023-05-16T23:00,0,0.2605,17.98,76.4,0
2023-05-17T00:00,0,0.2617,16.9,74.7,0
2023-05-17T01:00,0,0.2604,14.88,81.5,0
2023-05-17T02:00,0,0.2602,15.37,83.3,0
2023-05-17T03:00,0,0.2586,13.93,85.9,0
2023-05-17T04:00,0,0.255,15.08,79.6,0
2023-05-17T05:00,0,0.2587,15.05,81.2,0
2023-05-17T06:00,8.3,0.2582,15.68,77.9,0
2023-05-17T07:00,79,0.2579,16.65,76.8,0
2023-05-17T08:00,213.3,0.2555,17.63,75.7,0
2023-05-17T09:00,216.3,0.2524,19.14,67.3,0
2023-05-17T10:00,141.7,0.2523,21,65,0
2023-05-17T11:00,246.3,0.2538,21.94,59.4,0
2023-05-17T12:00,341.7,0.2482,23.95,56.2,0
2023-05-17T13:00,202.5,0.2483,24.65,56.4,0
2023-05-17T14:00,310.9,0.2427,24.65,60.8,0
2023-05-17T15:00,81.7,0.2439,23.79,59.5,0
2023-05-17T16:00,96.4,0.2429,23.59,57.7,0
2023-05-17T17:00,268,0.2416,25.63,60,0
2023-05-17T18:00,176.8,0.2397,24.34,54.9,0
2023-05-17T19:00,71.9,0.2392,23.01,56.1,0
2023-05-17T20:00,2.1,0.2406,21.55,65.7,0
2023-05-17T21:00,0,0.2394,19.62,67.3,0
2023-05-17T22:00,0,0.2398,18.32,69.7,0
2023-05-17T23:00,0,0.2383,16.54,77.5,0
2023-05-18T00:00,0,0.2403,16.7,76.1,0
2023-05-18T01:00,0,0.2363,15.37,82.6,0
2023-05-18T02:00,0,0.2364,13.89,80.5,0
2023-05-18T03:00,0,0.2622,11,100,1.7
2023-05-18T04:00,0,0.2592,13.23,81.6,0
2023-05-18T05:00,0,0.2606,13.28,77.1,0
2023-05-18T06:00,13.9,0.2566,14.54,79.6,0
2023-05-18T07:00,69.7,0.2605,15.35,80.6,0
2023-05-18T08:00,96.4,0.2743,14.69,95.3,1.19
2023-05-18T09:00,29.2,0.2741,18.12,75.3,0
2023-05-18T10:00,43.3,0.2832,18.3,91.9,0.7
2023-05-18T11:00,129.9,0.2843,20.04,83.9,0.22
2023-05-18T12:00,196.2,0.2833,22.57,64.4,0
2023-05-18T13:00,277,0.3044,21.26,87.3,1.47
2023-05-18T14:00,207.9,0.3006,23.47,57.2,0
2023-05-18T15:00,41.3,0.3242,21.65,76.2,1.71
2023-05-18T16:00,40.3,0.3212,22.93,57.3,0
2023-05-18T17:00,27.3,0.3205,22.9,69,0
2023-05-18T18:00,58.7,0.3535,20.28,90.2,2.29
2023-05-18T19:00,54.5,0.3517,21.96,66.2,0
2023-05-18T20:00,3.2,0.3535,20.86,65.4,0
2023-05-18T21:00,0,0.3506,19.58,72.7,0
2023-05-18T22:00,0,0.3501,18.35,77.4,0
2023-05-18T23:00,0,0.351,16.61,78.2,0
2023-05-19T00:00,0,0.3511,16.24,77.3,0
2023-05-19T01:00,0,0.3485,15.23,82.2,0
2023-05-19T02:00,0,0.3495,15.23,74.9,0
2023-05-19T03:00,0,0.4811,13.48,100,11.35
2023-05-19T04:00,0,0.4532,16.13,82.6,0
2023-05-19T05:00,0,0.4813,13.9,94.7,7.15
2023-05-19T06:00,11.4,0.4496,16.34,80.6,0
2023-05-19T07:00,87.9,0.4346,16.8,78.4,0
2023-05-19T08:00,154.1,0.4187,19.23,70.4,0
2023-05-19T09:00,256.7,0.4082,20.66,67.7,0
2023-05-19T10:00,174.7,0.4065,21.21,65.8,0
2023-05-19T11:00,191.6,0.401,22.87,57.1,0
2023-05-19T12:00,165.2,0.3993,22.77,60.8,0
2023-05-19T13:00,46.9,0.3991,22.76,61.3,0
2023-05-19T14:00,201.7,0.3934,24.04,58.1,0
2023-05-19T15:00,128.1,0.3949,24.07,55.5,0
2023-05-19T16:00,163.9,0.3916,24.26,59,0
2023-05-19T17:00,142.8,0.3904,24.04,65.9,0
2023-05-19T18:00,53.5,0.3842,23.46,59.2,0
2023-05-19T19:00,21.8,0.389,22.23,65.6,0
2023-05-19T20:00,2.7,0.3853,21.4,71.2,0
2023-05-19T21:00,0,0.3872,20.06,68.8,0
2023-05-19T22:00,0,0.4254,16.86,96.8,2.62
2023-05-19T23:00,0,0.4779,14.9,98.5,10.73
2023-05-20T00:00,0,0.4524,15.36,78.9,0
2023-05-20T01:00,0,0.4338,14,82.2,0
2023-05-20T02:00,0,0.4204,12.29,87.3,0
2023-05-20T03:00,0,0.4148,12.72,90.4,0
2023-05-20T04:00,0,0.4067,13.53,84.7,0
2023-05-20T05:00,0,0.4035,13.95,85.2,0
2023-05-20T06:00,33.1,0.402,14.67,78.5,0
2023-05-20T07:00,176.4,0.401,16.51,72.9,0
2023-05-20T08:00,295.8,0.3966,19.27,67,0
2023-05-20T09:00,451.3,0.3933,19.79,69.4,0
2023-05-20T10:00,581.4,0.3842,21.85,61.6,0
2023-05-20T11:00,798.9,0.3798,23.7,62.1,0
2023-05-20T12:00,919.3,0.3749,25.53,56.5,0
2023-05-20T13:00,939.1,0.367,27.27,52.1,0
2023-05-20T14:00,859.8,0.3603,28.28,52.8,0
2023-05-20T15:00,777.2,0.3499,28.24,50.2,0
2023-05-20T16:00,657.3,0.3502,27.78,47.5,0
2023-05-20T17:00,430.1,0.3446,25.98,50.3,0
2023-05-20T18:00,283.6,0.3421,25.27,54.7,0
2023-05-20T19:00,147.6,0.3399,23.26,66.2,0
2023-05-20T20:00,10.4,0.3415,22.26,63.5,0
2023-05-20T21:00,0,0.3385,20.66,68.2,0
2023-05-20T22:00,0,0.3389,18.55,68.4,0
2023-05-20T23:00,0,0.3389,17.36,77.2,0
2023-05-21T00:00,0,0.3361,16.48,73.9,0
2023-05-21T01:00,0,0.335,15.06,82.1,0
2023-05-21T02:00,0,0.3348,14.73,81.5,0
2023-05-21T03:00,0,0.3344,14.59,81.1,0
2023-05-21T04:00,0,0.3337,14.96,78.5,0
2023-05-21T05:00,0,0.3354,14.86,80.8,0
2023-05-21T06:00,31.6,0.3334,14.91,80.9,0
2023-05-21T07:00,188.4,0.3312,16.7,79.8,0
2023-05-21T08:00,343.7,0.3305,17.98,70.7,0
2023-05-21T09:00,480.5,0.3234,20.55,68.8,0
2023-05-21T10:00,619.3,0.3189,22.53,65.2,0
2023-05-21T11:00,592.8,0.3163,24.06,59.1,0
2023-05-21T12:00,592.6,0.3128,25.53,62.1,0
2023-05-21T13:00,537.9,0.3068,26.85,54.7,0
2023-05-21T14:00,532.2,0.3027,28.44,53.8,0
2023-05-21T15:00,391.9,0.2976,28.37,51.2,0
2023-05-21T16:00,522.8,0.2985,28.67,49.8,0
2023-05-21T17:00,425.1,0.2942,27.76,53.7,0
2023-05-21T18:00,301.8,0.2932,26.69,49.1,0
2023-05-21T19:00,178.9,0.2886,25.41,54.5,0
2023-05-21T20:00,14.2,0.289,23.44,61.2,0
2023-05-21T21:00,0,0.2883,21.57,68.7,0
2023-05-21T22:00,0,0.2886,19.42,70.5,0
2023-05-21T23:00,0,0.2885,18.05,73,0
2023-05-22T00:00,0,0.2874,17.97,76,0
2023-05-22T01:00,0,0.2876,16.65,80.2,0
2023-05-22T02:00,0,0.2867,14.57,84.4,0
2023-05-22T03:00,0,0.2866,14.72,77.1,0
2023-05-22T04:00,0,0.2869,15.2,82.6,0
2023-05-22T05:00,0,0.2849,16.23,84,0
2023-05-22T06:00,34.9,0.2844,16.49,77.1,0
2023-05-22T07:00,140.8,0.2837,18.95,68.3,0
2023-05-22T08:00,245.5,0.2802,18.93,72.5,0
2023-05-22T09:00,384.5,0.2812,21.02,69.7,0
2023-05-22T10:00,406.5,0.2776,21.67,73.3,0
2023-05-22T11:00,444.3,0.2737,23.7,60,0
2023-05-22T12:00,505.4,0.2727,24.51,57.7,0
2023-05-22T13:00,570,0.2672,26.1,55.4,0
2023-05-22T14:00,484.9,0.2639,26.33,52.2,0
2023-05-22T15:00,491.5,0.2618,27.58,52.3,0
2023-05-22T16:00,436.7,0.2565,27.32,52.5,0
2023-05-22T17:00,268.6,0.2547,25.61,57.5,0
2023-05-22T18:00,101.2,0.2536,24.05,61.5,0
2023-05-22T19:00,67.4,0.2549,22.68,61.5,0
2023-05-22T20:00,4.3,0.254,20.55,74.8,0
2023-05-22T21:00,0,0.2558,19.31,71.2,0
2023-05-22T22:00,0,0.2493,17.89,73.1,0
2023-05-22T23:00,0,0.2518,16.87,75.8,0
2023-05-23T00:00,0,0.2517,16.1,71.5,0
2023-05-23T01:00,0,0.2509,16.04,75.9,0
2023-05-23T02:00,0,0.2516,15.33,81.6,0
2023-05-23T03:00,0,0.2498,15.69,79.2,0
2023-05-23T04:00,0,0.2514,16.34,79.4,0
2023-05-23T05:00,0,0.2477,15.98,82,0
2023-05-23T06:00,26.4,0.2482,17.16,81.9,0
2023-05-23T07:00,115.8,0.2457,18.52,69.9,0
2023-05-23T08:00,181.2,0.2469,20.34,73.4,0
2023-05-23T09:00,298.8,0.2439,21.57,66.4,0
2023-05-23T10:00,395.1,0.2403,23.36,60.9,0
2023-05-23T11:00,341.4,0.2407,24.32,58.9,0
2023-05-23T12:00,382.5,0.2385,25.44,59.4,0
2023-05-23T13:00,427.3,0.2331,26.97,53.9,0
2023-05-23T14:00,448.6,0.2284,27.26,53.3,0
2023-05-23T15:00,506.6,0.2315,27.66,50.5,0
2023-05-23T16:00,434.8,0.2272,27.29,53.6,0
2023-05-23T17:00,284.1,0.2262,25.98,50.3,0
2023-05-23T18:00,209,0.2214,25.01,57.9,0
2023-05-23T19:00,120.6,0.2212,24.03,55.2,0
2023-05-23T20:00,13.3,0.2225,21.91,64.1,0
2023-05-23T21:00,0,0.2176,21.16,70.1,0
2023-05-23T22:00,0,0.2224,19.45,71.1,0
2023-05-23T23:00,0,0.2208,18.07,73.5,0
2023-05-24T00:00,0,0.2207,17.38,77.7,0
2023-05-24T01:00,0,0.2206,16.52,77.4,0
2023-05-24T02:00,0,0.2183,14.9,80.8,0
2023-05-24T03:00,0,0.2192,15.12,77.6,0
2023-05-24T04:00,0,0.2185,16.54,80.9,0
2023-05-24T05:00,0,0.2184,16.25,80.1,0
2023-05-24T06:00,28.4,0.2185,16.95,78.5,0
2023-05-24T07:00,142.6,0.2163,18.49,72.3,0
2023-05-24T08:00,317.8,0.2157,19.29,67.3,0
2023-05-24T09:00,352.3,0.2127,21.5,65.9,0
2023-05-24T10:00,333,0.2124,23.35,69.5,0
2023-05-24T11:00,419,0.2073,25.12,59.9,0
2023-05-24T12:00,445.1,0.2058,26.56,53.4,0
2023-05-24T13:00,501.7,0.2038,27.78,52.5,0
2023-05-24T14:00,466.6,0.2033,27.86,49.3,0
2023-05-24T15:00,424.9,0.1996,27.3,51.1,0
2023-05-24T16:00,407.4,0.1959,27.36,54,0
2023-05-24T17:00,270.3,0.1948,27.12,51.3,0
2023-05-24T18:00,170.5,0.1929,25.46,54.5,0
2023-05-24T19:00,100.4,0.1961,24.37,60.4,0
2023-05-24T20:00,13.6,0.1924,23.33,66.3,0
2023-05-24T21:00,0,0.1934,21.74,66.2,0
2023-05-24T22:00,0,0.1931,19.63,67.7,0
2023-05-24T23:00,0,0.1923,17.83,79.2,0
2023-05-25T00:00,0,0.1904,14.95,81.5,0
2023-05-25T01:00,0,0.1918,13.57,87.3,0
2023-05-25T02:00,0,0.192,11.86,87.1,0
2023-05-25T03:00,0,0.1932,11.2,89.7,0
2023-05-25T04:00,0,0.1916,11.8,88.4,0
2023-05-25T05:00,0,0.1897,12.78,86.5,0
2023-05-25T06:00,52.8,0.1893,14.88,78.4,0
2023-05-25T07:00,193.9,0.1894,17,75.2,0
2023-05-25T08:00,317,0.1865,18.97,73.7,0
2023-05-25T09:00,446.6,0.1866,20.54,70.6,0
2023-05-25T10:00,657.7,0.1797,21.7,70.7,0
2023-05-25T11:00,846.7,0.1759,25.03,65.2,0
2023-05-25T12:00,825,0.1738,26.12,56,0
2023-05-25T13:00,664.4,0.1717,26.22,60.9,0
2023-05-25T14:00,745.4,0.1675,27.87,50.3,0
2023-05-25T15:00,766.3,0.1666,28.66,46.3,0
2023-05-25T16:00,522.3,0.1628,28.98,54.6,0
2023-05-25T17:00,453.1,0.1625,28.55,51.3,0
2023-05-25T18:00,242.5,0.1606,27.22,53.3,0
2023-05-25T19:00,158.5,0.1597,25.77,58.9,0
2023-05-25T20:00,13.1,0.1609,24.09,64.4,0
2023-05-25T21:00,0,0.1604,22.31,63.3,0
2023-05-25T22:00,0,0.1584,19.59,72.8,0
2023-05-25T23:00,0,0.1567,18.29,74,0
2023-05-26T00:00,0,0.1571,17.09,81.9,0
2023-05-26T01:00,0,0.1597,16.22,77.4,0
2023-05-26T02:00,0,0.1588,15.23,80.4,0
2023-05-26T03:00,0,0.1563,15.45,75.8,0
2023-05-26T04:00,0,0.1583,14.97,80.8,0
2023-05-26T05:00,0,0.1577,16.14,75.8,0
2023-05-26T06:00,30.9,0.1601,16.74,81.5,0
2023-05-26T07:00,150.2,0.1542,17.05,75.4,0
2023-05-26T08:00,344.4,0.1541,18.36,69.9,0
2023-05-26T09:00,336.9,0.1527,20.47,66.5,0
2023-05-26T10:00,500.1,0.1475,21.97,66,0
2023-05-26T11:00,546.1,0.147,23.52,60.2,0
2023-05-26T12:00,494.8,0.1469,24.34,61.3,0
2023-05-26T13:00,457.8,0.1443,24.97,54.5,0
2023-05-26T14:00,465.9,0.1444,24.87,56,0
2023-05-26T15:00,327.2,0.1423,25.62,58.1,0
2023-05-26T16:00,400.3,0.141,26.3,52.6,0
2023-05-26T17:00,382.1,0.1376,26.3,57.4,0
2023-05-26T18:00,267.8,0.137,25.61,59.4,0
2023-05-26T19:00,135.9,0.1364,24.52,61.9,0
2023-05-26T20:00,15.8,0.1346,23.26,60.3,0
2023-05-26T21:00,0,0.1335,21.71,65.6,0
2023-05-26T22:00,0,0.1368,19.22,71.9,0
2023-05-26T23:00,0,0.1352,18.61,71.8,0
2023-05-27T00:00,0,0.1384,17.45,79.7,0
2023-05-27T01:00,0,0.1349,16.29,79.6,0
2023-05-27T02:00,0,0.1366,14.82,88,0
2023-05-27T03:00,0,0.1346,14.14,84.9,0
2023-05-27T04:00,0,0.135,14.92,77.2,0
2023-05-27T05:00,0,0.1345,17.22,81.2,0
2023-05-27T06:00,18.7,0.1335,17.46,74.4,0
2023-05-27T07:00,118.1,0.1321,18.73,78.8,0
2023-05-27T08:00,204,0.13,20.04,71.9,0
2023-05-27T09:00,255.4,0.1317,22.48,63.9,0
2023-05-27T10:00,307.2,0.129,23.83,54.2,0
2023-05-27T11:00,175,0.1275,23.91,61.8,0
2023-05-27T12:00,109.5,0.1279,23.58,64.2,0
2023-05-27T13:00,80.5,0.1256,23.83,61.4,0
2023-05-27T14:00,305.6,0.1251,26.04,54.3,0
2023-05-27T15:00,368.6,0.1247,26.12,56.5,0
2023-05-27T16:00,242.7,0.1231,25.51,59.6,0
2023-05-27T17:00,347.5,0.1225,26.65,54.3,0
2023-05-27T18:00,222.1,0.1227,24.93,56.4,0
2023-05-27T19:00,128.1,0.1198,24.08,59.2,0
2023-05-27T20:00,9.3,0.1219,23.03,68.4,0
2023-05-27T21:00,0,0.1196,21.2,67.1,0
2023-05-27T22:00,0,0.1187,19.32,68.6,0
2023-05-27T23:00,0,0.1195,17.41,79.6,0
2023-05-28T00:00,0,0.1201,15.57,76.9,0
2023-05-28T01:00,0,0.1213,14.12,87.4,0
2023-05-28T02:00,0,0.1189,12.99,81,0
2023-05-28T03:00,0,0.1204,12.89,87.8,0
2023-05-28T04:00,0,0.1195,13.38,83.4,0
2023-05-28T05:00,0,0.1192,14.38,83.5,0
2023-05-28T06:00,40.6,0.1169,16.32,81.8,0
2023-05-28T07:00,172.9,0.1169,17.31,81.3,0
2023-05-28T08:00,286.3,0.1188,18.82,70.5,0
2023-05-28T09:00,358.6,0.1149,21.22,72.2,0
2023-05-28T10:00,529.3,0.1131,23.16,61.3,0
2023-05-28T11:00,660.7,0.1127,24.2,58.2,0
2023-05-28T12:00,680.4,0.1075,25.95,59.9,0
2023-05-28T13:00,596.2,0.1065,26.62,56.6,0
2023-05-28T14:00,632.1,0.1063,27.3,54.7,0
2023-05-28T15:00,653.5,0.1045,27.39,58.1,0
2023-05-28T16:00,677.7,0.1027,27.54,56,0
2023-05-28T17:00,463.5,0.0996,26.41,60.6,0
2023-05-28T18:00,359.3,0.0982,26.05,55,0
2023-05-28T19:00,127.4,0.0981,24.45,58.8,0
2023-05-28T20:00,15.2,0.1003,23.07,62.1,0
2023-05-28T21:00,0,0.1007,21.35,68.4,0
2023-05-28T22:00,0,0.0977,18.86,75.2,0
2023-05-28T23:00,0,0.0981,17.02,80,0
2023-05-29T00:00,0,0.1002,16.23,82.5,0
2023-05-29T01:00,0,0.1011,16.22,81.3,0
2023-05-29T02:00,0,0.0979,14.89,79.8,0
2023-05-29T03:00,0,0.0991,14.29,83.6,0
2023-05-29T04:00,0,0.0988,13.88,87.6,0
2023-05-29T05:00,0,0.1011,14.67,83.5,0
2023-05-29T06:00,36.1,0.1009,16.56,75.7,0
2023-05-29T07:00,105.7,0.0989,18.53,72.5,0
2023-05-29T08:00,154.3,0.1006,19.7,74.8,0
2023-05-29T09:00,279.3,0.1006,21.44,67.7,0
2023-05-29T10:00,422.7,0.0997,23.25,62,0
2023-05-29T11:00,520.9,0.1003,24.92,56.3,0
2023-05-29T12:00,535.2,0.1015,25.98,55.1,0
2023-05-29T13:00,494.6,0.0993,26.8,54,0
2023-05-29T14:00,506.5,0.0985,27.95,52.9,0
2023-05-29T15:00,530.9,0.0996,28.48,48.9,0
2023-05-29T16:00,454.5,0.0998,28.24,48.2,0
2023-05-29T17:00,340.8,0.274,27.31,53.3,0
2023-05-29T18:00,225.7,0.2681,25.92,57.8,0
2023-05-29T19:00,132.1,0.267,24.91,64.3,0
2023-05-29T20:00,20.1,0.2667,24,63.1,0
2023-05-29T21:00,0,0.268,22.4,66.9,0
2023-05-29T22:00,0,0.2669,20.81,67.6,0
2023-05-29T23:00,0,0.2657,19.94,68.1,0
2023-05-30T00:00,0,0.2657,18.56,75.1,0
2023-05-30T01:00,0,0.2642,17.87,79.3,0
2023-05-30T02:00,0,0.2668,16.77,78.9,0
2023-05-30T03:00,0,0.2638,16.33,78,0
2023-05-30T04:00,0,0.2623,16.7,72.4,0
2023-05-30T05:00,0,0.2622,17.09,72.9,0
2023-05-30T06:00,36.7,0.2606,18.35,71.6,0
2023-05-30T07:00,178.5,0.2609,19.39,77.8,0
2023-05-30T08:00,297.5,0.2591,20.48,69.7,0
2023-05-30T09:00,430.2,0.2567,22.81,61.9,0
2023-05-30T10:00,688.8,0.2511,24.96,57.8,0
2023-05-30T11:00,822.4,0.2462,26.3,57.4,0
2023-05-30T12:00,770.5,0.2426,27.62,59.1,0
2023-05-30T13:00,642.8,0.2387,29.23,48.8,0
2023-05-30T14:00,603.8,0.2362,29.4,50.1,0
2023-05-30T15:00,509.2,0.2286,28.96,49.4,0
2023-05-30T16:00,426,0.2288,28.11,50.3,0
2023-05-30T17:00,348.7,0.2239,27.58,57.6,0
2023-05-30T18:00,270,0.2252,27.13,56.9,0
2023-05-30T19:00,172.9,0.2221,25.65,59.9,0
2023-05-30T20:00,28.2,0.2225,23.04,66.7,0
2023-05-30T21:00,0,0.2199,21.16,66.2,0
2023-05-30T22:00,0,0.2202,19.51,70.7,0
2023-05-30T23:00,0,0.2254,17.77,74.9,0
2023-05-31T00:00,0,0.2188,16.77,76.6,0
2023-05-31T01:00,0,0.2219,16.48,79.5,0
2023-05-31T02:00,0,0.2217,15.39,76.5,0
2023-05-31T03:00,0,0.2217,14.9,83.5,0
2023-05-31T04:00,0,0.2209,14.21,84.9,0
2023-05-31T05:00,0,0.2181,14.81,80.9,0
2023-05-31T06:00,44.2,0.2182,16.32,81.5,0
2023-05-31T07:00,157.9,0.217,18.62,76.7,0
2023-05-31T08:00,241.2,0.2143,20.08,77.6,0
2023-05-31T09:00,332.6,0.2163,22.11,67.2,0
2023-05-31T10:00,446.5,0.2107,23.75,61.1,0
2023-05-31T11:00,556.2,0.2087,25.1,63.9,0
2023-05-31T12:00,545.5,0.205,26.27,65.4,0
2023-05-31T13:00,558.7,0.2028,26.66,55.9,0
2023-05-31T14:00,545.3,0.1987,27.15,54.5,0
2023-05-31T15:00,643.8,0.1969,27.79,53.7,0
2023-05-31T16:00,488.2,0.1929,27.71,54.2,0
2023-05-31T17:00,335.3,0.194,26.49,56.1,0
2023-05-31T18:00,190.3,0.1889,24.7,57.7,0
2023-05-31T19:00,151.1,0.1913,24.82,61.2,0
2023-05-31T20:00,26.3,0.1903,21.77,67.7,0
2023-05-31T21:00,0,0.1885,20.46,68.8,0
2023-05-31T22:00,0,0.1887,19.18,77.2,0
2023-05-31T23:00,0,0.1888,17.6,72.1,0
2023-06-01T00:00,0,0.188,15.84,78.9,0
2023-06-01T01:00,0,0.19,15.12,78,0
2023-06-01T02:00,0,0.1867,15.25,76.9,0
2023-06-01T03:00,0,0.1866,16.46,76.4,0
2023-06-01T04:00,0,0.1877,17,79.9,0
2023-06-01T05:00,0,0.1855,17.39,78.4,0
2023-06-01T06:00,20.5,0.187,18.3,75,0
2023-06-01T07:00,114,0.185,18.85,74.5,0
2023-06-01T08:00,275,0.1821,19.7,64.2,0
2023-06-01T09:00,439,0.181,20.39,69.2,0
2023-06-01T10:00,608.8,0.1755,21.94,66.4,0
2023-06-01T11:00,664.6,0.1753,24.02,57.3,0
2023-06-01T12:00,739.3,0.1705,25.63,56.5,0
2023-06-01T13:00,628.4,0.1697,27.21,54.5,0
2023-06-01T14:00,686.2,0.1691,29.27,47.8,0
2023-06-01T15:00,556.5,0.1634,28.75,51,0
2023-06-01T16:00,399.1,0.1605,28.76,52.5,0
2023-06-01T17:00,370.8,0.1603,29.17,57.2,0
2023-06-01T18:00,317,0.158,28.63,54.9,0
2023-06-01T19:00,147.8,0.1592,25.95,54.5,0
2023-06-01T20:00,34.4,0.1569,24.59,56.3,0
2023-06-01T21:00,0,0.1586,22.17,61.1,0
2023-06-01T22:00,0,0.1586,20.53,69.7,0
2023-06-01T23:00,0,0.1554,18.33,73.3,0
2023-06-02T00:00,0,0.1559,16.42,85.1,0
2023-06-02T01:00,0,0.1549,16.01,81.6,0
2023-06-02T02:00,0,0.1568,14.35,83.6,0
2023-06-02T03:00,0,0.1548,13.89,83.4,0
2023-06-02T04:00,0,0.1539,14.34,77.7,0
2023-06-02T05:00,0,0.1551,15.22,81.2,0
2023-06-02T06:00,65,0.1534,15.94,78.1,0
2023-06-02T07:00,245.8,0.1541,17.2,79.8,0
2023-06-02T08:00,432,0.1488,18.57,75.8,0
2023-06-02T09:00,605.6,0.1488,21,67.1,0
2023-06-02T10:00,753.8,0.1467,23.37,60.9,0
2023-06-02T11:00,866.3,0.1416,25.03,61.4,0
2023-06-02T12:00,935.3,0.1393,27.04,47.8,0
2023-06-02T13:00,956,0.1353,28.94,53.8,0
2023-06-02T14:00,927,0.1292,28.45,54.8,0
2023-06-02T15:00,850.3,0.1305,28.34,54.1,0
2023-06-02T16:00,720.5,0.1257,27.84,51.1,0
2023-06-02T17:00,578,0.1256,27.46,54.4,0
2023-06-02T18:00,381.4,0.1229,26.17,53.5,0
2023-06-02T19:00,214.5,0.1212,24.66,55.5,0
2023-06-02T20:00,38.5,0.1216,23.29,70.1,0
2023-06-02T21:00,0,0.1209,21.49,66.6,0
2023-06-02T22:00,0,0.1218,20.71,67.6,0
2023-06-02T23:00,0,0.1234,18.52,74.9,0
2023-06-03T00:00,0,0.1219,16.78,80.5,0
2023-06-03T01:00,0,0.1212,16.2,79.9,0
2023-06-03T02:00,0,0.1194,16.05,81.4,0
2023-06-03T03:00,0,0.1194,16.36,85.9,0
2023-06-03T04:00,0,0.1173,15.95,83.5,0
2023-06-03T05:00,0,0.1201,17.06,78.7,0
2023-06-03T06:00,52.8,0.1197,18.03,78,0
2023-06-03T07:00,190.7,0.1185,20.1,70.4,0
2023-06-03T08:00,300,0.1212,22.46,69.5,0
2023-06-03T09:00,467.5,0.1162,23.68,65.5,0
2023-06-03T10:00,560.6,0.115,24.69,59.5,0
2023-06-03T11:00,663.1,0.1116,27.58,56.5,0
2023-06-03T12:00,771.9,0.1099,29.19,55.2,0
2023-06-03T13:00,700.9,0.1065,29.73,52.2,0
2023-06-03T14:00,733.5,0.1048,30.9,46.2,0
2023-06-03T15:00,795.8,0.1033,32.06,45.8,0
2023-06-03T16:00,588.1,0.1032,30.97,46.9,0
2023-06-03T17:00,409.7,0.099,29.58,52.1,0
2023-06-03T18:00,295.6,0.0995,27.92,57.9,0
2023-06-03T19:00,162,0.1024,26.37,59,0
2023-06-03T20:00,23.2,0.0965,24.99,58.3,0
2023-06-03T21:00,0,0.0974,23.35,64.8,0
2023-06-03T22:00,0,0.0986,21.37,67.1,0
2023-06-03T23:00,0,0.0984,19.91,68.7,0
2023-06-04T00:00,0,0.0988,17.79,75.1,0
2023-06-04T01:00,0,0.2703,16.71,79.4,0
2023-06-04T02:00,0,0.2701,15.85,82.5,0
2023-06-04T03:00,0,0.2693,16.06,82.5,0
2023-06-04T04:00,0,0.2672,16.94,81.8,0
2023-06-04T05:00,0,0.268,16.68,75.7,0
2023-06-04T06:00,37.8,0.2676,17.03,76.8,0
2023-06-04T07:00,105.1,0.2676,18.28,76.4,0
2023-06-04T08:00,261.4,0.2666,19.02,74.8,0
2023-06-04T09:00,402.3,0.2626,20.46,70.7,0
2023-06-04T10:00,520.9,0.2576,22.47,66.5,0
2023-06-04T11:00,694.4,0.2548,24.7,62.6,0
2023-06-04T12:00,936.8,0.2488,26.15,58.3,0
2023-06-04T13:00,957.8,0.2412,27.18,55.1,0
2023-06-04T14:00,909.7,0.237,28.31,59.8,0
2023-06-04T15:00,852.8,0.231,29,55.7,0
2023-06-04T16:00,695.1,0.2292,28.79,57.3,0
2023-06-04T17:00,538.8,0.2242,28.39,52.9,0
2023-06-04T18:00,380.7,0.2236,27.33,55,0
2023-06-04T19:00,197.4,0.2217,25.39,61.2,0
2023-06-04T20:00,41.9,0.2202,24.78,64.6,0
2023-06-04T21:00,0,0.2176,22.73,63.8,0
2023-06-04T22:00,0,0.2223,20.55,73.1,0
2023-06-04T23:00,0,0.2184,18.73,70.2,0
2023-06-05T00:00,0,0.2184,17.13,77.7,0
2023-06-05T01:00,0,0.2158,17.05,78.6,0
2023-06-05T02:00,0,0.216,17.32,81.4,0
2023-06-05T03:00,0,0.2189,16.52,82.2,0
2023-06-05T04:00,0,0.2155,15.84,83.9,0
2023-06-05T05:00,0,0.2174,17.07,75.7,0
2023-06-05T06:00,38.8,0.2167,17.74,74.2,0
2023-06-05T07:00,165.1,0.2139,19.04,77.6,0
2023-06-05T08:00,327.1,0.213,21.73,67.3,0
2023-06-05T09:00,471.4,0.2077,24.88,57.7,0
2023-06-05T10:00,630.4,0.2069,27.59,58.7,0
2023-06-05T11:00,862.7,0.2016,29.15,57.2,0
2023-06-05T12:00,937.5,0.196,30.59,49.6,0
2023-06-05T13:00,958.6,0.1936,31.2,43.9,0
2023-06-05T14:00,930.1,0.1895,31.58,47.7,0
2023-06-05T15:00,807.6,0.1833,31.53,44.1,0
2023-06-05T16:00,635.2,0.1827,30.91,48.6,0
2023-06-05T17:00,451.9,0.181,30.5,51.3,0
2023-06-05T18:00,378.1,0.1785,29.73,51.1,0
2023-06-05T19:00,190.1,0.1747,27.81,56.2,0
2023-06-05T20:00,30.7,0.176,26.55,60.1,0
2023-06-05T21:00,0,0.1747,25.3,62.2,0
2023-06-05T22:00,0,0.1741,23.74,62.5,0
2023-06-05T23:00,0,0.1748,21.15,70.7,0
2023-06-06T00:00,0,0.1763,19.12,79.3,0
2023-06-06T01:00,0,0.1748,18.24,77.9,0
2023-06-06T02:00,0,0.1743,17.07,81.2,0
2023-06-06T03:00,0,0.1719,16.01,80.7,0
2023-06-06T04:00,0,0.1738,17.22,76.5,0
2023-06-06T05:00,0,0.1721,16.78,83.9,0
2023-06-06T06:00,54.2,0.1737,18.06,79.2,0
2023-06-06T07:00,241.8,0.1701,19.43,73.3,0
2023-06-06T08:00,424.8,0.167,21.09,72.9,0
2023-06-06T09:00,585.4,0.167,23.01,75.1,0
2023-06-06T10:00,750.1,0.1622,24.69,61.2,0
2023-06-06T11:00,868.9,0.1585,27.04,56.5,0
2023-06-06T12:00,889.1,0.1546,28.41,55,0
2023-06-06T13:00,959.4,0.1504,29.45,52.2,0
2023-06-06T14:00,900.1,0.147,29.99,51.1,0
2023-06-06T15:00,855.1,0.143,31.02,47.3,0
2023-06-06T16:00,711.9,0.1413,30.69,50.4,0
2023-06-06T17:00,542.7,0.1405,29.68,52.1,0
2023-06-06T18:00,348.9,0.1391,28.05,58.2,0
2023-06-06T19:00,178.8,0.1371,26.64,55.5,0
2023-06-06T20:00,37.3,0.1379,24.31,60.7,0
2023-06-06T21:00,0,0.1373,22.78,65.1,0
2023-06-06T22:00,0,0.1391,21.87,67.9,0
2023-06-06T23:00,0,0.1353,20.51,78.6,0
2023-06-07T00:00,0,0.1355,19.18,74.5,0
2023-06-07T01:00,0,0.1385,17.95,80.6,0
2023-06-07T02:00,0,0.1334,17.69,80.3,0
2023-06-07T03:00,0,0.1365,18.22,74.6,0
2023-06-07T04:00,0,0.1344,17.67,78.4,0
2023-06-07T05:00,0,0.1354,18.65,72.4,0
2023-06-07T06:00,58.3,0.1347,19.57,72.8,0
2023-06-07T07:00,194.3,0.1324,20.37,77.1,0
2023-06-07T08:00,423.2,0.1295,21.54,67.3,0
2023-06-07T09:00,573.4,0.1293,22.7,69.5,0
2023-06-07T10:00,756.8,0.1287,25.68,58.3,0
2023-06-07T11:00,869.4,0.124,27.35,57.6,0
2023-06-07T12:00,938.8,0.1206,28.43,52.9,0
2023-06-07T13:00,830.4,0.1158,28.82,54.1,0
2023-06-07T14:00,931.9,0.1155,30.19,50.8,0
2023-06-07T15:00,845.5,0.1141,30.47,44.4,0
2023-06-07T16:00,589.1,0.113,29.09,52,0
2023-06-07T17:00,504.2,0.1084,28.39,54.5,0
2023-06-07T18:00,403.6,0.1048,26.79,56.6,0
2023-06-07T19:00,200.6,0.1069,25.43,63.8,0
2023-06-07T20:00,37,0.1042,22.83,69.7,0
2023-06-07T21:00,0,0.1023,21.99,64.9,0
2023-06-07T22:00,0,0.1057,19.76,67.1,0
2023-06-07T23:00,0,0.1047,18.13,75.3,0
2023-06-08T00:00,0,0.105,17.02,79.8,0
2023-06-08T01:00,0,0.1083,15.29,80.7,0
2023-06-08T02:00,0,0.1027,14.82,82.3,0
2023-06-08T03:00,0,0.1059,14.2,89.2,0
2023-06-08T04:00,0,0.1033,14.84,86.8,0
2023-06-08T05:00,0,0.1032,15.19,83.1,0
2023-06-08T06:00,70.3,0.104,15.26,86.9,0
2023-06-08T07:00,240.9,0.275,16.05,82.2,0
2023-06-08T08:00,436,0.2709,18.46,73.5,0
2023-06-08T09:00,570.6,0.2668,20.63,69.6,0
2023-06-08T10:00,687.3,0.2627,23.13,67,0
2023-06-08T11:00,858.9,0.2573,24.75,64.7,0
2023-06-08T12:00,939.3,0.2507,27.31,50.7,0
2023-06-08T13:00,960.8,0.2445,28.3,55.1,0
2023-06-08T14:00,932.8,0.2394,29.63,50.1,0
2023-06-08T15:00,857.2,0.2327,29.48,51,0
2023-06-08T16:00,739.4,0.2292,29.04,52.8,0
2023-06-08T17:00,587.3,0.2247,28.52,54.6,0
2023-06-08T18:00,411.8,0.2247,26.94,57.8,0
2023-06-08T19:00,207.3,0.2215,25.25,57.9,0
2023-06-08T20:00,48.8,0.2213,23.58,68.5,0
2023-06-08T21:00,0,0.2232,21.11,65.4,0
2023-06-08T22:00,0,0.2233,19.29,81,0
2023-06-08T23:00,0,0.2194,18.28,71.1,0
2023-06-09T00:00,0,0.2192,17.01,78.6,0
2023-06-09T01:00,0,0.2207,15.5,82.3,0
2023-06-09T02:00,0,0.2173,15.23,87,0
2023-06-09T03:00,0,0.2215,13.87,87.4,0
2023-06-09T04:00,0,0.2188,14.09,86.1,0
2023-06-09T05:00,0,0.22,15.81,84.1,0
2023-06-09T06:00,43.6,0.2152,17.28,79,0
2023-06-09T07:00,128.9,0.2162,19.31,74.6,0
2023-06-09T08:00,327.5,0.2121,19.74,73.9,0
2023-06-09T09:00,371.8,0.2097,21.27,66.5,0
2023-06-09T10:00,446.5,0.2098,23.46,65.7,0
2023-06-09T11:00,486.4,0.2047,25.51,56.1,0
2023-06-09T12:00,846.2,0.203,28.02,53.5,0
2023-06-09T13:00,828.2,0.1993,29.52,50.2,0
2023-06-09T14:00,902,0.1943,30.5,51.2,0
2023-06-09T15:00,785.9,0.19,30.2,52,0
2023-06-09T16:00,643.4,0.1857,29.52,52.2,0
2023-06-09T17:00,478.4,0.1844,27.86,56.4,0
2023-06-09T18:00,351,0.1819,25.96,55.3,0
2023-06-09T19:00,210.8,0.1781,24.99,60.5,0
2023-06-09T20:00,45.8,0.1782,23.71,59.2,0
2023-06-09T21:00,0,0.1768,21.86,70.5,0
2023-06-09T22:00,0,0.181,20.01,73.1,0
2023-06-09T23:00,0,0.1799,17.91,81.1,0
2023-06-10T00:00,0,0.1764,16.38,82.2,0
2023-06-10T01:00,0,0.1776,15.45,82.1,0
2023-06-10T02:00,0,0.1787,14.38,87.1,0
2023-06-10T03:00,0,0.1765,13.68,84,0
2023-06-10T04:00,0,0.1765,14.7,92.1,0
2023-06-10T05:00,0,0.1771,14.33,85.4,0
2023-06-10T06:00,71.3,0.1754,15.62,83.5,0
2023-06-10T07:00,251.4,0.175,17.87,76.8,0
2023-06-10T08:00,436.7,0.1721,20.22,68.6,0
2023-06-10T09:00,609.7,0.1707,22.61,69.1,0
2023-06-10T10:00,757.8,0.1658,24.42,67.1,0
2023-06-10T11:00,870.5,0.1621,26.04,61.5,0
2023-06-10T12:00,838.8,0.1581,27.43,56.4,0
2023-06-10T13:00,865.5,0.1531,28.51,53.6,0
2023-06-10T14:00,934.3,0.1518,29.89,51.1,0
2023-06-10T15:00,798.6,0.1468,30.01,54.1,0
2023-06-10T16:00,741.7,0.1426,29.62,54.8,0
2023-06-10T17:00,590,0.141,29.39,53.3,0
2023-06-10T18:00,404.2,0.1397,27.49,59.4,0
2023-06-10T19:00,162.2,0.1399,25.51,60.8,0
2023-06-10T20:00,45.4,0.1398,23.96,66.7,0
2023-06-10T21:00,0,0.1394,22.3,68.4,0
2023-06-10T22:00,0,0.1383,20.24,72.1,0
2023-06-10T23:00,0,0.139,17.93,72.3,0
2023-06-11T00:00,0,0.1387,17.4,77.6,0
2023-06-11T01:00,0,0.1391,16.05,84.1,0
2023-06-11T02:00,0,0.1383,15.01,84.7,0
2023-06-11T03:00,0,0.1369,15.2,83.1,0
2023-06-11T04:00,0,0.1364,14.81,88,0
2023-06-11T05:00,0,0.1364,15.52,82.9,0
2023-06-11T06:00,36.3,0.1353,16.62,83.6,0
2023-06-11T07:00,100.2,0.1363,19.12,72.1,0
2023-06-11T08:00,172.6,0.1348,21.39,73,0
2023-06-11T09:00,303.1,0.1327,23.73,71,0
2023-06-11T10:00,452.4,0.1338,24.62,62.7,0
2023-06-11T11:00,431.7,0.1301,26.08,56.8,0
2023-06-11T12:00,455,0.1305,26.92,58.6,0
2023-06-11T13:00,482.8,0.1243,27.7,62,0
2023-06-11T14:00,491.3,0.1244,29.07,54.4,0
2023-06-11T15:00,504.4,0.1253,29.49,55.2,0
2023-06-11T16:00,412.4,0.1222,29.33,52.2,0
2023-06-11T17:00,399.3,0.1196,28.82,56.7,0
2023-06-11T18:00,332.7,0.1178,28,54.7,0
2023-06-11T19:00,174,0.1173,25.94,63,0
2023-06-11T20:00,42.1,0.1168,24.43,67.4,0
2023-06-11T21:00,0,0.1162,23.47,62.7,0
2023-06-11T22:00,0,0.1165,21.06,76.7,0
2023-06-11T23:00,0,0.1172,19.24,74.8,0
2023-06-12T00:00,0,0.1185,16.42,77.2,0
2023-06-12T01:00,0,0.1155,16.73,82.5,0
2023-06-12T02:00,0,0.1178,17.04,79.4,0
2023-06-12T03:00,0,0.115,15.28,88.9,0
2023-06-12T04:00,0,0.1147,15.98,81.1,0
2023-06-12T05:00,0,0.1157,16.56,82.9,0
2023-06-12T06:00,69.2,0.1113,17.27,79.5,0
2023-06-12T07:00,224.1,0.1168,18.48,75.6,0
2023-06-12T08:00,336.3,0.1112,21,76.3,0
2023-06-12T09:00,504.2,0.1099,22.98,73,0
2023-06-12T10:00,630.4,0.1088,25.48,67,0
2023-06-12T11:00,680.6,0.1067,27.62,61.4,0
2023-06-12T12:00,636.9,0.1051,28.75,53.7,0
2023-06-12T13:00,707.6,0.105,29.99,51.9,0
2023-06-12T14:00,932,0.0986,31.71,45.6,0
2023-06-12T15:00,853.9,0.0991,31.22,47.7,0
2023-06-12T16:00,743.8,0.0987,31.21,47.6,0
2023-06-12T17:00,592.5,0.0993,30.19,52.3,0
2023-06-12T18:00,417.6,0.1019,30.62,51.4,0
2023-06-12T19:00,232,0.1009,28.72,52.4,0
2023-06-12T20:00,54.5,0.0997,27.44,49.5,0
2023-06-12T21:00,0,0.0974,25.82,63.2,0
2023-06-12T22:00,0,0.099,22.85,68.6,0
2023-06-12T23:00,0,0.1027,20.64,75.8,0
2023-06-13T00:00,0,0.0987,18.32,73.4,0
2023-06-13T01:00,0,0.1001,17.44,76.3,0
2023-06-13T02:00,0,0.1025,16.26,82,0
2023-06-13T03:00,0,0.0995,17.14,82.1,0
2023-06-13T04:00,0,0.1037,17.46,82.1,0
2023-06-13T05:00,0,0.1014,18.23,77.2,0
2023-06-13T06:00,42.7,0.1016,19.17,77.5,0
2023-06-13T07:00,164.6,0.102,20.5,71.5,0
2023-06-13T08:00,257.7,0.1006,21.72,65,0
2023-06-13T09:00,252.9,0.1,22.76,71.7,0
2023-06-13T10:00,289.1,0.099,24.09,66.9,0
2023-06-13T11:00,361,0.0991,26.28,59.9,0
2023-06-13T12:00,501.2,0.2713,28.08,58.9,0
2023-06-13T13:00,696.5,0.2666,28.82,48.6,0
2023-06-13T14:00,787.7,0.2617,30.69,55.9,0
2023-06-13T15:00,718.3,0.2576,30.92,51.5,0
2023-06-13T16:00,532.3,0.253,29.5,52.3,0
2023-06-13T17:00,383.6,0.2488,28.54,55.4,0
2023-06-13T18:00,195.3,0.2481,26.81,54.7,0
2023-06-13T19:00,93.3,0.2478,24.95,62.2,0
2023-06-13T20:00,18.7,0.2461,24.25,61.7,0
2023-06-13T21:00,0,0.2471,23.32,65,0
2023-06-13T22:00,0,0.2445,21.94,71.2,0
2023-06-13T23:00,0,0.246,19.31,74.2,0
2023-06-14T00:00,0,0.2444,17.83,85,0
2023-06-14T01:00,0,0.2443,17.06,79,0
2023-06-14T02:00,0,0.2439,16.34,80,0
2023-06-14T03:00,0,0.242,15.55,86.8,0
2023-06-14T04:00,0,0.2412,16.05,79.9,0
2023-06-14T05:00,0,0.2406,16.43,78.2,0
2023-06-14T06:00,19,0.2411,18.07,78.8,0
2023-06-14T07:00,58.3,0.2429,18.97,75.1,0
2023-06-14T08:00,162.3,0.2388,20.46,71.1,0
2023-06-14T09:00,237.7,0.2346,21.09,70.8,0
2023-06-14T10:00,295.4,0.2356,22.25,68.5,0
2023-06-14T11:00,511.8,0.2311,24.47,64.3,0
2023-06-14T12:00,479.5,0.2306,25.75,58.8,0
2023-06-14T13:00,345.5,0.2242,25.94,56.4,0
2023-06-14T14:00,235.2,0.2214,26.26,61.9,0
2023-06-14T15:00,274.5,0.2235,26.68,63,0
2023-06-14T16:00,246.2,0.2235,27.47,59.9,0
2023-06-14T17:00,203,0.22,26.93,60.3,0
2023-06-14T18:00,145,0.22,26.23,61.3,0
2023-06-14T19:00,73.9,0.2167,24.35,64.7,0
2023-06-14T20:00,11.3,0.2184,23.13,65.7,0
2023-06-14T21:00,0,0.2158,23.18,66.2,0
2023-06-14T22:00,0,0.2181,22.28,68.8,0
2023-06-14T23:00,0,0.2162,21.11,67.2,0
2023-06-15T00:00,0,0.2155,18.24,72.4,0
2023-06-15T01:00,0,0.2154,17.11,75.7,0
2023-06-15T02:00,0,0.2112,15.94,79.9,0
2023-06-15T03:00,0,0.2112,15.91,80.9,0
2023-06-15T04:00,0,0.2155,16.98,78.7,0
2023-06-15T05:00,0,0.2156,17.28,79.9,0
2023-06-15T06:00,35.4,0.2126,18.23,71,0
2023-06-15T07:00,141.3,0.2117,18.98,73.4,0
2023-06-15T08:00,253.4,0.2102,21.24,68.5,0
2023-06-15T09:00,353.1,0.2054,23.32,65.5,0
2023-06-15T10:00,429.8,0.2054,24.04,68.3,0
2023-06-15T11:00,586.8,0.2011,25.79,61.7,0
2023-06-15T12:00,683.4,0.1986,27.37,55.8,0
2023-06-15T13:00,733.2,0.1957,28.74,57.6,0
2023-06-15T14:00,715.9,0.1926,29,53.6,0
2023-06-15T15:00,619.8,0.1897,29.3,56.6,0
2023-06-15T16:00,525.9,0.1843,29.23,49.9,0
2023-06-15T17:00,317.7,0.1854,27.23,57.9,0
2023-06-15T18:00,244.4,0.1803,26.74,64.4,0
2023-06-15T19:00,108,0.1792,25.69,56.8,0
2023-06-15T20:00,33.2,0.1814,25.15,62,0
2023-06-15T21:00,0,0.183,23.56,64.1,0
2023-06-15T22:00,0,0.1817,22.04,70.5,0
2023-06-15T23:00,0,0.1789,21.49,73.7,0
2023-06-16T00:00,0,0.1786,20.48,70,0
2023-06-16T01:00,0,0.1794,19.02,70.7,0
2023-06-16T02:00,0,0.1789,17.8,78.6,0
2023-06-16T03:00,0,0.1767,19.02,79.6,0
2023-06-16T04:00,0,0.1786,17.46,75.8,0
2023-06-16T05:00,0,0.1774,17.22,82.2,0
2023-06-16T06:00,33.9,0.1775,18,75.1,0
2023-06-16T07:00,163.7,0.1744,19.03,71.2,0
2023-06-16T08:00,271,0.1751,19.99,75.9,0
2023-06-16T09:00,275.7,0.1734,21.42,70.3,0
2023-06-16T10:00,373.4,0.1692,23.72,65,0
2023-06-16T11:00,572.8,0.1676,25.73,64.1,0
2023-06-16T12:00,554.2,0.1658,26.31,54.8,0
2023-06-16T13:00,681.6,0.1598,27.2,57.5,0
2023-06-16T14:00,629.5,0.1589,27.46,56.1,0
2023-06-16T15:00,446.7,0.1578,27.56,55,0
2023-06-16T16:00,325.9,0.1552,26.68,57.5,0
2023-06-16T17:00,163.4,0.1545,26.75,59.6,0
2023-06-16T18:00,86.8,0.1521,25.07,62.7,0
2023-06-16T19:00,55.1,0.1529,24.4,60.7,0
2023-06-16T20:00,17.2,0.1532,23.2,66.4,0
2023-06-16T21:00,0,0.152,22.95,67.5,0
2023-06-16T22:00,0,0.1511,22.22,69.6,0
2023-06-16T23:00,0,0.1508,20.77,70.3,0
2023-06-17T00:00,0,0.1518,20.39,76.6,0
2023-06-17T01:00,0,0.151,18.95,75.9,0
2023-06-17T02:00,0,0.1505,18.77,74.5,0
2023-06-17T03:00,0,0.1495,19.28,76.4,0
2023-06-17T04:00,0,0.1497,19.91,74.2,0
2023-06-17T05:00,0,0.1483,21.03,69.3,0
2023-06-17T06:00,8.2,0.1489,21.76,68.5,0
2023-06-17T07:00,44.8,0.1475,22.72,62.9,0
2023-06-17T08:00,39.6,0.1463,23.58,67.8,0
2023-06-17T09:00,149.3,0.1471,24.78,64.9,0
2023-06-17T10:00,318.6,0.146,26.96,62.7,0
2023-06-17T11:00,533.5,0.1448,27.38,57.5,0
2023-06-17T12:00,647.6,0.1413,28.96,54.4,0
2023-06-17T13:00,587.9,0.1389,29.64,54.5,0
2023-06-17T14:00,504.8,0.1355,29.56,53.1,0
2023-06-17T15:00,477.2,0.136,29.5,49.8,0
2023-06-17T16:00,443.7,0.1326,29.39,51.8,0
2023-06-17T17:00,356.2,0.1298,28.4,54.3,0
2023-06-17T18:00,307.9,0.1288,28.28,54.5,0
2023-06-17T19:00,124.1,0.1312,26.48,58.2,0
2023-06-17T20:00,38.3,0.1299,25.06,61.1,0
2023-06-17T21:00,0,0.1287,23.13,68.6,0
2023-06-17T22:00,0,0.1286,20.89,71.8,0
2023-06-17T23:00,0,0.1293,19.76,76.7,0
2023-06-18T00:00,0,0.1245,17.75,79,0
2023-06-18T01:00,0,0.1268,17.58,83.1,0
2023-06-18T02:00,0,0.1232,16.96,79,0
2023-06-18T03:00,0,0.126,15.84,83.1,0
2023-06-18T04:00,0,0.1274,16.45,84.5,0
2023-06-18T05:00,0,0.1264,16.21,80.6,0
2023-06-18T06:00,65.9,0.1267,17.09,79.5,0
2023-06-18T07:00,238.2,0.1245,19.02,78.5,0
2023-06-18T08:00,406.1,0.1213,19.95,76.7,0
2023-06-18T09:00,609.1,0.1239,22.38,68.7,0
2023-06-18T10:00,757.5,0.1167,24.2,65.4,0
2023-06-18T11:00,791.9,0.1146,26.07,64.7,0
2023-06-18T12:00,929.6,0.1126,27.84,59.8,0
2023-06-18T13:00,922.3,0.1105,29.66,53.3,0
2023-06-18T14:00,795.4,0.1088,30.8,50.8,0
2023-06-18T15:00,797.1,0.1043,30.64,55.4,0
2023-06-18T16:00,675.7,0.1025,30.66,52.2,0
2023-06-18T17:00,575.2,0.098,29.77,52.5,0
2023-06-18T18:00,424.1,0.0999,28.97,56.6,0
2023-06-18T19:00,234.3,0.0992,26.84,63.7,0
2023-06-18T20:00,60.5,0.0995,25.24,61.9,0
2023-06-18T21:00,0,0.0988,22.14,66.1,0
2023-06-18T22:00,0,0.0984,20.25,73.5,0
2023-06-18T23:00,0,0.0983,17.94,76.9,0
2023-06-19T00:00,0,0.0981,18.6,77.7,0
2023-06-19T01:00,0,0.2713,17.13,81.6,0
2023-06-19T02:00,0,0.2699,16.45,89.9,0
2023-06-19T03:00,0,0.2691,16.22,86.5,0
2023-06-19T04:00,0,0.2685,16.94,80.3,0
2023-06-19T05:00,0,0.2683,17.96,81.1,0
2023-06-19T06:00,17.4,0.2693,18.74,77.6,0
2023-06-19T07:00,78.7,0.2651,20.57,70.4,0
2023-06-19T08:00,107.6,0.267,22.4,63.3,0
2023-06-19T09:00,56.1,0.2645,23.25,65.8,0
2023-06-19T10:00,88.4,0.2764,22.95,87.9,0.99
2023-06-19T11:00,48.6,0.2773,26.24,65.3,0
2023-06-19T12:00,104.2,0.2751,27.7,57.2,0
2023-06-19T13:00,177.9,0.2752,29.14,51.1,0
2023-06-19T14:00,144.1,0.272,29.01,56.6,0
2023-06-19T15:00,43.3,0.2728,28.71,57.3,0
2023-06-19T16:00,90.7,0.2698,29.7,47.2,0
2023-06-19T17:00,30,0.2655,28.47,58.8,0
2023-06-19T18:00,54.1,0.3067,25.37,78.2,2.7
2023-06-19T19:00,46.3,0.3076,27.05,60.8,0
2023-06-19T20:00,17.6,0.3057,25.01,63.1,0
2023-06-19T21:00,0,0.3051,23.52,70.9,0
2023-06-19T22:00,0,0.3046,23.11,66.2,0
2023-06-19T23:00,0,0.305,22.23,64.9,0
2023-06-20T00:00,0,0.3067,18.52,98.6,0.24
2023-06-20T01:00,0,0.3049,19.84,76.5,0
2023-06-20T02:00,0,0.307,19.55,73.4,0
2023-06-20T03:00,0,0.304,19.33,73.8,0
2023-06-20T04:00,0,0.3011,18.7,74.4,0
2023-06-20T05:00,0,0.3074,18.62,76.1,0
2023-06-20T06:00,37.7,0.3051,20.05,77.3,0
2023-06-20T07:00,143.6,0.3023,21.27,72.7,0
2023-06-20T08:00,263.4,0.3004,22.75,69.2,0
2023-06-20T09:00,396.3,0.2973,24.52,62.4,0
2023-06-20T10:00,401.3,0.2921,26.52,60.2,0
2023-06-20T11:00,336.7,0.2889,27.67,53.7,0
2023-06-20T12:00,505.1,0.286,28.5,54,0
2023-06-20T13:00,626.3,0.2804,29.55,53.5,0
2023-06-20T14:00,368.3,0.2752,28.64,57.1,0
2023-06-20T15:00,314.3,0.2729,28.78,59.3,0
2023-06-20T16:00,342.3,0.2713,29.1,53,0
2023-06-20T17:00,412.5,0.2725,29.82,49.1,0
2023-06-20T18:00,251.5,0.2689,28.74,58.6,0
2023-06-20T19:00,146.4,0.2639,26.81,63,0
2023-06-20T20:00,29,0.263,24.02,66.1,0
2023-06-20T21:00,0,0.2655,21.33,72.6,0
2023-06-20T22:00,0,0.2638,19.24,80.4,0
2023-06-20T23:00,0,0.2649,17.56,86,0
2023-06-21T00:00,0,0.2632,17.03,79.5,0
2023-06-21T01:00,0,0.2874,13.8,100,1.78
2023-06-21T02:00,0,0.2873,14.82,87.2,0
2023-06-21T03:00,0,0.2873,14.93,91.6,0
2023-06-21T04:00,0,0.2862,16.31,81,0
2023-06-21T05:00,0,0.288,17.39,80.9,0
2023-06-21T06:00,29.7,0.2824,18.07,78,0
2023-06-21T07:00,123.1,0.2824,19.09,73.5,0
2023-06-21T08:00,119.6,0.2816,20.94,71.3,0
2023-06-21T09:00,161.6,0.2812,22.65,71,0
2023-06-21T10:00,159.1,0.2776,24.17,63.5,0
2023-06-21T11:00,170.4,0.2752,24.47,62.8,0
2023-06-21T12:00,139.8,0.2744,24.89,66.3,0
2023-06-21T13:00,336.4,0.2709,26.33,59.9,0
2023-06-21T14:00,284.5,0.2687,26.05,61,0
2023-06-21T15:00,234.5,0.265,26.51,61.5,0
2023-06-21T16:00,140.6,0.3017,24.13,83.8,2.7
2023-06-21T17:00,140.3,0.3048,26.47,61.6,0
2023-06-21T18:00,99.6,0.3019,25.75,58.2,0
2023-06-21T19:00,39,0.3025,24.52,63.4,0
2023-06-21T20:00,18.6,0.3006,23.2,68.6,0
2023-06-21T21:00,0,0.3012,21.76,67.6,0
2023-06-21T22:00,0,0.3015,21.33,69.1,0
2023-06-21T23:00,0,0.2989,19.8,75.7,0
2023-06-22T00:00,0,0.3022,17.46,100,0.31
2023-06-22T01:00,0,0.3008,18.62,79.6,0
2023-06-22T02:00,0,0.3019,17.76,83.7,0
2023-06-22T03:00,0,0.2998,17.69,77.7,0
2023-06-22T04:00,0,0.2988,19.23,72.7,0
2023-06-22T05:00,0,0.2992,20.45,74.8,0
2023-06-22T06:00,14.1,0.3138,18.62,95.8,0.94
2023-06-22T07:00,52.2,0.311,21.55,73,0
2023-06-22T08:00,126.1,0.3082,20.04,91.9,0.1
2023-06-22T09:00,320.1,0.3083,22.67,66.7,0
2023-06-22T10:00,339.9,0.3067,24.36,63.3,0
2023-06-22T11:00,347,0.3017,25.62,62,0
2023-06-22T12:00,322.5,0.2994,25.88,63.3,0
2023-06-22T13:00,366.5,0.2991,27,60.2,0
2023-06-22T14:00,400.6,0.2912,27.51,60.1,0
2023-06-22T15:00,377.1,0.2993,25.62,84.2,0.86
2023-06-22T16:00,228.9,0.2979,26.72,61.7,0
2023-06-22T17:00,161.7,0.2975,26.29,61.4,0
2023-06-22T18:00,143.1,0.2935,25.37,57.7,0
2023-06-22T19:00,90.8,0.2965,24.27,71.9,0
2023-06-22T20:00,24.1,0.3175,21.15,93,1.61
2023-06-22T21:00,0,0.3158,20.61,76.6,0
2023-06-22T22:00,0,0.3164,19.71,75.7,0
2023-06-22T23:00,0,0.3142,18.27,79.6,0
2023-06-23T00:00,0,0.3376,14.78,100,1.44
2023-06-23T01:00,0,0.3349,14.76,87.5,0
2023-06-23T02:00,0,0.3335,14.67,84.1,0
2023-06-23T03:00,0,0.3331,13.72,87.7,0
2023-06-23T04:00,0,0.3318,14.59,89.1,0
2023-06-23T05:00,0,0.3304,14.62,83,0
2023-06-23T06:00,29.4,0.3292,16.24,82.3,0
2023-06-23T07:00,103.2,0.3303,17.55,80.6,0
2023-06-23T08:00,65.4,0.3305,19.98,71.7,0
2023-06-23T09:00,189.3,0.3243,21.92,71.5,0
2023-06-23T10:00,114.7,0.3236,23.11,68.6,0
2023-06-23T11:00,139.1,0.322,24.7,64.1,0
2023-06-23T12:00,267.4,0.3202,26.66,63.6,0
2023-06-23T13:00,313,0.3181,28.43,52.6,0
2023-06-23T14:00,282.8,0.316,29.03,58.7,0
2023-06-23T15:00,227.9,0.3143,28.62,54.8,0
2023-06-23T16:00,239.7,0.3096,27.68,61.2,0
2023-06-23T17:00,250.1,0.3081,27.35,56.9,0
2023-06-23T18:00,231.3,0.3076,27.36,60.3,0
2023-06-23T19:00,93.8,0.3035,26.46,63.3,0
2023-06-23T20:00,12.3,0.3049,24.21,70.1,0
2023-06-23T21:00,0,0.3018,23.21,72.1,0
2023-06-23T22:00,0,0.3019,22.45,73.1,0
2023-06-23T23:00,0,0.3008,20.96,74.3,0
2023-06-24T00:00,0,0.3003,18.05,82,0
2023-06-24T01:00,0,0.3023,17.09,82.8,0
2023-06-24T02:00,0,0.3019,16.91,87.8,0
2023-06-24T03:00,0,0.2988,17.08,81.1,0
2023-06-24T04:00,0,0.3019,16.94,87.6,0
2023-06-24T05:00,0,0.2995,17.33,84.7,0
2023-06-24T06:00,58.1,0.2972,19.11,76.2,0
2023-06-24T07:00,197.5,0.2915,20.05,71.1,0
2023-06-24T08:00,267,0.2932,21.81,70.1,0
2023-06-24T09:00,427.8,0.288,23.9,65.7,0
2023-06-24T10:00,614.5,0.2829,25.49,63.4,0
2023-06-24T11:00,728.3,0.2769,27.37,58,0
2023-06-24T12:00,833.3,0.2712,28.37,58.5,0
2023-06-24T13:00,778,0.2666,30.2,46.4,0
2023-06-24T14:00,807.9,0.262,30.49,49.4,0
2023-06-24T15:00,733.5,0.257,29.95,53.2,0
2023-06-24T16:00,645.8,0.2534,29.72,53.8,0
2023-06-24T17:00,515.4,0.2449,29.57,53.5,0
2023-06-24T18:00,333.8,0.2432,28.53,60.5,0
2023-06-24T19:00,129.3,0.2449,27.28,53.4,0
2023-06-24T20:00,43.7,0.2445,25.68,68.4,0
2023-06-24T21:00,0,0.2429,24.78,68.3,0
2023-06-24T22:00,0,0.2424,22.9,69.6,0
2023-06-24T23:00,0,0.2402,21.49,78.4,0
2023-06-25T00:00,0,0.2417,20.43,70.9,0
2023-06-25T01:00,0,0.2397,19.71,80.5,0
2023-06-25T02:00,0,0.2424,18.81,76.5,0
2023-06-25T03:00,0,0.2395,19.1,79.5,0
2023-06-25T04:00,0,0.2403,19.97,78.3,0
2023-06-25T05:00,0,0.2393,20.46,76.1,0
2023-06-25T06:00,22.2,0.2407,21.17,75.2,0
2023-06-25T07:00,75.8,0.2368,21.72,75.6,0
2023-06-25T08:00,127.4,0.2371,22.97,68.7,0
2023-06-25T09:00,253.2,0.2342,23.66,63.6,0
2023-06-25T10:00,277.8,0.2327,25.54,60.9,0
2023-06-25T11:00,401.1,0.2312,27.11,60.3,0
2023-06-25T12:00,467.3,0.2287,27.35,59.8,0
2023-06-25T13:00,615.8,0.2241,28.83,58.1,0
2023-06-25T14:00,672.6,0.2195,29.9,55.3,0
2023-06-25T15:00,546.2,0.2157,30.39,46.9,0
2023-06-25T16:00,347.6,0.2137,29.9,57.9,0
2023-06-25T17:00,219.8,0.2125,29.36,61.9,0
2023-06-25T18:00,102.1,0.2129,27.92,55.9,0
2023-06-25T19:00,43.7,0.2106,26.96,59.9,0
2023-06-25T20:00,20.7,0.2103,25.4,66.5,0
2023-06-25T21:00,0,0.2096,24.06,67.5,0
2023-06-25T22:00,0,0.2107,22.39,68.2,0
2023-06-25T23:00,0,0.2063,20.1,71.4,0
2023-06-26T00:00,0,0.2071,19.25,80.3,0
2023-06-26T01:00,0,0.2075,17.54,84.3,0
2023-06-26T02:00,0,0.2076,16.69,81.9,0
2023-06-26T03:00,0,0.2066,16.39,82.5,0
2023-06-26T04:00,0,0.2048,16.94,82,0
2023-06-26T05:00,0,0.2059,18.19,78.5,0
2023-06-26T06:00,30.4,0.2036,20.23,70.5,0
2023-06-26T07:00,123.8,0.2051,21.05,76.3,0
2023-06-26T08:00,256.1,0.2048,22.15,72,0
2023-06-26T09:00,448.1,0.2004,24.19,65.5,0
2023-06-26T10:00,568.4,0.1967,25.57,64.3,0
2023-06-26T11:00,576.5,0.1934,27.59,60.8,0
2023-06-26T12:00,578.9,0.1897,28.89,57.8,0
2023-06-26T13:00,672.8,0.1859,29.82,53.2,0
2023-06-26T14:00,620.3,0.1825,30.78,49.3,0
2023-06-26T15:00,489.4,0.1778,29.98,57.5,0
2023-06-26T16:00,494,0.1798,30.18,46.9,0
2023-06-26T17:00,333.3,0.1785,29.4,53.6,0
2023-06-26T18:00,205.6,0.175,27.82,57.6,0
2023-06-26T19:00,101.1,0.1771,26.89,62.1,0
2023-06-26T20:00,25.8,0.1772,26.1,69.1,0
2023-06-26T21:00,0,0.1738,23.68,74.4,0
2023-06-26T22:00,0,0.1741,23.08,69.9,0
2023-06-26T23:00,0,0.1755,20.7,72.5,0
2023-06-27T00:00,0,0.1718,19.25,75.2,0
2023-06-27T01:00,0,0.1727,18.01,79.9,0
2023-06-27T02:00,0,0.169,16.3,80.6,0
2023-06-27T03:00,0,0.1715,16.94,84.7,0
2023-06-27T04:00,0,0.1673,16.71,88.6,0
2023-06-27T05:00,0,0.1709,17.59,81,0
2023-06-27T06:00,27.2,0.1697,19,79.8,0
2023-06-27T07:00,114.8,0.1691,19.61,80.5,0
2023-06-27T08:00,202.4,0.1677,20.99,78.8,0
2023-06-27T09:00,334.2,0.1649,22.25,73.9,0
2023-06-27T10:00,474,0.1633,25.34,61.9,0
2023-06-27T11:00,528.8,0.1596,27,56,0
2023-06-27T12:00,504.1,0.1581,28.51,53.8,0
2023-06-27T13:00,400.9,0.1566,29.75,56.6,0
2023-06-27T14:00,579.8,0.1536,30.84,47.2,0
2023-06-27T15:00,515.6,0.1545,31.11,48.3,0
2023-06-27T16:00,437.8,0.1486,31.37,49.9,0
2023-06-27T17:00,362.6,0.1487,30.74,55,0
2023-06-27T18:00,231.5,0.1464,30.55,51.5,0
2023-06-27T19:00,133.8,0.1443,29.71,58.7,0
2023-06-27T20:00,53.9,0.1449,27.15,57.2,0
2023-06-27T21:00,0,0.1439,25.26,63.3,0
2023-06-27T22:00,0,0.1454,23.53,71.6,0
2023-06-27T23:00,0,0.1457,21.26,72.4,0
2023-06-28T00:00,0,0.1455,18.79,84.6,0
2023-06-28T01:00,0,0.1465,17.71,86.2,0
2023-06-28T02:00,0,0.1448,16.68,80.5,0
2023-06-28T03:00,0,0.143,17.32,82.6,0
2023-06-28T04:00,0,0.1426,17.15,82.2,0
2023-06-28T05:00,0,0.1431,17.39,78,0
2023-06-28T06:00,50.7,0.1412,18.92,79.6,0
2023-06-28T07:00,229.5,0.1413,19.69,74.2,0
2023-06-28T08:00,428.5,0.1408,22.41,69.1,0
2023-06-28T09:00,584.1,0.1358,24.09,66,0
2023-06-28T10:00,659.8,0.1363,27.13,59.2,0
2023-06-28T11:00,823.9,0.1298,28.94,55.8,0
2023-06-28T12:00,749.2,0.1281,31.02,51.4,0
2023-06-28T13:00,842.2,0.1207,31.57,52.4,0
2023-06-28T14:00,840.7,0.1189,31.72,49.7,0
2023-06-28T15:00,867.2,0.1167,32.39,48.6,0
2023-06-28T16:00,752.4,0.1162,32.79,35.7,0
2023-06-28T17:00,602.9,0.1141,31.28,52.4,0
2023-06-28T18:00,429.1,0.1129,30.38,48.5,0
2023-06-28T19:00,243.9,0.1135,28.19,61.7,0
2023-06-28T20:00,65.1,0.11,26.58,60.5,0
2023-06-28T21:00,0,0.1107,24.34,69,0
2023-06-28T22:00,0,0.1107,22.57,75.7,0
2023-06-28T23:00,0,0.1094,20.65,75.2,0
2023-06-29T00:00,0,0.1105,18.68,78.7,0
2023-06-29T01:00,0,0.1064,17.33,80.2,0
2023-06-29T02:00,0,0.1096,16.13,82.2,0
2023-06-29T03:00,0,0.108,16.2,86.7,0
2023-06-29T04:00,0,0.1093,16.27,79.5,0
2023-06-29T05:00,0,0.1075,17.12,83.2,0
2023-06-29T06:00,47,0.107,19.26,76.7,0
2023-06-29T07:00,183.4,0.1041,20.39,75.8,0
2023-06-29T08:00,292.5,0.1059,21.72,70.8,0
2023-06-29T09:00,526.6,0.1067,24.11,70.9,0
2023-06-29T10:00,714.4,0.1041,26.04,61.1,0
2023-06-29T11:00,834.7,0.0993,28.92,55.4,0
2023-06-29T12:00,938.7,0.0978,30.29,55.9,0
2023-06-29T13:00,944.2,0.0988,31.47,53.5,0
2023-06-29T14:00,913,0.1009,31.97,50,0
2023-06-29T15:00,780.5,0.0973,31.85,48.3,0
2023-06-29T16:00,667.3,0.0992,31.22,51.4,0
2023-06-29T17:00,510.3,0.0994,30.17,52,0
2023-06-29T18:00,356.4,0.0997,29.82,57.8,0
2023-06-29T19:00,202.4,0.1023,28.41,56.7,0
2023-06-29T20:00,54.2,0.0977,26.03,67.1,0
2023-06-29T21:00,0,0.2696,24.21,65.6,0
2023-06-29T22:00,0,0.2692,22.85,70.7,0
2023-06-29T23:00,0,0.27,21.11,78.8,0
2023-06-30T00:00,0,0.2706,22.42,70.3,0
2023-06-30T01:00,0,0.2687,22.02,77,0
2023-06-30T02:00,0,0.2688,21.07,72.3,0
2023-06-30T03:00,0,0.2681,21.81,73.4,0
2023-06-30T04:00,0,0.2728,19.93,92.7,0.37
2023-06-30T05:00,0,0.2732,21.28,74.9,0
2023-06-30T06:00,11.6,0.3011,19.72,95.5,2.26
2023-06-30T07:00,77.7,0.3025,22.11,71.4,0
2023-06-30T08:00,140,0.3011,23.05,70,0
2023-06-30T09:00,110.5,0.3001,24.75,64.8,0
2023-06-30T10:00,232.4,0.2987,24.15,82.2,0.06
2023-06-30T11:00,269.1,0.2962,27.31,58.9,0
2023-06-30T12:00,247.1,0.3082,26.66,83.2,0.97
2023-06-30T13:00,273,0.303,28.77,58,0
2023-06-30T14:00,276.5,0.3016,29.85,54.3,0
2023-06-30T15:00,157.9,0.2979,29.8,57,0
2023-06-30T16:00,51.9,0.2986,29.21,53.3,0
2023-06-30T17:00,30.1,0.2968,28.69,54.2,0
2023-06-30T18:00,21.5,0.2987,28.52,56.7,0
2023-06-30T19:00,12.2,0.297,27.28,59.7,0
2023-06-30T20:00,7.8,0.2955,25.32,68.4,0
2023-06-30T21:00,0,0.2945,23.94,73.2,0
2023-06-30T22:00,0,0.2964,22.88,69.2,0
2023-06-30T23:00,0,0.2923,21.64,72.3,0
2023-07-01T00:00,0,0.2944,18.75,77.5,0
2023-07-01T01:00,0,0.2913,17.15,79.1,0
2023-07-01T02:00,0,0.2903,16.13,85.4,0
2023-07-01T03:00,0,0.2875,16.63,83.1,0
2023-07-01T04:00,0,0.2874,15.7,84.8,0
2023-07-01T05:00,0,0.2896,17.72,83.9,0
2023-07-01T06:00,47.6,0.2904,19.16,77,0
2023-07-01T07:00,170.5,0.2866,21.08,71.2,0
2023-07-01T08:00,236.9,0.2859,22.93,68.3,0
2023-07-01T09:00,360,0.2808,24.93,61.9,0
2023-07-01T10:00,592.3,0.2788,26.4,62.3,0
2023-07-01T11:00,811.4,0.2707,28.2,55.5,0
2023-07-01T12:00,937.5,0.2639,28.82,62.4,0
2023-07-01T13:00,856.6,0.2612,28.95,61.8,0
2023-07-01T14:00,652,0.2531,28.83,57.1,0
2023-07-01T15:00,550.5,0.2524,28.49,51.9,0
2023-07-01T16:00,313.3,0.2484,26.89,60,0
2023-07-01T17:00,162.7,0.2459,26.38,64.6,0
2023-07-01T18:00,174.8,0.2447,25.47,63.7,0
2023-07-01T19:00,127.4,0.2431,25.51,64,0
2023-07-01T20:00,39.5,0.2435,23.99,69.6,0
2023-07-01T21:00,0,0.2422,22.84,69,0
2023-07-01T22:00,0,0.2409,21.92,70.9,0
2023-07-01T23:00,0,0.2407,21.04,75.4,0
2023-07-02T00:00,0,0.2415,20.29,71.2,0
2023-07-02T01:00,0,0.2404,20.29,74.8,0
2023-07-02T02:00,0,0.2375,18.93,82,0
2023-07-02T03:00,0,0.2381,18.88,84.7,0
2023-07-02T04:00,0,0.2393,19.34,80.4,0
2023-07-02T05:00,0,0.2353,18.47,78.5,0
2023-07-02T06:00,30.9,0.2388,18.77,77.4,0
2023-07-02T07:00,110.7,0.2361,20.1,76.9,0
2023-07-02T08:00,181.7,0.2381,20.92,75.9,0
2023-07-02T09:00,254.8,0.2306,21.86,78.4,0
2023-07-02T10:00,342.3,0.2314,23.52,67.9,0
2023-07-02T11:00,456.6,0.2278,25.52,62.5,0
2023-07-02T12:00,290.1,0.2238,26.1,57.7,0
2023-07-02T13:00,325,0.2229,27.03,63.9,0
2023-07-02T14:00,478.1,0.221,28.61,59.4,0
2023-07-02T15:00,305.5,0.219,28.75,60.4,0
2023-07-02T16:00,189.2,0.2141,28.05,57.8,0
2023-07-02T17:00,271.4,0.2169,27.55,60.8,0
2023-07-02T18:00,165.4,0.2148,26.57,60.5,0
2023-07-02T19:00,71.6,0.2126,25.57,59.9,0
2023-07-02T20:00,28.3,0.2119,25.3,66.1,0
2023-07-02T21:00,0,0.2121,23.63,72.5,0
2023-07-02T22:00,0,0.2096,22.77,70.9,0
2023-07-02T23:00,0,0.2102,21.65,68.6,0
2023-07-03T00:00,0,0.2082,19.88,72.6,0
2023-07-03T01:00,0,0.2076,19.7,75.9,0
2023-07-03T02:00,0,0.2094,18.79,79.6,0
2023-07-03T03:00,0,0.2098,19.85,79.9,0
2023-07-03T04:00,0,0.2083,19.64,75.1,0
2023-07-03T05:00,0,0.2048,19.35,78.4,0
2023-07-03T06:00,37.8,0.2069,20.45,76.1,0
2023-07-03T07:00,163.8,0.2053,20.69,73.9,0
2023-07-03T08:00,204.8,0.2034,22.37,71.2,0
2023-07-03T09:00,331.4,0.2011,23.23,67.7,0
2023-07-03T10:00,459.8,0.1983,24.93,67.4,0
2023-07-03T11:00,452.7,0.197,25.42,64.6,0
2023-07-03T12:00,540.9,0.1932,26.05,68.7,0
2023-07-03T13:00,721.2,0.1906,27.43,58.4,0
2023-07-03T14:00,730,0.1857,28.63,56.2,0
2023-07-03T15:00,627.5,0.1796,28.85,57.1,0
2023-07-03T16:00,484.9,0.1807,28.79,52,0
2023-07-03T17:00,326.3,0.1772,27.75,58.4,0
2023-07-03T18:00,222.7,0.1748,26.54,59.2,0
2023-07-03T19:00,162.5,0.1744,25.87,60,0
2023-07-03T20:00,40,0.178,24.56,68.6,0
2023-07-03T21:00,0,0.1749,22.6,65.6,0
2023-07-03T22:00,0,0.1729,21.05,77.3,0
2023-07-03T23:00,0,0.1752,19.45,73.5,0
2023-07-04T00:00,0,0.1718,18.76,80.8,0
2023-07-04T01:00,0,0.173,18.42,84.4,0
2023-07-04T02:00,0,0.1746,18.27,81.4,0
2023-07-04T03:00,0,0.1744,18.49,77.2,0
2023-07-04T04:00,0,0.1745,18.29,78.4,0
2023-07-04T05:00,0,0.1733,18.55,78.1,0
2023-07-04T06:00,23.2,0.1721,19.64,78.2,0
2023-07-04T07:00,76.3,0.171,22.14,72.1,0
2023-07-04T08:00,113.9,0.1724,23.25,68.8,0
2023-07-04T09:00,80.6,0.1671,24.56,70.1,0
2023-07-04T10:00,114.1,0.1713,26.18,61.7,0
2023-07-04T11:00,379.6,0.1671,28.3,63,0
2023-07-04T12:00,493,0.1634,29.96,56.2,0
2023-07-04T13:00,622,0.1618,32.13,49,0
2023-07-04T14:00,601.6,0.1604,32.09,49.4,0
2023-07-04T15:00,503.2,0.1546,31.97,56.1,0
2023-07-04T16:00,520.6,0.1533,31.47,48.3,0
2023-07-04T17:00,519.7,0.1538,31.48,52.7,0
2023-07-04T18:00,240.6,0.1482,29.07,55.2,0
2023-07-04T19:00,108.6,0.1509,28.25,61.7,0
2023-07-04T20:00,36.6,0.1491,27.22,58.6,0
2023-07-04T21:00,0,0.1473,25.62,62.7,0
2023-07-04T22:00,0,0.1521,23.27,68.2,0
2023-07-04T23:00,0,0.1461,21,70.4,0
2023-07-05T00:00,0,0.1458,19.15,77.8,0
2023-07-05T01:00,0,0.1447,18.5,84,0
2023-07-05T02:00,0,0.1454,18.16,79.4,0
2023-07-05T03:00,0,0.1462,18.74,75.3,0
2023-07-05T04:00,0,0.1455,17.37,82.1,0
2023-07-05T05:00,0,0.1452,17.26,82,0
2023-07-05T06:00,24.2,0.1451,18.89,77.7,0
2023-07-05T07:00,132.3,0.144,19.98,76.6,0
2023-07-05T08:00,282.8,0.1415,21.02,74,0
2023-07-05T09:00,486.6,0.1421,22.44,72,0
2023-07-05T10:00,625.8,0.1368,24.81,69.5,0
2023-07-05T11:00,659.5,0.1329,26.81,60.6,0
2023-07-05T12:00,681.1,0.1312,28.08,58.6,0
2023-07-05T13:00,430.6,0.1299,28.27,60.3,0
2023-07-05T14:00,393.7,0.1299,28.7,61.1,0
2023-07-05T15:00,511.9,0.1267,29.81,56,0
2023-07-05T16:00,461.7,0.1247,29.73,58.3,0
2023-07-05T17:00,373.3,0.1223,29.48,56.4,0
2023-07-05T18:00,223.9,0.1209,28.67,54.6,0
2023-07-05T19:00,114.6,0.1214,27.17,63.7,0
2023-07-05T20:00,14.6,0.122,25.31,65.6,0
2023-07-05T21:00,0,0.1229,23.85,62.5,0
2023-07-05T22:00,0,0.1225,21.1,70.4,0
2023-07-05T23:00,0,0.1213,19.41,78.4,0
2023-07-06T00:00,0,0.1209,17,81.4,0
2023-07-06T01:00,0,0.1215,15.47,85.2,0
2023-07-06T02:00,0,0.1181,13.22,94.1,0
2023-07-06T03:00,0,0.1222,13.32,91.6,0
2023-07-06T04:00,0,0.1184,13.86,90.4,0
2023-07-06T05:00,0,0.1164,15.08,86.4,0
2023-07-06T06:00,52.2,0.1197,16.96,82.8,0
2023-07-06T07:00,231.6,0.1192,17.94,84.1,0
2023-07-06T08:00,417.6,0.1176,20.21,74.3,0
2023-07-06T09:00,573.6,0.115,22.51,72.5,0
2023-07-06T10:00,651.6,0.1127,24.82,64.6,0
2023-07-06T11:00,860,0.1088,26.92,60.3,0
2023-07-06T12:00,933.8,0.1061,29.22,59.8,0
2023-07-06T13:00,959.8,0.1014,29.99,55.6,0
2023-07-06T14:00,936.4,0.1,30.52,55.7,0
2023-07-06T15:00,865,0.1012,30.31,55,0
2023-07-06T16:00,710.3,0.098,29.49,55.5,0
2023-07-06T17:00,470.9,0.0998,28.17,55,0
2023-07-06T18:00,321.5,0.0978,27.02,58.9,0
2023-07-06T19:00,189.4,0.0973,25.57,59.3,0
2023-07-06T20:00,59.2,0.0995,23.28,70.1,0
2023-07-06T21:00,0,0.0991,21.68,65.3,0
2023-07-06T22:00,0,0.0995,19.66,76.5,0
2023-07-06T23:00,0,0.1007,18.79,76.7,0
2023-07-07T00:00,0,0.0984,19.55,83.3,0
2023-07-07T01:00,0,0.101,17.69,74.3,0
2023-07-07T02:00,0,0.269,18.32,81,0
2023-07-07T03:00,0,0.2672,18.05,80.8,0
2023-07-07T04:00,0,0.2716,18.45,83.2,0
2023-07-07T05:00,0,0.2666,19.03,80.3,0
2023-07-07T06:00,29.4,0.2702,19.39,82.6,0
2023-07-07T07:00,131,0.2677,21.2,75.3,0
2023-07-07T08:00,217.6,0.2651,22.15,71,0
2023-07-07T09:00,364.7,0.2622,24.37,63.7,0
2023-07-07T10:00,496.5,0.259,26.13,61.1,0
2023-07-07T11:00,568.9,0.2517,27.97,60.9,0
2023-07-07T12:00,611,0.2512,29.35,57.7,0
2023-07-07T13:00,718.1,0.241,30.2,53.3,0
2023-07-07T14:00,667.7,0.2393,31.56,49,0
2023-07-07T15:00,646.8,0.2354,32.32,47.3,0
2023-07-07T16:00,388.7,0.2327,30.72,52.6,0
2023-07-07T17:00,262.5,0.2307,30.06,51,0
2023-07-07T18:00,233.6,0.2285,29.03,52.7,0
2023-07-07T19:00,104.1,0.2298,28.41,62.1,0
2023-07-07T20:00,27.7,0.2261,26.93,62.1,0
2023-07-07T21:00,0,0.2268,25.35,69.1,0
2023-07-07T22:00,0,0.224,23.98,66.3,0
2023-07-07T23:00,0,0.2268,22.04,76.9,0
2023-07-08T00:00,0,0.2253,20.59,71.8,0
2023-07-08T01:00,0,0.2259,19.47,78,0
2023-07-08T02:00,0,0.2235,19.1,77.1,0
2023-07-08T03:00,0,0.2251,18.75,78.6,0
2023-07-08T04:00,0,0.2282,19.35,72.2,0
2023-07-08T05:00,0,0.2265,20.04,74.3,0
2023-07-08T06:00,25.7,0.2257,21.13,76.2,0
2023-07-08T07:00,128.7,0.2232,20.79,77.7,0
2023-07-08T08:00,231.8,0.22,21.56,66.1,0
2023-07-08T09:00,346.5,0.2171,23.93,68.2,0
2023-07-08T10:00,435.7,0.2133,25.43,63.4,0
2023-07-08T11:00,510.9,0.2097,27.85,60.2,0
2023-07-08T12:00,597.7,0.2067,29.05,57,0
2023-07-08T13:00,551.4,0.2044,29.66,58.6,0
2023-07-08T14:00,474.1,0.1996,30.09,56.9,0
2023-07-08T15:00,496.8,0.1999,31.36,56.1,0
2023-07-08T16:00,454.1,0.1994,30.97,54,0
2023-07-08T17:00,455.5,0.1944,30.9,52.1,0
2023-07-08T18:00,352.8,0.1923,30.02,50.8,0
2023-07-08T19:00,184.3,0.1899,28.18,57.6,0
2023-07-08T20:00,45.7,0.1885,26.24,65.5,0
2023-07-08T21:00,0,0.1893,24.2,74.1,0
2023-07-08T22:00,0,0.1878,22.06,68.3,0
2023-07-08T23:00,0,0.1886,19.83,74.5,0
2023-07-09T00:00,0,0.1858,18.26,79.7,0
2023-07-09T01:00,0,0.1877,18.08,87,0
2023-07-09T02:00,0,0.1865,17.59,80.7,0
2023-07-09T03:00,0,0.1866,17.72,86.7,0
2023-07-09T04:00,0,0.1888,17.11,81.5,0
2023-07-09T05:00,0,0.1851,17.6,81.1,0
2023-07-09T06:00,36.6,0.1861,18.31,76.1,0
2023-07-09T07:00,169.3,0.1837,19.37,78.6,0
2023-07-09T08:00,382.6,0.1803,21.19,71.4,0
2023-07-09T09:00,588.1,0.1765,22.62,75.3,0
2023-07-09T10:00,728.4,0.1739,25.07,63.8,0
2023-07-09T11:00,788.8,0.1735,26.68,69.6,0
2023-07-09T12:00,845.9,0.1621,28.11,53.6,0
2023-07-09T13:00,842.6,0.165,29.67,50.9,0
2023-07-09T14:00,751.2,0.1585,30.82,52.5,0
2023-07-09T15:00,707.9,0.1599,31.28,49.7,0
2023-07-09T16:00,612.6,0.1543,31.23,51.5,0
2023-07-09T17:00,431.9,0.1514,29.9,58.5,0
2023-07-09T18:00,291,0.1523,28.45,56.3,0
2023-07-09T19:00,160.1,0.147,26.7,62.2,0
2023-07-09T20:00,40.7,0.1486,24.86,66.2,0
2023-07-09T21:00,0,0.1465,23.54,73.2,0
2023-07-09T22:00,0,0.15,21.02,72,0
2023-07-09T23:00,0,0.1458,19.59,78.3,0
2023-07-10T00:00,0,0.1482,19.65,75.3,0
2023-07-10T01:00,0,0.1477,18.99,79.4,0
2023-07-10T02:00,0,0.1455,16.87,100,0.02
2023-07-10T03:00,0,0.1463,18.2,80,0
2023-07-10T04:00,0,0.1447,19.26,75.7,0
2023-07-10T05:00,0,0.147,19.99,80.7,0
2023-07-10T06:00,20.8,0.1473,20.82,77.1,0
2023-07-10T07:00,108.6,0.1467,22.33,71.8,0
2023-07-10T08:00,145.4,0.1444,22.46,70.3,0
2023-07-10T09:00,180.5,0.1429,24.7,66.7,0
2023-07-10T10:00,290.7,0.1414,26.09,67.8,0
2023-07-10T11:00,211.1,0.1389,26.5,68.9,0
2023-07-10T12:00,118.8,0.1393,28.02,55.9,0
2023-07-10T13:00,147.3,0.1372,27.98,57.4,0
2023-07-10T14:00,267.9,0.1377,27.96,59.4,0
2023-07-10T15:00,257.2,0.135,28.35,58,0
2023-07-10T16:00,106.5,0.1352,29.05,59.9,0
2023-07-10T17:00,72.8,0.1769,26.27,84.6,3.1
2023-07-10T18:00,82.8,0.2122,26.08,84.3,2.3
2023-07-10T19:00,58.4,0.2136,26.65,65.6,0
2023-07-10T20:00,15,0.2281,23.96,84.3,1.36
2023-07-10T21:00,0,0.2318,25.2,59.5,0
2023-07-10T22:00,0,0.2376,21.98,88.5,0.59
2023-07-10T23:00,0,0.2388,22.59,72.1,0
2023-07-11T00:00,0,0.2364,20.19,72.9,0
2023-07-11T01:00,0,0.2344,19.6,78.4,0
2023-07-11T02:00,0,0.2335,18.84,79,0
2023-07-11T03:00,0,0.235,19.44,80.2,0
2023-07-11T04:00,0,0.2316,19.54,75.5,0
2023-07-11T05:00,0,0.2309,20.79,74.7,0
2023-07-11T06:00,20.5,0.2326,22.59,71.7,0
2023-07-11T07:00,152.3,0.2317,22.44,79.4,0
2023-07-11T08:00,242.6,0.2278,24.15,67.7,0
2023-07-11T09:00,273.6,0.2286,25.87,65,0
2023-07-11T10:00,440.1,0.2233,27.49,61,0
2023-07-11T11:00,555.8,0.2214,29.12,60.9,0
2023-07-11T12:00,658.5,0.2173,29.71,55.2,0
2023-07-11T13:00,665.4,0.2137,30.43,57.1,0
2023-07-11T14:00,667.3,0.2102,30.89,53.8,0
2023-07-11T15:00,652.4,0.2036,31.05,53.1,0
2023-07-11T16:00,522.1,0.2031,30.97,53.2,0
2023-07-11T17:00,365.7,0.2028,29.41,51.2,0
2023-07-11T18:00,215.3,0.1977,27.15,65.8,0
2023-07-11T19:00,144.2,0.1973,27.07,59,0
2023-07-11T20:00,31.8,0.1969,25.96,59.9,0
2023-07-11T21:00,0,0.1971,24.88,70.2,0
2023-07-11T22:00,0,0.194,22.77,71.2,0
2023-07-11T23:00,0,0.1948,19.67,80.8,0
2023-07-12T00:00,0,0.1951,18.31,84.1,0
2023-07-12T01:00,0,0.1978,17.92,81.7,0
2023-07-12T02:00,0,0.1944,16.66,82.5,0
2023-07-12T03:00,0,0.1951,17.42,79.3,0
2023-07-12T04:00,0,0.1938,17.23,82.6,0
2023-07-12T05:00,0,0.1905,17.54,83.9,0
2023-07-12T06:00,28.7,0.191,19.29,84.2,0
2023-07-12T07:00,144.1,0.1862,20.71,72.7,0
2023-07-12T08:00,267.4,0.1867,22.58,72.2,0
2023-07-12T09:00,462.9,0.1867,23.73,64.7,0
2023-07-12T10:00,509.1,0.1851,25.37,63.1,0
2023-07-12T11:00,558.2,0.179,27.22,61.5,0
2023-07-12T12:00,618.1,0.1768,29.01,56.6,0
2023-07-12T13:00,520.2,0.1767,30.16,50.7,0
2023-07-12T14:00,528.3,0.1712,30.28,54,0
2023-07-12T15:00,291.1,0.1703,28.57,57.3,0
2023-07-12T16:00,147.4,0.1683,28.2,64.6,0
2023-07-12T17:00,150.9,0.1691,27.24,61.3,0
2023-07-12T18:00,60.6,0.1664,25.84,64,0
2023-07-12T19:00,60.5,0.1676,25.34,60.4,0
2023-07-12T20:00,13.2,0.1654,24.25,68.7,0
2023-07-12T21:00,0,0.1655,22.79,67.3,0
2023-07-12T22:00,0,0.1652,22.32,68.4,0
2023-07-12T23:00,0,0.1655,21.33,73.3,0
2023-07-13T00:00,0,0.1661,19.84,77.9,0
2023-07-13T01:00,0,0.1623,18.75,83.2,0
2023-07-13T02:00,0,0.1676,17.97,81.1,0
2023-07-13T03:00,0,0.1626,17.59,83,0
2023-07-13T04:00,0,0.1647,17.88,81.3,0
2023-07-13T05:00,0,0.1618,18.5,78,0
2023-07-13T06:00,31.5,0.1601,19.92,75.3,0
2023-07-13T07:00,191.1,0.1609,20.79,72.5,0
2023-07-13T08:00,305.9,0.1596,22.86,71.4,0
2023-07-13T09:00,447.9,0.1578,24.63,67.1,0
2023-07-13T10:00,504.9,0.1553,26.6,57.4,0
2023-07-13T11:00,457.7,0.1502,28.61,56.3,0
2023-07-13T12:00,496.6,0.1508,30,55.4,0
2023-07-13T13:00,563,0.1488,30.97,50.5,0
2023-07-13T14:00,590.5,0.1452,31.71,51.3,0
2023-07-13T15:00,382,0.1444,31.67,48.3,0
2023-07-13T16:00,424,0.1425,32.08,49.9,0
2023-07-13T17:00,280.4,0.1409,31.03,51.4,0
2023-07-13T18:00,221.4,0.1384,30.47,57.6,0
2023-07-13T19:00,143.3,0.1394,28.94,56.2,0
2023-07-13T20:00,38.6,0.1352,27.22,59.9,0
2023-07-13T21:00,0,0.1362,24.36,65,0
2023-07-13T22:00,0,0.135,21.81,71.7,0
2023-07-13T23:00,0,0.1376,20.69,73.7,0
2023-07-14T00:00,0,0.1349,19.98,78.4,0
2023-07-14T01:00,0,0.1346,18.82,81.6,0
2023-07-14T02:00,0,0.1376,18.41,73.5,0
2023-07-14T03:00,0,0.142,16.62,100,0.52
2023-07-14T04:00,0,0.1405,18.14,74.4,0
2023-07-14T05:00,0,0.1433,19.2,71.8,0
2023-07-14T06:00,11.1,0.1425,20.59,72,0
2023-07-14T07:00,39.5,0.1412,21.67,68.7,0
2023-07-14T08:00,111.2,0.1401,22.81,68.7,0
2023-07-14T09:00,198.4,0.1553,22.19,84.6,1.07
2023-07-14T10:00,175.9,0.153,25.54,66.4,0
2023-07-14T11:00,106.5,0.1655,24.1,87.1,0.83
2023-07-14T12:00,142.5,0.1647,26.07,69.1,0
2023-07-14T13:00,113.3,0.1739,24.53,83.4,0.85
2023-07-14T14:00,283.5,0.1755,28.21,58.9,0
2023-07-14T15:00,156,0.1722,28.3,57.9,0
2023-07-14T16:00,172.7,0.1705,28.95,56.9,0
2023-07-14T17:00,222.7,0.1706,28.72,58.3,0
2023-07-14T18:00,85.5,0.1691,27.97,53.2,0
2023-07-14T19:00,105,0.1676,27.07,62.7,0
2023-07-14T20:00,9.7,0.1704,25.13,65.3,0
2023-07-14T21:00,0,0.1672,24.14,67,0
2023-07-14T22:00,0,0.1682,22.21,73.8,0
2023-07-14T23:00,0,0.1682,20.5,76.8,0
2023-07-15T00:00,0,0.1711,16.25,100,0.38
2023-07-15T01:00,0,0.1726,17.86,79.3,0
2023-07-15T02:00,0,0.1721,17,80.6,0
2023-07-15T03:00,0,0.1706,16.64,86.6,0
2023-07-15T04:00,0,0.1715,16.98,79.1,0
2023-07-15T05:00,0,0.1668,17.55,88.6,0
2023-07-15T06:00,15.5,0.1667,18.83,77.5,0
2023-07-15T07:00,75,0.1688,20.82,77.5,0
2023-07-15T08:00,214.4,0.1669,22.06,69.3,0
2023-07-15T09:00,310,0.168,23.34,68.3,0
2023-07-15T10:00,453.8,0.1648,24.16,69.2,0
2023-07-15T11:00,505.5,0.1626,26.08,62.3,0
2023-07-15T12:00,469.4,0.1588,27.39,65.3,0
2023-07-15T13:00,427.7,0.1572,28.11,58.6,0
2023-07-15T14:00,513.1,0.1555,28.98,58.3,0
2023-07-15T15:00,371.8,0.1529,28.03,58.9,0
2023-07-15T16:00,231.2,0.1543,27.52,58.5,0
2023-07-15T17:00,207.2,0.1507,26.88,60.3,0
2023-07-15T18:00,97.3,0.1482,26.18,60.5,0
2023-07-15T19:00,104.6,0.1472,25.53,66.3,0
2023-07-15T20:00,26.7,0.1487,24.39,68,0
2023-07-15T21:00,0,0.1496,22.95,69.3,0
2023-07-15T22:00,0,0.1484,21.22,81.5,0
2023-07-15T23:00,0,0.1462,19.55,74.8,0
2023-07-16T00:00,0,0.1472,19,81.7,0
2023-07-16T01:00,0,0.1448,18.45,81.4,0
2023-07-16T02:00,0,0.1463,17.1,84.4,0
2023-07-16T03:00,0,0.1462,16.62,83.9,0
2023-07-16T04:00,0,0.1453,17.65,81.2,0
2023-07-16T05:00,0,0.1483,19.26,82.1,0
2023-07-16T06:00,5.1,0.1444,19.55,78.9,0
2023-07-16T07:00,10.6,0.1425,20.69,78.3,0
2023-07-16T08:00,35.6,0.144,21.63,73,0
2023-07-16T09:00,43.2,0.1447,21.92,74.3,0
2023-07-16T10:00,36.4,0.1436,23.58,71.9,0
2023-07-16T11:00,42.4,0.142,24.79,64.7,0
2023-07-16T12:00,144.8,0.1433,27.65,56.1,0
2023-07-16T13:00,218.5,0.1424,28.66,55.9,0
2023-07-16T14:00,423.7,0.1354,28.97,52.7,0
2023-07-16T15:00,370.9,0.1372,29.34,58.7,0
2023-07-16T16:00,244.9,0.1338,28.8,58,0
2023-07-16T17:00,301.1,0.134,28.85,59,0
2023-07-16T18:00,205.9,0.1329,27.69,52.5,0
2023-07-16T19:00,116.1,0.1307,27.78,66.3,0
2023-07-16T20:00,20.8,0.1289,26.76,56.4,0
2023-07-16T21:00,0,0.1306,25.74,65.8,0
2023-07-16T22:00,0,0.1287,24.56,65.9,0
2023-07-16T23:00,0,0.1306,23.03,67.8,0
2023-07-17T00:00,0,0.128,20.79,77.6,0
2023-07-17T01:00,0,0.129,19.81,76,0
2023-07-17T02:00,0,0.1312,18.42,80.3,0
2023-07-17T03:00,0,0.1305,18.82,79.2,0
2023-07-17T04:00,0,0.1305,19.39,73,0
2023-07-17T05:00,0,0.1285,18.72,79.2,0
2023-07-17T06:00,18.3,0.1287,19.47,78.1,0
2023-07-17T07:00,129.3,0.1289,20.5,82.4,0
2023-07-17T08:00,250.7,0.1286,21.21,72.9,0
2023-07-17T09:00,262.7,0.1287,23.59,68.2,0
2023-07-17T10:00,246.1,0.1245,25.46,67.6,0
2023-07-17T11:00,193.6,0.1243,27.23,64.3,0
2023-07-17T12:00,340.3,0.1228,29.08,59.2,0
2023-07-17T13:00,495.5,0.1211,30.09,53.2,0
2023-07-17T14:00,587.1,0.1164,30.42,56.8,0
2023-07-17T15:00,540,0.1191,30.94,54.3,0
2023-07-17T16:00,418.4,0.1138,30.22,51.1,0
2023-07-17T17:00,411.3,0.1118,30.04,57.1,0
2023-07-17T18:00,252.1,0.112,28.65,58.2,0
2023-07-17T19:00,128.7,0.1116,27.68,60.9,0
2023-07-17T20:00,18,0.1112,25.92,60,0
2023-07-17T21:00,0,0.1131,23.79,67.9,0
2023-07-17T22:00,0,0.1105,22.23,72.5,0
2023-07-17T23:00,0,0.1087,21.06,73.3,0
2023-07-18T00:00,0,0.1086,20.68,75.2,0
2023-07-18T01:00,0,0.1092,18.58,72.5,0
2023-07-18T02:00,0,0.1084,18.03,78.4,0
2023-07-18T03:00,0,0.1089,18.38,82.9,0
2023-07-18T04:00,0,0.1078,18.54,77.9,0
2023-07-18T05:00,0,0.1108,19.06,78.6,0
2023-07-18T06:00,20.7,0.1076,19.1,76.8,0
2023-07-18T07:00,151,0.1081,20.19,78.6,0
2023-07-18T08:00,297.6,0.1019,21.45,72.4,0
2023-07-18T09:00,388.3,0.105,23.22,71.7,0
2023-07-18T10:00,490.2,0.1037,24.97,69.2,0
2023-07-18T11:00,557.1,0.1018,26.67,64.6,0
2023-07-18T12:00,591.6,0.1014,27.72,61.9,0
2023-07-18T13:00,636.7,0.1024,29.71,57.5,0
2023-07-18T14:00,652.5,0.0975,30.36,53.3,0
2023-07-18T15:00,789.6,0.0994,31.43,51.5,0
2023-07-18T16:00,552.2,0.0999,31.57,52.2,0
2023-07-18T17:00,389.5,0.1014,30.58,56.1,0
2023-07-18T18:00,294.2,0.1024,30.99,50.2,0
2023-07-18T19:00,124.3,0.1015,28.43,53.7,0
2023-07-18T20:00,30.8,0.0971,27.28,66.2,0
2023-07-18T21:00,0,0.0996,23.82,70.3,0
2023-07-18T22:00,0,0.0986,21.46,70.8,0
2023-07-18T23:00,0,0.0991,20.24,70.6,0
2023-07-19T00:00,0,0.1002,18.44,81.3,0
2023-07-19T01:00,0,0.1019,18.09,80.8,0
2023-07-19T02:00,0,0.1007,16.74,81.1,0
2023-07-19T03:00,0,0.2708,15.84,84.6,0
2023-07-19T04:00,0,0.2697,17.3,79.8,0
2023-07-19T05:00,0,0.2682,17.47,83.2,0
2023-07-19T06:00,18.8,0.2724,17.07,84.2,0
2023-07-19T07:00,120.9,0.2666,18.73,79.9,0
2023-07-19T08:00,272.8,0.2659,20.55,78.9,0
2023-07-19T09:00,377.4,0.2647,21.82,71.6,0
2023-07-19T10:00,414.7,0.2625,24.19,68.6,0
2023-07-19T11:00,580.1,0.2561,26.81,61.4,0
2023-07-19T12:00,728.2,0.2501,28.68,57.6,0
2023-07-19T13:00,620,0.2472,28.81,54.5,0
2023-07-19T14:00,806.6,0.2381,29.76,59.7,0
2023-07-19T15:00,828.4,0.2344,30.85,54.2,0
2023-07-19T16:00,721.3,0.2306,30.7,50,0
2023-07-19T17:00,575.7,0.225,29.57,53.8,0
2023-07-19T18:00,334,0.224,27.48,60.2,0
2023-07-19T19:00,162.4,0.2227,25.9,65.4,0
2023-07-19T20:00,30.3,0.222,24.11,65.9,0
2023-07-19T21:00,0,0.2224,23.06,74.1,0
2023-07-19T22:00,0,0.2187,21.87,75,0
2023-07-19T23:00,0,0.22,20.28,77.6,0
2023-07-20T00:00,0,0.2223,20.2,74.3,0
2023-07-20T01:00,0,0.217,19.91,76.8,0
2023-07-20T02:00,0,0.2167,18.23,81.7,0
2023-07-20T03:00,0,0.2194,18.03,85.7,0
2023-07-20T04:00,0,0.2191,18.54,78.8,0
2023-07-20T05:00,0,0.2197,19.66,73.8,0
2023-07-20T06:00,21,0.2165,19.37,79.3,0
2023-07-20T07:00,143.2,0.215,21.03,71.7,0
2023-07-20T08:00,250.5,0.2124,23.03,67.3,0
2023-07-20T09:00,326.5,0.2129,25.06,65.3,0
2023-07-20T10:00,434.8,0.208,26.31,62.6,0
2023-07-20T11:00,541.5,0.2056,28.74,56.3,0
2023-07-20T12:00,581.4,0.2042,29.55,59.2,0
2023-07-20T13:00,584.3,0.1994,30.37,57.8,0
2023-07-20T14:00,474.6,0.1952,30.29,50.5,0
2023-07-20T15:00,469.5,0.1955,30.08,54.9,0
2023-07-20T16:00,383.9,0.1945,30.82,50.8,0
2023-07-20T17:00,374,0.1884,30.57,52.1,0
2023-07-20T18:00,263.9,0.1869,29.03,58.8,0
2023-07-20T19:00,134.6,0.1844,26.9,63.8,0
2023-07-20T20:00,24.1,0.1855,25.37,62.9,0
2023-07-20T21:00,0,0.1846,24.17,68.7,0
2023-07-20T22:00,0,0.1878,22.87,68.5,0
2023-07-20T23:00,0,0.1862,20.67,73.1,0
2023-07-21T00:00,0,0.1863,17.98,84.4,0
2023-07-21T01:00,0,0.1811,15.97,84,0
2023-07-21T02:00,0,0.1827,14.95,88.8,0
2023-07-21T03:00,0,0.1825,14.79,79.4,0
2023-07-21T04:00,0,0.1799,16.18,80.3,0
2023-07-21T05:00,0,0.1831,16.27,83.8,0
2023-07-21T06:00,24.1,0.1797,18.61,80.3,0
2023-07-21T07:00,199,0.1801,19.51,80.5,0
2023-07-21T08:00,387.6,0.1796,22.18,68.5,0
2023-07-21T09:00,521.9,0.1731,24.24,67.7,0
2023-07-21T10:00,587,0.1737,26.3,62.1,0
2023-07-21T11:00,673.5,0.1666,28.34,58.5,0
2023-07-21T12:00,612,0.1675,29.48,56.3,0
2023-07-21T13:00,619,0.1624,31.07,49.7,0
2023-07-21T14:00,803.1,0.1598,31.76,55.7,0
2023-07-21T15:00,726.2,0.1544,32.28,46.5,0
2023-07-21T16:00,694.5,0.1522,33.31,48.9,0
2023-07-21T17:00,583.7,0.1508,32.96,41.3,0
2023-07-21T18:00,407.6,0.1495,32.14,50.5,0
2023-07-21T19:00,219.3,0.1466,29.56,58.8,0
2023-07-21T20:00,32.6,0.146,27.3,59.5,0
2023-07-21T21:00,0,0.1436,25.65,66.5,0
2023-07-21T22:00,0,0.1459,23.63,67.5,0
2023-07-21T23:00,0,0.1473,22.36,68.8,0
2023-07-22T00:00,0,0.1444,21,77,0
2023-07-22T01:00,0,0.1443,19.49,83.1,0
2023-07-22T02:00,0,0.1442,19.92,71.8,0
2023-07-22T03:00,0,0.1437,18.63,82.1,0
2023-07-22T04:00,0,0.1425,19.23,78.6,0
2023-07-22T05:00,0,0.1449,19.81,78.1,0
2023-07-22T06:00,21.3,0.1431,20.73,74.6,0
2023-07-22T07:00,194.5,0.1415,21.19,69.2,0
2023-07-22T08:00,352,0.1395,23.12,66.6,0
2023-07-22T09:00,537.2,0.1391,26.03,64.1,0
2023-07-22T10:00,607.9,0.1371,27.57,60.9,0
2023-07-22T11:00,628.6,0.1339,29.26,57.9,0
2023-07-22T12:00,751,0.1305,30.34,54.1,0
2023-07-22T13:00,867.4,0.1237,30.83,55,0
2023-07-22T14:00,824.4,0.1232,31.92,48,0
2023-07-22T15:00,844.3,0.1203,32.99,51.1,0
2023-07-22T16:00,668.1,0.1161,32.59,46.8,0
2023-07-22T17:00,522.8,0.1161,30.91,52.2,0
2023-07-22T18:00,318.9,0.1135,28.77,58.8,0
2023-07-22T19:00,176.9,0.1142,27.14,63.9,0
2023-07-22T20:00,33.7,0.1149,25.21,63.1,0
2023-07-22T21:00,0,0.1155,23.98,71,0
2023-07-22T22:00,0,0.1162,22.55,71.3,0
2023-07-22T23:00,0,0.1141,20.47,84,0
2023-07-23T00:00,0,0.1129,19.04,78,0
2023-07-23T01:00,0,0.1098,18.25,80.5,0
2023-07-23T02:00,0,0.1137,16.95,79.7,0
2023-07-23T03:00,0,0.114,16.69,84.5,0
2023-07-23T04:00,0,0.1098,17.27,84.6,0
2023-07-23T05:00,0,0.1114,17.1,81.7,0
2023-07-23T06:00,18.2,0.1125,18.33,81.7,0
2023-07-23T07:00,193.8,0.1085,19.13,76.6,0
2023-07-23T08:00,382.8,0.1073,20.48,72.6,0
2023-07-23T09:00,538.2,0.1088,23.29,70.7,0
2023-07-23T10:00,716,0.1041,25.27,64.7,0
2023-07-23T11:00,835.7,0.1021,27.9,62.2,0
2023-07-23T12:00,912.2,0.0987,29.38,57.4,0
2023-07-23T13:00,868.4,0.0986,30.63,52.7,0
2023-07-23T14:00,715.3,0.0996,30.86,52.9,0
2023-07-23T15:00,665.1,0.0997,31.68,50.6,0
2023-07-23T16:00,578.4,0.0989,31.05,51.2,0
2023-07-23T17:00,445.6,0.0993,30.04,59.5,0
2023-07-23T18:00,380.8,0.0996,28.26,58,0
2023-07-23T19:00,172.6,0.0971,25.59,59.9,0
2023-07-23T20:00,30.9,0.0974,24.49,67,0
2023-07-23T21:00,0,0.0975,22.24,69.2,0
2023-07-23T22:00,0,0.1,19.88,78.4,0
2023-07-23T23:00,0,0.0994,18.23,78.9,0
2023-07-24T00:00,0,0.1012,16.73,87.6,0
2023-07-24T01:00,0,0.097,15.53,86.8,0
2023-07-24T02:00,0,0.1003,15.69,89.1,0
2023-07-24T03:00,0,0.0965,14.8,93.6,0
2023-07-24T04:00,0,0.098,15.25,85.1,0
2023-07-24T05:00,0,0.0993,16.29,84,0
2023-07-24T06:00,10,0.0971,18.82,79.5,0
2023-07-24T07:00,113.9,0.1008,20.7,77.7,0
2023-07-24T08:00,212.3,0.0981,22.11,69.4,0
2023-07-24T09:00,373.3,0.0957,23.97,66.5,0
2023-07-24T10:00,568.8,0.0989,26.99,69,0
2023-07-24T11:00,660.9,0.1002,28.77,57.5,0
2023-07-24T12:00,724,0.0984,29.53,61.1,0
2023-07-24T13:00,790.5,0.0973,30.47,55.9,0
2023-07-24T14:00,826.4,0.0976,31.33,52.2,0
2023-07-24T15:00,815.7,0.0968,31.73,49.6,0
2023-07-24T16:00,707.5,0.1004,31.58,48.2,0
2023-07-24T17:00,577.8,0.0994,31.86,53.1,0
2023-07-24T18:00,353.7,0.101,30.22,55.2,0
2023-07-24T19:00,176.7,0.0969,28.17,57.4,0
2023-07-24T20:00,29.8,0.2716,25.79,64.8,0
2023-07-24T21:00,0,0.2703,23.83,66.6,0
2023-07-24T22:00,0,0.2677,21.86,75.3,0
2023-07-24T23:00,0,0.2693,20.45,74.4,0
2023-07-25T00:00,0,0.2702,19.42,74,0
2023-07-25T01:00,0,0.2663,18.15,79,0
2023-07-25T02:00,0,0.2672,17.94,77.5,0
2023-07-25T03:00,0,0.2677,17.93,81.5,0
2023-07-25T04:00,0,0.2661,16.85,89.2,0
2023-07-25T05:00,0,0.2651,18.06,82,0
2023-07-25T06:00,15.8,0.2625,19.81,75.6,0
2023-07-25T07:00,149.3,0.2631,21.64,75.2,0
2023-07-25T08:00,299.7,0.259,23.83,66.4,0
2023-07-25T09:00,414,0.2565,25.67,65.8,0
2023-07-25T10:00,462.1,0.2533,27.11,64.3,0
2023-07-25T11:00,501.8,0.2516,29.25,53.8,0
2023-07-25T12:00,572.5,0.2463,30.54,56.9,0
2023-07-25T13:00,637.8,0.2406,30.73,49.3,0
2023-07-25T14:00,490.2,0.2387,30.84,52.7,0
2023-07-25T15:00,658.3,0.2353,32.22,46.9,0
2023-07-25T16:00,605.7,0.2328,31.7,48.6,0
2023-07-25T17:00,465.7,0.2276,31.81,49.4,0
2023-07-25T18:00,354.9,0.2263,30.93,52.6,0
2023-07-25T19:00,198.1,0.2257,28.74,53.2,0
2023-07-25T20:00,29.4,0.222,26.18,60,0
2023-07-25T21:00,0,0.2218,24.12,67.2,0
2023-07-25T22:00,0,0.2202,22.95,71.6,0
2023-07-25T23:00,0,0.22,20.72,74.8,0
2023-07-26T00:00,0,0.2215,18.01,83.4,0
2023-07-26T01:00,0,0.2193,16.09,82.7,0
2023-07-26T02:00,0,0.2196,15.08,91,0
2023-07-26T03:00,0,0.2208,15.41,91.1,0
2023-07-26T04:00,0,0.2167,16.51,87.1,0
2023-07-26T05:00,0,0.2177,17.3,83.4,0
2023-07-26T06:00,12.8,0.2215,18.73,79.6,0
2023-07-26T07:00,169.5,0.2157,19.96,71.4,0
2023-07-26T08:00,367.7,0.2145,21.46,69.4,0
2023-07-26T09:00,521.9,0.2089,23.89,68.5,0
2023-07-26T10:00,709.8,0.2077,26.2,60.3,0
2023-07-26T11:00,801,0.2057,28.12,58.2,0
2023-07-26T12:00,906.8,0.198,29.5,57.6,0
2023-07-26T13:00,868,0.1914,30.75,54.2,0
2023-07-26T14:00,912.5,0.1874,30.96,55.7,0
2023-07-26T15:00,622.7,0.184,30.48,60.8,0
2023-07-26T16:00,604.1,0.182,30.81,48.1,0
2023-07-26T17:00,562,0.1768,30.75,51.2,0
2023-07-26T18:00,346.2,0.1756,28.94,61.8,0
2023-07-26T19:00,206.7,0.1727,28.06,60.1,0
2023-07-26T20:00,28.5,0.1757,26.91,59,0
2023-07-26T21:00,0,0.1724,24.84,69.2,0
2023-07-26T22:00,0,0.1719,22.03,72.1,0
2023-07-26T23:00,0,0.1714,20.45,74.9,0
2023-07-27T00:00,0,0.1727,19.49,75.9,0
2023-07-27T01:00,0,0.1733,17.66,84.8,0
2023-07-27T02:00,0,0.1701,16.77,82.6,0
2023-07-27T03:00,0,0.1716,16.5,83.6,0
2023-07-27T04:00,0,0.1743,16.99,82.4,0
2023-07-27T05:00,0,0.1719,18.42,79.8,0
2023-07-27T06:00,11,0.1709,19.31,79.2,0
2023-07-27T07:00,169.9,0.1681,21.12,72.8,0
2023-07-27T08:00,372.7,0.1649,23.74,63.2,0
2023-07-27T09:00,541.4,0.1621,25.27,65.5,0
2023-07-27T10:00,589.8,0.1635,26.62,60.4,0
2023-07-27T11:00,479.4,0.1599,28.54,58.7,0
2023-07-27T12:00,633.8,0.1553,30.54,48.5,0
2023-07-27T13:00,669.1,0.1532,30.1,55,0
2023-07-27T14:00,703.5,0.1496,31.4,50.3,0
2023-07-27T15:00,750.5,0.1489,31.78,50.7,0
2023-07-27T16:00,627.5,0.1418,30.88,48.9,0
2023-07-27T17:00,454,0.1414,29.1,58.8,0
2023-07-27T18:00,393.5,0.141,29.26,57.8,0
2023-07-27T19:00,203.9,0.141,27.46,62.2,0
2023-07-27T20:00,26.2,0.1385,25.67,64.2,0
2023-07-27T21:00,0,0.1406,24.17,70.8,0
2023-07-27T22:00,0,0.137,22.71,67.6,0
2023-07-27T23:00,0,0.138,20.62,73.9,0
2023-07-28T00:00,0,0.1376,19.27,82.4,0
2023-07-28T01:00,0,0.1396,18.5,82.3,0
2023-07-28T02:00,0,0.1366,17.25,84.6,0
2023-07-28T03:00,0,0.1342,16.42,88.2,0
2023-07-28T04:00,0,0.1358,16.88,80.7,0
2023-07-28T05:00,0,0.136,16.68,88.5,0
2023-07-28T06:00,5.4,0.1335,18.65,76.3,0
2023-07-28T07:00,118,0.1338,19.1,80.6,0
2023-07-28T08:00,166.5,0.1345,21.87,73.5,0
2023-07-28T09:00,414.2,0.1345,24.06,70.1,0
2023-07-28T10:00,484.7,0.1278,25.51,66.2,0
2023-07-28T11:00,623.6,0.1294,26.98,60.8,0
2023-07-28T12:00,707.1,0.125,27.86,59.7,0
2023-07-28T13:00,754,0.1214,29.24,59.2,0
2023-07-28T14:00,751.5,0.1237,30.27,53,0
2023-07-28T15:00,652.1,0.1168,30.22,54.8,0
2023-07-28T16:00,412.5,0.1178,28.33,58.4,0
2023-07-28T17:00,442.9,0.1137,27.86,60.9,0
2023-07-28T18:00,321.3,0.112,27.44,60,0
2023-07-28T19:00,162.9,0.1114,26.83,65.9,0
2023-07-28T20:00,20.1,0.1099,24.53,68.7,0
2023-07-28T21:00,0,0.1107,23.93,73.9,0
2023-07-28T22:00,0,0.1098,21.77,71.4,0
2023-07-28T23:00,0,0.1102,20.67,73.8,0
2023-07-29T00:00,0,0.109,19.05,78.2,0
2023-07-29T01:00,0,0.1116,18.51,79.1,0
2023-07-29T02:00,0,0.1101,17.87,82.4,0
2023-07-29T03:00,0,0.1076,18.59,77.7,0
2023-07-29T04:00,0,0.1096,17.1,82.9,0
2023-07-29T05:00,0,0.11,18.09,85.8,0
2023-07-29T06:00,8.2,0.1089,19.71,77.9,0
2023-07-29T07:00,166.8,0.1068,21.27,77.3,0
2023-07-29T08:00,358.1,0.1083,22.82,68.3,0
2023-07-29T09:00,540.6,0.1058,24.58,62,0
2023-07-29T10:00,653.7,0.1027,26.67,59.2,0
2023-07-29T11:00,789.5,0.1001,27.98,55.8,0
2023-07-29T12:00,753.8,0.0993,28.88,53.9,0
2023-07-29T13:00,816.9,0.0982,30.37,59.6,0
2023-07-29T14:00,845.1,0.0975,31.13,49.5,0
2023-07-29T15:00,759.4,0.0942,31.46,51,0
2023-07-29T16:00,718.4,0.0975,31.85,49.9,0
2023-07-29T17:00,565.9,0.0995,30.7,52.5,0
2023-07-29T18:00,387.9,0.0974,29.46,55.3,0
2023-07-29T19:00,192.6,0.0977,27.79,59.2,0
2023-07-29T20:00,21.3,0.0975,25.39,60.9,0
2023-07-29T21:00,0,0.0965,23.73,70.7,0
2023-07-29T22:00,0,0.0957,22.56,67.8,0
2023-07-29T23:00,0,0.0993,19.87,71.3,0
2023-07-30T00:00,0,0.0984,18.76,79.1,0
2023-07-30T01:00,0,0.0987,18.64,78.4,0
2023-07-30T02:00,0,0.0965,16.2,85.4,0
2023-07-30T03:00,0,0.0974,16.37,83.9,0
2023-07-30T04:00,0,0.2702,15.65,83.6,0
2023-07-30T05:00,0,0.2668,16.68,81.2,0
2023-07-30T06:00,4.3,0.2696,19.61,72.4,0
2023-07-30T07:00,138,0.2675,20.23,75.9,0
2023-07-30T08:00,323.3,0.2648,21.54,71.6,0
2023-07-30T09:00,479.6,0.2616,23.79,65.2,0
2023-07-30T10:00,586.7,0.2592,25.78,59.8,0
2023-07-30T11:00,645.3,0.2542,27.23,58.1,0
2023-07-30T12:00,743,0.2487,29.42,56.9,0
2023-07-30T13:00,927.2,0.2411,31.05,49.9,0
2023-07-30T14:00,836.3,0.2349,31.41,53.6,0
2023-07-30T15:00,653.8,0.2333,29.75,55.9,0
2023-07-30T16:00,667,0.2301,31.33,53.2,0
2023-07-30T17:00,498.6,0.225,30.07,55.2,0
2023-07-30T18:00,342.7,0.2214,29.83,54.7,0
2023-07-30T19:00,171.8,0.22,27.56,58.2,0
2023-07-30T20:00,15.6,0.2197,25.66,63.3,0
2023-07-30T21:00,0,0.218,23.46,69.5,0
2023-07-30T22:00,0,0.2175,22.29,70.8,0
2023-07-30T23:00,0,0.2201,20.85,75,0
2023-07-31T00:00,0,0.2173,18.76,75,0
2023-07-31T01:00,0,0.2151,17.75,80.5,0
2023-07-31T02:00,0,0.2162,17.76,84.2,0
2023-07-31T03:00,0,0.2171,17.2,84.3,0
2023-07-31T04:00,0,0.2157,16.35,89.7,0
2023-07-31T05:00,0,0.2179,16.95,77.5,0
2023-07-31T06:00,2.1,0.2147,17.71,77.8,0
2023-07-31T07:00,107.2,0.2121,18.37,80.8,0
2023-07-31T08:00,294.4,0.211,20.12,77.2,0
2023-07-31T09:00,438.6,0.2076,22.36,67.1,0
2023-07-31T10:00,673.3,0.2026,25.05,64.8,0
2023-07-31T11:00,819.7,0.2012,27.15,64.9,0
2023-07-31T12:00,846,0.1939,28.28,57.1,0
2023-07-31T13:00,619.2,0.1906,28.84,58.1,0
2023-07-31T14:00,629.8,0.189,28.86,58.4,0
2023-07-31T15:00,698.5,0.184,29.81,48.1,0
2023-07-31T16:00,600.6,0.183,29.16,51.2,0
2023-07-31T17:00,374.8,0.1787,27.61,64.2,0
2023-07-31T18:00,252.2,0.1777,26.79,67.1,0
2023-07-31T19:00,118.1,0.1768,24.9,59.5,0
2023-07-31T20:00,9.9,0.174,23.07,69.6,0
2023-07-31T21:00,0,0.1757,20.77,73.9,0
2023-07-31T22:00,0,0.1741,19.42,79.4,0
2023-07-31T23:00,0,0.1739,18.96,75.5,0
2023-08-01T00:00,0,0.1736,18.08,78.3,0
2023-08-01T01:00,0,0.1767,17.26,85.3,0
2023-08-01T02:00,0,0.1747,17.62,81.2,0
2023-08-01T03:00,0,0.1734,17.81,80.5,0
2023-08-01T04:00,0,0.1743,18.32,77.4,0
2023-08-01T05:00,0,0.175,18.27,82.6,0
2023-08-01T06:00,2.7,0.1726,19.15,79.2,0
2023-08-01T07:00,129.7,0.1739,20.38,74.2,0
2023-08-01T08:00,279.2,0.1701,21.48,73.2,0
2023-08-01T09:00,459.5,0.1688,23.48,67,0
2023-08-01T10:00,527.9,0.1655,25.41,65.2,0
2023-08-01T11:00,520.9,0.1631,26.16,63,0
2023-08-01T12:00,733.2,0.1611,28.95,57.7,0
2023-08-01T13:00,661.3,0.1563,29.88,53.4,0
2023-08-01T14:00,658.8,0.1541,30.23,55.6,0
2023-08-01T15:00,549.8,0.1523,29.79,53.5,0
2023-08-01T16:00,551.7,0.1485,30.49,52.7,0
2023-08-01T17:00,526.7,0.1443,30.07,54.5,0
2023-08-01T18:00,289.7,0.1447,29.01,58.9,0
2023-08-01T19:00,111.7,0.144,27.79,60,0
2023-08-01T20:00,9.4,0.1442,27.02,58.5,0
2023-08-01T21:00,0,0.1438,25.26,59.9,0
2023-08-01T22:00,0,0.1424,23.45,65.4,0
2023-08-01T23:00,0,0.139,21.59,68.1,0
2023-08-02T00:00,0,0.1431,19.85,80.2,0
2023-08-02T01:00,0,0.1425,18.12,78.1,0
2023-08-02T02:00,0,0.142,17.09,82.8,0
2023-08-02T03:00,0,0.1439,17.13,83.3,0
2023-08-02T04:00,0,0.1435,17.62,79.4,0
2023-08-02T05:00,0,0.1389,18.42,80.4,0
2023-08-02T06:00,1.6,0.143,19.54,75.2,0
2023-08-02T07:00,67.1,0.1416,20.62,74.1,0
2023-08-02T08:00,137.1,0.1403,20.77,75.7,0
2023-08-02T09:00,207.3,0.1396,22.64,72,0
2023-08-02T10:00,468.8,0.1362,24.5,63.3,0
2023-08-02T11:00,634.3,0.133,26.95,57.8,0
2023-08-02T12:00,623.2,0.1297,28.35,55.7,0
2023-08-02T13:00,650,0.1282,29.09,58.7,0
2023-08-02T14:00,604.9,0.1295,30.12,51.7,0
2023-08-02T15:00,554.7,0.1258,30.38,53,0
2023-08-02T16:00,486.9,0.1236,29.89,61.5,0
2023-08-02T17:00,403,0.1221,29.28,55.7,0
2023-08-02T18:00,322.1,0.1202,28.48,52.8,0
2023-08-02T19:00,164.7,0.1163,27.43,57.2,0
2023-08-02T20:00,11.6,0.1199,26.21,65.7,0
2023-08-02T21:00,0,0.117,24.07,66.2,0
2023-08-02T22:00,0,0.1185,22.01,68.3,0
2023-08-02T23:00,0,0.1175,21.07,75.9,0
2023-08-03T00:00,0,0.1162,19.55,72.1,0
2023-08-03T01:00,0,0.1175,18.32,77.7,0
2023-08-03T02:00,0,0.1157,16.37,85.4,0
2023-08-03T03:00,0,0.1161,16.41,84.1,0
2023-08-03T04:00,0,0.1164,16.49,84,0
2023-08-03T05:00,0,0.1148,17.33,85.4,0
2023-08-03T06:00,1,0.1126,18.91,77.4,0
2023-08-03T07:00,135.4,0.1161,20.6,77.2,0
2023-08-03T08:00,212,0.1132,22.3,69.3,0
2023-08-03T09:00,380.3,0.1135,24.15,67.6,0
2023-08-03T10:00,501.2,0.1077,25.36,61.4,0
2023-08-03T11:00,515.1,0.1095,27.99,58,0
2023-08-03T12:00,594.5,0.109,29.91,57.3,0
2023-08-03T13:00,617.5,0.1064,30.38,52.7,0
2023-08-03T14:00,562.4,0.1024,30.37,58.8,0
2023-08-03T15:00,473.3,0.1019,30.94,50.6,0
2023-08-03T16:00,413.8,0.102,30.85,48.8,0
2023-08-03T17:00,227.3,0.0992,29.73,56.1,0
2023-08-03T18:00,226.4,0.101,30.17,55.8,0
2023-08-03T19:00,92.7,0.1009,28.1,62.4,0
2023-08-03T20:00,5.3,0.1016,25.78,62.4,0
2023-08-03T21:00,0,0.0986,24.67,65.8,0
2023-08-03T22:00,0,0.1018,23.6,69.2,0
2023-08-03T23:00,0,0.0992,22.36,74.3,0
2023-08-04T00:00,0,0.0995,20.14,73.7,0
2023-08-04T01:00,0,0.0983,18.7,86.1,0
2023-08-04T02:00,0,0.2722,17.08,82.7,0
2023-08-04T03:00,0,0.2667,16.34,78.9,0
2023-08-04T04:00,0,0.2677,18.02,78.6,0
2023-08-04T05:00,0,0.2695,17.92,82.1,0
2023-08-04T06:00,0.7,0.2702,18.38,78.6,0
2023-08-04T07:00,129.2,0.2685,19.67,77,0
2023-08-04T08:00,288.8,0.2643,21.5,68.3,0
2023-08-04T09:00,400.8,0.2645,23.14,70.7,0
2023-08-04T10:00,519.9,0.2621,25.48,65.8,0
2023-08-04T11:00,554.2,0.254,26.85,53.5,0
2023-08-04T12:00,633.8,0.2473,29.42,51.9,0
2023-08-04T13:00,621.1,0.2456,30.91,51.6,0
2023-08-04T14:00,472.4,0.2443,31.47,48.5,0
2023-08-04T15:00,360.7,0.2404,30.14,46.8,0
2023-08-04T16:00,439.4,0.2393,30.99,47.8,0
2023-08-04T17:00,251.1,0.2353,29.8,53.8,0
2023-08-04T18:00,206.6,0.2324,28.68,55.7,0
2023-08-04T19:00,143.5,0.2336,27.2,59.9,0
2023-08-04T20:00,6.2,0.2307,25.51,65.7,0
2023-08-04T21:00,0,0.2302,24.12,69.8,0
2023-08-04T22:00,0,0.2313,23.12,72.5,0
2023-08-04T23:00,0,0.2318,20.94,79.9,0
2023-08-05T00:00,0,0.2302,20.19,71.5,0
2023-08-05T01:00,0,0.2309,18.65,76.3,0
2023-08-05T02:00,0,0.2289,18.25,81.8,0
2023-08-05T03:00,0,0.2293,18.34,75.8,0
2023-08-05T04:00,0,0.2279,18.6,82.3,0
2023-08-05T05:00,0,0.2297,18.48,76,0
2023-08-05T06:00,0.2,0.2257,18.78,82.7,0
2023-08-05T07:00,93.2,0.2264,19.74,81.5,0
2023-08-05T08:00,265.9,0.2238,21.65,76.5,0
2023-08-05T09:00,347.9,0.2232,23.99,70,0
2023-08-05T10:00,440.2,0.2196,26.83,63.3,0
2023-08-05T11:00,566,0.2155,28.9,55,0
2023-08-05T12:00,509,0.215,30.55,54.4,0
2023-08-05T13:00,480,0.2102,31.02,56.5,0
2023-08-05T14:00,579,0.2027,32.11,54.5,0
2023-08-05T15:00,607.6,0.2041,32.21,54.4,0
2023-08-05T16:00,568.5,0.199,32.44,45,0
2023-08-05T17:00,517,0.1965,31.73,47.9,0
2023-08-05T18:00,264.4,0.1949,29.54,54.8,0
2023-08-05T19:00,139.2,0.1927,28.45,55.6,0
2023-08-05T20:00,3.2,0.1928,26.61,62.2,0
2023-08-05T21:00,0,0.1946,25.02,63.2,0
2023-08-05T22:00,0,0.1941,23.21,69.6,0
2023-08-05T23:00,0,0.1931,21.72,69.9,0
2023-08-06T00:00,0,0.19,18.95,71.8,0
2023-08-06T01:00,0,0.1886,17.3,79.8,0
2023-08-06T02:00,0,0.1906,15.81,84.3,0
2023-08-06T03:00,0,0.1924,16.03,87.8,0
2023-08-06T04:00,0,0.1914,16.7,80.7,0
2023-08-06T05:00,0,0.1886,17.84,77.7,0
2023-08-06T06:00,0.1,0.1885,19.3,75.5,0
2023-08-06T07:00,123.8,0.189,20.61,74.5,0
2023-08-06T08:00,291,0.1876,21.98,73,0
2023-08-06T09:00,437.3,0.1874,24.45,67.3,0
2023-08-06T10:00,533.1,0.1823,26.63,57.6,0
2023-08-06T11:00,719.1,0.1798,28.56,58.1,0
2023-08-06T12:00,873.5,0.1762,30.81,49.3,0
2023-08-06T13:00,722.4,0.171,31.05,55.4,0
2023-08-06T14:00,622.2,0.1664,30.25,49.5,0
2023-08-06T15:00,570.2,0.1619,30.64,52.2,0
2023-08-06T16:00,518.3,0.1606,29.94,56.9,0
2023-08-06T17:00,289.3,0.1589,28.64,60.8,0
2023-08-06T18:00,268.8,0.1592,27.5,58.7,0
2023-08-06T19:00,101.3,0.1588,25.98,61.1,0
2023-08-06T20:00,2.5,0.154,24.76,66.1,0
2023-08-06T21:00,0,0.157,22.01,70.8,0
2023-08-06T22:00,0,0.1586,19.44,75.9,0
2023-08-06T23:00,0,0.1569,18.8,73.3,0
2023-08-07T00:00,0,0.1552,18.26,77.2,0
2023-08-07T01:00,0,0.1537,17.68,81.5,0
2023-08-07T02:00,0,0.1553,17.78,79.2,0
2023-08-07T03:00,0,0.1565,17.55,79.2,0
2023-08-07T04:00,0,0.1545,17.24,82.3,0
2023-08-07T05:00,0,0.153,18.05,77.5,0
2023-08-07T06:00,0,0.1531,17.54,78.1,0
2023-08-07T07:00,103.5,0.1513,18.39,78.9,0
2023-08-07T08:00,230.7,0.1514,20.48,73.9,0
2023-08-07T09:00,387,0.1509,22.24,70.2,0
2023-08-07T10:00,477.1,0.1451,23.78,66.3,0
2023-08-07T11:00,519.8,0.1434,24.61,64.9,0
2023-08-07T12:00,635.4,0.1429,25.92,60.2,0
2023-08-07T13:00,671.1,0.1407,27.31,59.2,0
2023-08-07T14:00,536.7,0.136,28.04,59.4,0
2023-08-07T15:00,537.4,0.1361,29.02,59.8,0
2023-08-07T16:00,517.7,0.135,28.37,56.5,0
2023-08-07T17:00,388.1,0.1311,28.07,58.7,0
2023-08-07T18:00,283.2,0.1309,26.82,59,0
2023-08-07T19:00,140.3,0.1296,25.58,62.9,0
2023-08-07T20:00,2,0.1296,24.27,66,0
2023-08-07T21:00,0,0.1297,22.7,70,0
2023-08-07T22:00,0,0.1277,20.76,74.1,0
2023-08-07T23:00,0,0.1294,19.27,74.8,0
2023-08-08T00:00,0,0.1288,16.52,76.9,0
2023-08-08T01:00,0,0.1279,15.12,93.9,0
2023-08-08T02:00,0,0.1262,15.5,88.7,0
2023-08-08T03:00,0,0.1268,16.14,79,0
2023-08-08T04:00,0,0.1277,16.67,77.7,0
2023-08-08T05:00,0,0.1255,17.74,81.4,0
2023-08-08T06:00,0,0.124,18.49,75,0
2023-08-08T07:00,41.4,0.1267,19.62,68.2,0
2023-08-08T08:00,122,0.1234,20.89,73.7,0
2023-08-08T09:00,239.9,0.1241,22.31,70.9,0
2023-08-08T10:00,241.7,0.123,23.65,63.4,0
2023-08-08T11:00,439.1,0.12,25.56,71.5,0
2023-08-08T12:00,526.3,0.1194,26.96,63.3,0
2023-08-08T13:00,535.5,0.1194,27.67,56.8,0
2023-08-08T14:00,623.5,0.1158,29.26,53.4,0
2023-08-08T15:00,485.8,0.1135,28.7,56.8,0
2023-08-08T16:00,441.6,0.1112,29.48,50.2,0
2023-08-08T17:00,408.2,0.1101,30.13,61.1,0
2023-08-08T18:00,259.5,0.1099,28.89,54.4,0
2023-08-08T19:00,139.3,0.1105,27.7,58.4,0
2023-08-08T20:00,0.7,0.107,25.5,58.2,0
2023-08-08T21:00,0,0.1089,24.12,71.1,0
2023-08-08T22:00,0,0.1074,21.65,70.3,0
2023-08-08T23:00,0,0.1084,19.9,75.6,0
2023-08-09T00:00,0,0.1092,19.84,75.4,0
2023-08-09T01:00,0,0.1079,18.33,76.4,0
2023-08-09T02:00,0,0.1068,16.92,83.1,0
2023-08-09T03:00,0,0.1095,16.43,85,0
2023-08-09T04:00,0,0.1073,16.51,83.8,0
2023-08-09T05:00,0,0.107,16.73,83.5,0
2023-08-09T06:00,0,0.1061,18.45,79.3,0
2023-08-09T07:00,73.3,0.1047,19.57,79.8,0
2023-08-09T08:00,153.9,0.1046,21.69,69.5,0
2023-08-09T09:00,249,0.1058,23.26,70.6,0
2023-08-09T10:00,289.9,0.1043,25,62.8,0
2023-08-09T11:00,231.8,0.1,25.89,62.8,0
2023-08-09T12:00,434.6,0.0998,27.4,60.9,0
2023-08-09T13:00,537.5,0.0997,28.21,60,0
2023-08-09T14:00,576.2,0.0985,28.72,57,0
2023-08-09T15:00,608.6,0.1007,29.99,52,0
2023-08-09T16:00,472.5,0.1029,29.73,53.1,0
2023-08-09T17:00,276,0.0992,28.19,59.9,0
2023-08-09T18:00,161.6,0.1009,26.98,61.1,0
2023-08-09T19:00,82.3,0.1007,25.84,61.4,0
2023-08-09T20:00,0.1,0.0988,24.08,67.7,0
2023-08-09T21:00,0,0.0989,22.91,67.4,0
2023-08-09T22:00,0,0.0967,21.06,72.1,0
2023-08-09T23:00,0,0.0991,20.14,73.1,0
2023-08-10T00:00,0,0.2737,18.46,78.4,0
2023-08-10T01:00,0,0.2732,17.89,77.3,0
2023-08-10T02:00,0,0.2701,16.36,83.4,0
2023-08-10T03:00,0,0.2704,16.36,79.8,0
2023-08-10T04:00,0,0.2676,18.29,78,0
2023-08-10T05:00,0,0.2704,17.78,82,0
2023-08-10T06:00,0,0.2672,17.56,82.1,0
2023-08-10T07:00,113.1,0.2652,19.22,76.2,0
2023-08-10T08:00,240.3,0.268,22.01,70.9,0
2023-08-10T09:00,343.1,0.2621,23.93,66.4,0
2023-08-10T10:00,451.7,0.259,25.12,64.1,0
2023-08-10T11:00,445,0.2548,27.67,52.9,0
2023-08-10T12:00,609,0.2506,29.13,55.4,0
2023-08-10T13:00,534.7,0.2451,29.5,54,0
2023-08-10T14:00,657.5,0.2412,30.05,49.7,0
2023-08-10T15:00,436.2,0.2401,29.44,51.5,0
2023-08-10T16:00,390.6,0.2366,29.46,56.9,0
2023-08-10T17:00,220.2,0.2358,28.83,58.6,0
2023-08-10T18:00,158.5,0.2346,27.65,58.5,0
2023-08-10T19:00,99.1,0.2332,26.12,63.1,0
2023-08-10T20:00,0,0.2324,24.07,67.8,0
2023-08-10T21:00,0,0.2306,23.25,69.2,0
2023-08-10T22:00,0,0.2313,21.5,67.8,0
2023-08-10T23:00,0,0.2292,20.1,80.1,0
2023-08-11T00:00,0,0.2275,18.39,74,0
2023-08-11T01:00,0,0.2284,16.53,83,0
2023-08-11T02:00,0,0.2298,15.21,82.6,0
2023-08-11T03:00,0,0.2292,14.91,86.8,0
2023-08-11T04:00,0,0.2301,16.13,82.7,0
2023-08-11T05:00,0,0.2281,16,84.7,0
2023-08-11T06:00,0,0.2294,17.07,77.3,0
2023-08-11T07:00,127.4,0.2256,19.1,79.3,0
2023-08-11T08:00,288.5,0.2252,20.89,68.2,0
2023-08-11T09:00,460.9,0.2218,22.92,71.5,0
2023-08-11T10:00,670.5,0.2195,25.02,63,0
2023-08-11T11:00,627.2,0.214,26.66,57.1,0
2023-08-11T12:00,823.9,0.2042,28.91,55.5,0
2023-08-11T13:00,738.7,0.2063,29.28,49.6,0
2023-08-11T14:00,676.7,0.1999,29.8,56,0
2023-08-11T15:00,650.1,0.1932,30.41,48.3,0
2023-08-11T16:00,508.1,0.1938,30.32,54,0
2023-08-11T17:00,414.5,0.1914,29.96,57.2,0
2023-08-11T18:00,279.5,0.1885,29.79,54.4,0
2023-08-11T19:00,149.4,0.1916,28.69,52.4,0
2023-08-11T20:00,0,0.189,26.11,60.2,0
2023-08-11T21:00,0,0.1894,25.02,67.1,0
2023-08-11T22:00,0,0.1872,23,63.8,0
2023-08-11T23:00,0,0.1895,21.16,69.5,0
2023-08-12T00:00,0,0.1897,19.59,74.3,0
2023-08-12T01:00,0,0.1888,18.11,77.2,0
2023-08-12T02:00,0,0.1831,17.88,78,0
2023-08-12T03:00,0,0.189,16.45,81,0
2023-08-12T04:00,0,0.1864,16.35,90.2,0
2023-08-12T05:00,0,0.1857,17.01,83.1,0
2023-08-12T06:00,0,0.1825,17.98,75.7,0
2023-08-12T07:00,131.4,0.1882,20.27,75.4,0
2023-08-12T08:00,326.3,0.1853,23.2,68.6,0
2023-08-12T09:00,509.4,0.1801,25.62,62.9,0
2023-08-12T10:00,667.6,0.1766,27.27,59.9,0
2023-08-12T11:00,789.8,0.1731,28.92,57.5,0
2023-08-12T12:00,867.3,0.1693,30.49,51.6,0
2023-08-12T13:00,858.2,0.165,31.99,44.7,0
2023-08-12T14:00,771.6,0.1599,31.66,46.3,0
2023-08-12T15:00,786.1,0.1573,31.59,46.6,0
2023-08-12T16:00,564.4,0.1536,30.88,51.8,0
2023-08-12T17:00,481.5,0.1515,30.02,57.5,0
2023-08-12T18:00,330.7,0.1536,28.99,53.8,0
2023-08-12T19:00,138.9,0.1477,27.75,55.3,0
2023-08-12T20:00,0,0.1493,26.72,63.8,0
2023-08-12T21:00,0,0.1515,25.31,62.5,0
2023-08-12T22:00,0,0.1472,23.58,69.9,0
2023-08-12T23:00,0,0.1493,20.91,71.7,0
2023-08-13T00:00,0,0.1498,18.6,78.2,0
2023-08-13T01:00,0,0.1489,17.19,87.1,0
2023-08-13T02:00,0,0.1503,16.87,80.4,0
2023-08-13T03:00,0,0.1484,16.45,80.1,0
2023-08-13T04:00,0,0.1474,16.79,85.9,0
2023-08-13T05:00,0,0.1486,16.77,85.3,0
2023-08-13T06:00,0,0.1461,17.36,81.3,0
2023-08-13T07:00,102.9,0.1451,18.51,81,0
2023-08-13T08:00,244.3,0.1445,20.22,74.7,0
2023-08-13T09:00,485.3,0.1416,21.34,71.8,0
2023-08-13T10:00,664.8,0.1425,23.49,67,0
2023-08-13T11:00,770.4,0.1372,25.87,59.5,0
2023-08-13T12:00,864.4,0.1344,27.06,59.9,0
2023-08-13T13:00,891.8,0.1308,28.61,54.8,0
2023-08-13T14:00,867.3,0.1256,29.04,52.9,0
2023-08-13T15:00,792.5,0.1257,29.83,49.9,0
2023-08-13T16:00,672.5,0.1225,30.31,51.9,0
2023-08-13T17:00,515.8,0.1217,29.56,53.1,0
2023-08-13T18:00,333.6,0.1179,27.59,55.4,0
2023-08-13T19:00,140.6,0.1176,25.78,64.8,0
2023-08-13T20:00,0,0.1178,24.45,63.6,0
2023-08-13T21:00,0,0.117,23.25,66.7,0
2023-08-13T22:00,0,0.1191,21.65,70.7,0
2023-08-13T23:00,0,0.1156,19.63,73.3,0
2023-08-14T00:00,0,0.1168,18.43,78,0
2023-08-14T01:00,0,0.116,17.13,79.9,0
2023-08-14T02:00,0,0.1172,15.81,85.6,0
2023-08-14T03:00,0,0.1153,15.22,84,0
2023-08-14T04:00,0,0.1158,15.92,86.1,0
2023-08-14T05:00,0,0.1142,16.85,79.1,0
2023-08-14T06:00,0,0.1168,18.08,84.1,0
2023-08-14T07:00,102.5,0.1146,19.95,72.6,0
2023-08-14T08:00,296,0.1128,21.25,68.4,0
2023-08-14T09:00,379.4,0.1137,23.6,69.1,0
2023-08-14T10:00,514,0.1098,25.76,66.7,0
2023-08-14T11:00,578.4,0.1073,27.28,58.2,0
2023-08-14T12:00,630.8,0.105,28.65,57.2,0
2023-08-14T13:00,820.4,0.1013,30.26,48.7,0
2023-08-14T14:00,664.5,0.1018,30.86,50.1,0
2023-08-14T15:00,686.3,0.1003,32.09,43.9,0
2023-08-14T16:00,663.4,0.1005,31.61,49.2,0
2023-08-14T17:00,511.7,0.0978,30.9,49.9,0
2023-08-14T18:00,329.2,0.1007,30.01,52.5,0
2023-08-14T19:00,135.6,0.0979,28.31,56.9,0
2023-08-14T20:00,0,0.099,25.91,67.3,0
2023-08-14T21:00,0,0.1004,23.8,62.3,0
2023-08-14T22:00,0,0.0986,20.78,79.3,0
2023-08-14T23:00,0,0.1026,18.6,74.5,0
2023-08-15T00:00,0,0.1044,17.87,80.2,0
2023-08-15T01:00,0,0.1019,17.14,84.4,0
2023-08-15T02:00,0,0.0999,16.22,84.7,0
2023-08-15T03:00,0,0.101,15.84,80.1,0
2023-08-15T04:00,0,0.1007,15.64,81.8,0
2023-08-15T05:00,0,0.0985,16.98,84,0
2023-08-15T06:00,0,0.099,17.69,79.5,0
2023-08-15T07:00,55.3,0.1011,18.7,76.1,0
2023-08-15T08:00,184.9,0.1003,19.92,70.3,0
2023-08-15T09:00,299.9,0.1001,22.29,65.4,0
2023-08-15T10:00,297.2,0.0997,23.99,66.8,0
2023-08-15T11:00,376.6,0.0985,24.46,61.9,0
2023-08-15T12:00,505,0.1007,27.55,57.8,0
2023-08-15T13:00,406,0.1012,27.9,52.6,0
2023-08-15T14:00,403.3,0.0996,28.84,53,0
2023-08-15T15:00,276.7,0.0978,28.43,58.5,0
2023-08-15T16:00,159.8,0.1,28.16,60.1,0
2023-08-15T17:00,182.8,0.0994,27.99,56.6,0
2023-08-15T18:00,206.7,0.099,27.47,57.2,0
2023-08-15T19:00,89.9,0.273,26.68,55.2,0
2023-08-15T20:00,0,0.2713,24.59,65.2,0
2023-08-15T21:00,0,0.2705,22.81,73.9,0
2023-08-15T22:00,0,0.2692,20.93,68.3,0
2023-08-15T23:00,0,0.2683,18.86,77.1,0
2023-08-16T00:00,0,0.2697,17.46,80.7,0
2023-08-16T01:00,0,0.2696,17.74,79.2,0
2023-08-16T02:00,0,0.2668,16.93,73.6,0
2023-08-16T03:00,0,0.2691,16.14,85.2,0
2023-08-16T04:00,0,0.2664,16.84,78.1,0
2023-08-16T05:00,0,0.2629,17.58,81.6,0
2023-08-16T06:00,0,0.2658,17.83,72.3,0
2023-08-16T07:00,80.3,0.2645,19.06,75.2,0
2023-08-16T08:00,250.7,0.2641,20.51,75.6,0
2023-08-16T09:00,396.8,0.2596,21.53,72.9,0
2023-08-16T10:00,608.2,0.2561,24.27,66.8,0
2023-08-16T11:00,758.8,0.252,25.98,55.4,0
2023-08-16T12:00,714.5,0.2445,27.13,53.9,0
2023-08-16T13:00,760.6,0.2422,28.71,58.5,0
2023-08-16T14:00,683.9,0.2354,29.58,51.2,0
2023-08-16T15:00,497.4,0.2303,29.39,56.3,0
2023-08-16T16:00,381.4,0.2285,28.8,57,0
2023-08-16T17:00,211.8,0.2273,27.37,55.4,0
2023-08-16T18:00,144,0.229,27.09,64.2,0
2023-08-16T19:00,58.9,0.2243,25.34,64.2,0
2023-08-16T20:00,0,0.2247,23.12,63.7,0
2023-08-16T21:00,0,0.2259,21.85,72.9,0
2023-08-16T22:00,0,0.2268,18.97,80.2,0
2023-08-16T23:00,0,0.2226,18.29,78.3,0
2023-08-17T00:00,0,0.2237,17.61,81.6,0
2023-08-17T01:00,0,0.2244,15.64,83.2,0
2023-08-17T02:00,0,0.2255,15.55,81.2,0
2023-08-17T03:00,0,0.2247,15.87,85.1,0
2023-08-17T04:00,0,0.221,16.24,82.1,0
2023-08-17T05:00,0,0.2228,16.93,84.4,0
2023-08-17T06:00,0,0.2254,18.12,79.8,0
2023-08-17T07:00,73.2,0.2211,19.25,74.7,0
2023-08-17T08:00,176.6,0.2212,20.74,76,0
2023-08-17T09:00,252.3,0.2193,22.19,70.8,0
2023-08-17T10:00,385.1,0.2163,23.36,65.4,0
2023-08-17T11:00,571.3,0.2127,24.48,62.9,0
2023-08-17T12:00,727.2,0.21,26.3,61.1,0
2023-08-17T13:00,726.3,0.2057,28.1,59.4,0
2023-08-17T14:00,588.4,0.2018,28.7,57.4,0
2023-08-17T15:00,524.1,0.1988,28.52,56.4,0
2023-08-17T16:00,491.7,0.1941,29.06,53.8,0
2023-08-17T17:00,246.8,0.1927,27.37,53.5,0
2023-08-17T18:00,162.9,0.1972,26.29,58.1,0
2023-08-17T19:00,69.3,0.1903,24.93,62.4,0
2023-08-17T20:00,0,0.1917,23.84,64.4,0
2023-08-17T21:00,0,0.1921,22.08,69.7,0
2023-08-17T22:00,0,0.1913,19.8,71,0
2023-08-17T23:00,0,0.1903,18.73,76.4,0
2023-08-18T00:00,0,0.1887,16.05,80.2,0
2023-08-18T01:00,0,0.1919,15.5,82.9,0
2023-08-18T02:00,0,0.1887,14.02,89.4,0
2023-08-18T03:00,0,0.1878,14.86,87.6,0
2023-08-18T04:00,0,0.1896,16.02,86.2,0
2023-08-18T05:00,0,0.1878,16.49,77.4,0
2023-08-18T06:00,0,0.1843,17.62,81.9,0
2023-08-18T07:00,85.3,0.1856,18.19,77.9,0
2023-08-18T08:00,210.9,0.1881,19.67,73.5,0
2023-08-18T09:00,360.1,0.1824,21.21,70.4,0
2023-08-18T10:00,482.5,0.1793,23.76,70.3,0
2023-08-18T11:00,593.3,0.1795,26.3,59.1,0
2023-08-18T12:00,582.4,0.177,27.19,59.9,0
2023-08-18T13:00,792.8,0.1703,29.93,56.9,0
2023-08-18T14:00,634.6,0.1671,29.04,53.3,0
2023-08-18T15:00,603.9,0.1688,29.55,49.7,0
2023-08-18T16:00,480.7,0.1638,29.15,58.4,0
2023-08-18T17:00,397.4,0.1635,28.74,51.9,0
2023-08-18T18:00,254.2,0.1578,27.37,53.7,0
2023-08-18T19:00,99.6,0.1594,26.43,57.1,0
2023-08-18T20:00,0,0.1568,25.09,66.7,0
2023-08-18T21:00,0,0.1586,23.15,74.4,0
2023-08-18T22:00,0,0.1589,21.05,66.8,0
2023-08-18T23:00,0,0.1571,19.19,68.4,0
2023-08-19T00:00,0,0.1597,17.62,79.2,0
2023-08-19T01:00,0,0.1586,15.63,89.1,0
2023-08-19T02:00,0,0.1562,14.71,87.8,0
2023-08-19T03:00,0,0.158,13.27,93.6,0
2023-08-19T04:00,0,0.155,12.9,90.6,0
2023-08-19T05:00,0,0.1575,13.93,89.4,0
2023-08-19T06:00,0,0.1554,16.06,80.9,0
2023-08-19T07:00,94.6,0.1525,17.89,75.6,0
2023-08-19T08:00,297.1,0.1556,19.31,71.2,0
2023-08-19T09:00,487.7,0.1534,21.11,73,0
2023-08-19T10:00,646.7,0.1517,23.6,62.4,0
2023-08-19T11:00,725.5,0.1463,25.11,61.9,0
2023-08-19T12:00,672.8,0.1427,25.87,58,0
2023-08-19T13:00,684.2,0.1401,26.89,56.3,0
2023-08-19T14:00,667.9,0.138,27.83,55.4,0
2023-08-19T15:00,598.8,0.1349,28.65,56.5,0
2023-08-19T16:00,501.2,0.1373,28.39,63.1,0
2023-08-19T17:00,426.4,0.1315,27.83,56,0
2023-08-19T18:00,236.5,0.1315,26.97,56.9,0
2023-08-19T19:00,87,0.1301,25.33,64,0
2023-08-19T20:00,0,0.1298,23.87,64,0
2023-08-19T21:00,0,0.1275,23.25,66.8,0
2023-08-19T22:00,0,0.1282,22.02,64,0
2023-08-19T23:00,0,0.1299,20.97,70.8,0
2023-08-20T00:00,0,0.1262,18.75,75.4,0
2023-08-20T01:00,0,0.127,17.51,77,0
2023-08-20T02:00,0,0.1296,15.96,84.1,0
2023-08-20T03:00,0,0.1294,16.25,83.6,0
2023-08-20T04:00,0,0.1303,16.12,83.8,0
2023-08-20T05:00,0,0.1275,16.61,82.7,0
2023-08-20T06:00,0,0.1275,17.83,79.3,0
2023-08-20T07:00,71.6,0.1265,19.76,73.5,0
2023-08-20T08:00,193.4,0.1249,21.97,69.6,0
2023-08-20T09:00,293.1,0.1236,24.15,63.5,0
2023-08-20T10:00,327.3,0.1232,26.22,57.2,0
2023-08-20T11:00,374.4,0.1173,26.88,59.6,0
2023-08-20T12:00,538,0.1213,27.84,54.6,0
2023-08-20T13:00,613.9,0.1156,29.77,55.5,0
2023-08-20T14:00,624.8,0.1151,30.79,49.1,0
2023-08-20T15:00,559.1,0.112,30.9,50.9,0
2023-08-20T16:00,533.1,0.1142,31.24,50.7,0
2023-08-20T17:00,471.4,0.1079,30.43,48.1,0
2023-08-20T18:00,300.8,0.1099,29.51,56.5,0
2023-08-20T19:00,98,0.1055,26.9,57,0
2023-08-20T20:00,0,0.1071,25.08,68.4,0
2023-08-20T21:00,0,0.1072,22.46,66.9,0
2023-08-20T22:00,0,0.1067,20.18,80.2,0
2023-08-20T23:00,0,0.1074,18.2,76.1,0
2023-08-21T00:00,0,0.107,16.59,78,0
2023-08-21T01:00,0,0.108,16.74,83.5,0
2023-08-21T02:00,0,0.1066,16.45,82.8,0
2023-08-21T03:00,0,0.1064,15.37,86.3,0
2023-08-21T04:00,0,0.1065,15.76,80.2,0
2023-08-21T05:00,0,0.1072,16.73,81.7,0
2023-08-21T06:00,0,0.1041,17.94,76.3,0
2023-08-21T07:00,88.3,0.1068,18.91,84.1,0
2023-08-21T08:00,254.9,0.1055,20.5,73.3,0
2023-08-21T09:00,354.4,0.1049,21.63,72.5,0
2023-08-21T10:00,474.7,0.1042,22.97,70.3,0
2023-08-21T11:00,537.2,0.1016,25.47,61.8,0
2023-08-21T12:00,560.9,0.0991,26.29,58.5,0
2023-08-21T13:00,717.5,0.096,28.73,50.9,0
2023-08-21T14:00,486.5,0.0994,27.9,51,0
2023-08-21T15:00,543.7,0.0982,28.15,55.8,0
2023-08-21T16:00,616.9,0.0995,28.82,55.8,0
2023-08-21T17:00,480.3,0.0991,28.4,61.4,0
2023-08-21T18:00,295.8,0.0978,27.21,59.5,0
2023-08-21T19:00,101,0.1003,25.64,62.9,0
2023-08-21T20:00,0,0.0967,23.3,68.1,0
2023-08-21T21:00,0,0.0992,20.82,75.3,0
2023-08-21T22:00,0,0.098,18.25,74,0
2023-08-21T23:00,0,0.0977,16.28,80.1,0
2023-08-22T00:00,0,0.0988,15.78,83.5,0
2023-08-22T01:00,0,0.2699,15.32,84,0
2023-08-22T02:00,0,0.2722,15.01,84.6,0
2023-08-22T03:00,0,0.267,16.27,80.6,0
2023-08-22T04:00,0,0.266,16.42,80.5,0
2023-08-22T05:00,0,0.267,16.29,79.1,0
2023-08-22T06:00,0,0.269,17.12,79.6,0
2023-08-22T07:00,31,0.2691,18.01,81.2,0
2023-08-22T08:00,72.6,0.2671,19.45,77.7,0
2023-08-22T09:00,150,0.2636,20.91,67.5,0
2023-08-22T10:00,255.8,0.2623,22.94,63.9,0
2023-08-22T11:00,332.9,0.3956,23.04,84.6,9.51
2023-08-22T12:00,286.3,0.3909,25.12,58.9,0
2023-08-22T13:00,352.4,0.4623,24.45,86.5,5.2
2023-08-22T14:00,255.2,0.4371,27.41,52.8,0
2023-08-22T15:00,182.4,0.4233,26.97,57.5,0
2023-08-22T16:00,158.4,0.4247,24.78,83.6,0.81
2023-08-22T17:00,184.6,0.4139,26.76,62.6,0
2023-08-22T18:00,105.8,0.4061,25.81,60.1,0
2023-08-22T19:00,29.4,0.4039,24.13,64.4,0
2023-08-22T20:00,0,0.4,22.17,67.6,0
2023-08-22T21:00,0,0.4005,21.42,68.5,0
2023-08-22T22:00,0,0.4054,18.09,95.4,0.39
2023-08-22T23:00,0,0.4029,17.06,89.8,0.08
2023-08-23T00:00,0,0.4018,17.4,76.2,0
2023-08-23T01:00,0,0.417,15.27,99.8,1.13
2023-08-23T02:00,0,0.4093,17.43,78.6,0
2023-08-23T03:00,0,0.4041,17.97,81.6,0
2023-08-23T04:00,0,0.4038,17.78,77.1,0
2023-08-23T05:00,0,0.4022,17.69,76.6,0
2023-08-23T06:00,0,0.399,18.18,74.1,0
2023-08-23T07:00,10.8,0.4001,18.71,72.9,0
2023-08-23T08:00,44.2,0.399,19.83,71.7,0
2023-08-23T09:00,118.2,0.3947,20.94,73.1,0
2023-08-23T10:00,130.2,0.3927,21.66,73.4,0
2023-08-23T11:00,179.3,0.3995,20.22,88.3,0.57
2023-08-23T12:00,131.3,0.3978,23.95,63.9,0
2023-08-23T13:00,240.7,0.3954,24.31,63.6,0
2023-08-23T14:00,369,0.3912,25.67,61.8,0
2023-08-23T15:00,290.1,0.3894,25.56,60.1,0
2023-08-23T16:00,119.2,0.3858,25.44,58.5,0
2023-08-23T17:00,64.7,0.3848,25.53,57.5,0
2023-08-23T18:00,25.1,0.3994,22.78,85.7,0.89
2023-08-23T19:00,10.2,0.3972,23.85,68.7,0
2023-08-23T20:00,0,0.3955,22.87,63.1,0
2023-08-23T21:00,0,0.3952,22.31,63.9,0
2023-08-23T22:00,0,0.4038,20.01,81.6,0.74
2023-08-23T23:00,0,0.4057,20,74,0
2023-08-24T00:00,0,0.4004,18.98,75.6,0
2023-08-24T01:00,0,0.3992,17.59,80.5,0
2023-08-24T02:00,0,0.3983,16.5,85,0
2023-08-24T03:00,0,0.3996,16.84,79.5,0
2023-08-24T04:00,0,0.3963,17.04,78.9,0
2023-08-24T05:00,0,0.3977,17.33,70.6,0
2023-08-24T06:00,0,0.3952,17.46,76.7,0
2023-08-24T07:00,40.4,0.3941,19.06,79,0
2023-08-24T08:00,125.7,0.3936,19.87,74.5,0
2023-08-24T09:00,231.9,0.3909,20.57,68.6,0
2023-08-24T10:00,358,0.3856,21.94,70.6,0
2023-08-24T11:00,402,0.3843,24.15,62.9,0
2023-08-24T12:00,406,0.3814,24.92,62.5,0
2023-08-24T13:00,354.9,0.3763,25.88,54.7,0
2023-08-24T14:00,410.3,0.3725,26.91,54.5,0
2023-08-24T15:00,393.7,0.3669,27.38,57.7,0
2023-08-24T16:00,262.4,0.3663,26.95,62.4,0
2023-08-24T17:00,120.6,0.3661,24.87,57.6,0
2023-08-24T18:00,69.8,0.3606,24.36,69.5,0
2023-08-24T19:00,24,0.3605,23.12,64.6,0
2023-08-24T20:00,0,0.3573,21.82,67.5,0
2023-08-24T21:00,0,0.3561,20.46,69.7,0
2023-08-24T22:00,0,0.357,19.46,74.7,0
2023-08-24T23:00,0,0.3576,18.83,78,0
2023-08-25T00:00,0,0.3595,17.34,78.4,0
2023-08-25T01:00,0,0.3571,16.25,80.6,0
2023-08-25T02:00,0,0.3577,15.59,83.2,0
2023-08-25T03:00,0,0.365,13.85,100,0.75
2023-08-25T04:00,0,0.3659,15.1,81.2,0
2023-08-25T05:00,0,0.3659,15.56,86.2,0
2023-08-25T06:00,0,0.3643,16.99,81.8,0
2023-08-25T07:00,17.7,0.3617,17.78,79.9,0
2023-08-25T08:00,108.1,0.3665,16.8,97.8,0.41
2023-08-25T09:00,209.1,0.3652,20.94,72.3,0
2023-08-25T10:00,190.8,0.3615,21.87,69.6,0
2023-08-25T11:00,144.3,0.3621,23.33,60,0
2023-08-25T12:00,211.2,0.3603,25.03,63.8,0
2023-08-25T13:00,202.2,0.3606,23.32,83.4,0.26
2023-08-25T14:00,133,0.3605,25.68,58.4,0
2023-08-25T15:00,88.8,0.3566,25.58,59.4,0
2023-08-25T16:00,194.3,0.357,26.37,57.7,0
2023-08-25T17:00,175.7,0.3523,25.97,60.9,0
2023-08-25T18:00,125.3,0.3524,25.36,62.6,0
2023-08-25T19:00,45.3,0.348,24.02,62,0
2023-08-25T20:00,0,0.3522,22.31,70.1,0
2023-08-25T21:00,0,0.348,21,68.6,0
2023-08-25T22:00,0,0.3457,20.46,70.3,0
2023-08-25T23:00,0,0.3459,19.26,70.4,0
2023-08-26T00:00,0,0.3495,16.87,81.8,0
2023-08-26T01:00,0,0.3476,15.71,80.1,0
2023-08-26T02:00,0,0.3454,15.17,82.2,0
2023-08-26T03:00,0,0.3436,15.91,86.3,0
2023-08-26T04:00,0,0.3439,15.26,82.3,0
2023-08-26T05:00,0,0.3433,15.48,83.4,0
2023-08-26T06:00,0,0.3439,16.7,80,0
2023-08-26T07:00,54.8,0.3429,18.34,78,0
2023-08-26T08:00,173.1,0.3412,19.95,67.8,0
2023-08-26T09:00,254.5,0.3373,22.6,67.2,0
2023-08-26T10:00,349.7,0.3348,24.48,62.1,0
2023-08-26T11:00,478,0.3287,25.82,63.4,0
2023-08-26T12:00,478.6,0.3258,27.69,56.5,0
2023-08-26T13:00,572.2,0.3232,28.9,60.7,0
2023-08-26T14:00,507.5,0.3201,29.62,53,0
2023-08-26T15:00,595.3,0.3123,30.02,49.2,0
2023-08-26T16:00,368.9,0.3105,29.14,54.8,0
2023-08-26T17:00,232.4,0.3047,28.64,54.4,0
2023-08-26T18:00,171,0.3071,28.08,58.9,0
2023-08-26T19:00,54.3,0.3047,26.99,61.2,0
2023-08-26T20:00,0,0.3072,25.4,63.8,0
2023-08-26T21:00,0,0.3,22.6,64,0
2023-08-26T22:00,0,0.3029,20.8,69.6,0
2023-08-26T23:00,0,0.3037,20.2,68,0
2023-08-27T00:00,0,0.304,17.37,77.8,0
2023-08-27T01:00,0,0.3023,17.01,84.7,0
2023-08-27T02:00,0,0.3007,16.75,75,0
2023-08-27T03:00,0,0.2995,15.74,79.5,0
2023-08-27T04:00,0,0.3011,16.5,80.5,0
2023-08-27T05:00,0,0.2978,17.31,77.1,0
2023-08-27T06:00,0,0.2955,19.09,73.8,0
2023-08-27T07:00,37,0.2972,20.64,78.4,0
2023-08-27T08:00,178.6,0.2951,22.03,61.4,0
2023-08-27T09:00,305.4,0.292,24.52,63.3,0
2023-08-27T10:00,303.6,0.2923,26,59.6,0
2023-08-27T11:00,304.3,0.2882,27.29,61.6,0
2023-08-27T12:00,514.2,0.2879,28.69,54.8,0
2023-08-27T13:00,377.7,0.2836,29.36,56.6,0
2023-08-27T14:00,366.7,0.2788,30.23,44.1,0
2023-08-27T15:00,357.1,0.2781,31.02,47,0
2023-08-27T16:00,449.4,0.2714,32.36,43.7,0
2023-08-27T17:00,301.1,0.2713,31.72,48.2,0
2023-08-27T18:00,172.6,0.2706,30.5,55,0
2023-08-27T19:00,58,0.2676,28.43,52.5,0
2023-08-27T20:00,0,0.2687,27.1,55.8,0
2023-08-27T21:00,0,0.2664,24.94,59,0
2023-08-27T22:00,0,0.2689,22.92,67.8,0
2023-08-27T23:00,0,0.2647,22.19,66.7,0
2023-08-28T00:00,0,0.2662,20.36,68.7,0
2023-08-28T01:00,0,0.2648,18.71,71.9,0
2023-08-28T02:00,0,0.2675,17.48,76.8,0
2023-08-28T03:00,0,0.2629,16.93,81.3,0
2023-08-28T04:00,0,0.262,16.23,83.5,0
2023-08-28T05:00,0,0.2625,17.41,77.1,0
2023-08-28T06:00,0,0.265,18.51,75.2,0
2023-08-28T07:00,68.6,0.2609,20,70.6,0
2023-08-28T08:00,242.1,0.2604,21.66,67.4,0
2023-08-28T09:00,358.5,0.2553,23.25,63.6,0
2023-08-28T10:00,510.3,0.2554,24.87,60.9,0
2023-08-28T11:00,652.6,0.252,26.48,59.3,0
2023-08-28T12:00,670.2,0.2446,28.05,49.9,0
2023-08-28T13:00,610,0.2389,28.4,50.5,0
2023-08-28T14:00,620.9,0.2367,29.39,51.4,0
2023-08-28T15:00,489.2,0.2347,29.35,53.5,0
2023-08-28T16:00,425.4,0.2354,29.04,52.6,0
2023-08-28T17:00,301,0.2316,27.84,48.1,0
2023-08-28T18:00,208.5,0.2257,27.25,55.7,0
2023-08-28T19:00,51.4,0.2277,26.73,56.3,0
2023-08-28T20:00,0,0.2266,25.62,59.9,0
2023-08-28T21:00,0,0.2248,23.24,62.4,0
2023-08-28T22:00,0,0.2272,21.21,70.4,0
2023-08-28T23:00,0,0.2245,18.54,71.7,0
2023-08-29T00:00,0,0.2268,16.44,77.6,0
2023-08-29T01:00,0,0.2236,15.47,78,0
2023-08-29T02:00,0,0.2248,15.48,85.9,0
2023-08-29T03:00,0,0.2229,14.93,86.3,0
2023-08-29T04:00,0,0.2258,15.14,89,0
2023-08-29T05:00,0,0.2241,15.95,77.3,0
2023-08-29T06:00,0,0.2228,17.44,81.3,0
2023-08-29T07:00,57,0.2224,18.18,76.8,0
2023-08-29T08:00,179.7,0.2227,20.08,76.1,0
2023-08-29T09:00,336.5,0.2193,21.03,68.9,0
2023-08-29T10:00,430.2,0.2182,23.11,66,0
2023-08-29T11:00,536.8,0.2125,24.96,62.4,0
2023-08-29T12:00,422.6,0.2119,25.13,61,0
2023-08-29T13:00,541.9,0.2085,26.35,58.8,0
2023-08-29T14:00,405.9,0.2077,26.63,54.9,0
2023-08-29T15:00,385.1,0.207,26.89,50.5,0
2023-08-29T16:00,351.8,0.2031,26.44,57.6,0
2023-08-29T17:00,229.9,0.2013,25.4,58.2,0
2023-08-29T18:00,134.6,0.2019,24.07,57,0
2023-08-29T19:00,32.3,0.1966,23.5,62.2,0
2023-08-29T20:00,0,0.1994,21.87,65.4,0
2023-08-29T21:00,0,0.1991,21.32,66.3,0
2023-08-29T22:00,0,0.1973,20.21,72.9,0
2023-08-29T23:00,0,0.1983,18.61,72.2,0
2023-08-30T00:00,0,0.1965,16.68,78.2,0
2023-08-30T01:00,0,0.1973,15.58,81.5,0
2023-08-30T02:00,0,0.1985,14.39,86.2,0
2023-08-30T03:00,0,0.196,14.54,81.5,0
2023-08-30T04:00,0,0.1977,16.16,76.4,0
2023-08-30T05:00,0,0.1979,16.92,83.5,0
2023-08-30T06:00,0,0.1923,17.91,77.3,0
2023-08-30T07:00,67.3,0.1938,18.5,76.6,0
2023-08-30T08:00,212.7,0.1954,20.21,73.3,0
2023-08-30T09:00,409.3,0.1928,21.45,69.2,0
2023-08-30T10:00,534.4,0.187,23.65,61.7,0
2023-08-30T11:00,629.2,0.1883,25.84,60.7,0
2023-08-30T12:00,784.7,0.1813,27.63,50.9,0
2023-08-30T13:00,794.1,0.1774,28.73,51.5,0
2023-08-30T14:00,801.6,0.1717,30.33,42.9,0
2023-08-30T15:00,721.6,0.1721,30.69,48.8,0
2023-08-30T16:00,596,0.1674,30.72,46.9,0
2023-08-30T17:00,433.9,0.1671,30.22,49.9,0
2023-08-30T18:00,214.4,0.1642,27.83,51.9,0
2023-08-30T19:00,55,0.1637,26.75,57.6,0
2023-08-30T20:00,0,0.1659,24.95,57.8,0
2023-08-30T21:00,0,0.1651,22.53,63.3,0
2023-08-30T22:00,0,0.1632,20.95,65.2,0
2023-08-30T23:00,0,0.1634,19.46,65.6,0
2023-08-31T00:00,0,0.1603,16.95,77.4,0
2023-08-31T01:00,0,0.162,15.32,80.5,0
2023-08-31T02:00,0,0.1635,14.72,80,0
2023-08-31T03:00,0,0.1633,14.69,78.5,0
2023-08-31T04:00,0,0.1623,14.54,83.7,0
2023-08-31T05:00,0,0.1601,15.28,80.9,0
2023-08-31T06:00,0,0.1632,16.24,79.9,0
2023-08-31T07:00,56.4,0.1631,17.63,74.8,0
2023-08-31T08:00,250.5,0.1605,19.57,70,0
2023-08-31T09:00,446.7,0.1574,22.03,63.5,0
2023-08-31T10:00,605.8,0.1534,23.59,65,0
2023-08-31T11:00,727.3,0.1529,25.93,58.4,0
2023-08-31T12:00,802.6,0.1485,27.59,54.5,0
2023-08-31T13:00,826.4,0.1469,28.9,51.5,0
2023-08-31T14:00,797.1,0.1439,28.74,52.2,0
2023-08-31T15:00,716.7,0.1405,28.88,48,0
2023-08-31T16:00,590.8,0.1371,28.24,52.6,0
2023-08-31T17:00,428.3,0.1379,27.69,60.8,0
2023-08-31T18:00,241.1,0.1317,26.72,56.3,0
2023-08-31T19:00,46.2,0.1344,25.28,61.7,0
2023-08-31T20:00,0,0.1359,23.15,63.9,0
2023-08-31T21:00,0,0.1342,21.34,66.6,0
2023-08-31T22:00,0,0.1358,19,75.8,0
2023-08-31T23:00,0,0.1307,16.82,79.5,0
2023-09-01T00:00,0,0.1334,15.97,75.2,0
2023-09-01T01:00,0,0.1329,14.5,79.7,0
2023-09-01T02:00,0,0.1312,13.06,85.4,0
2023-09-01T03:00,0,0.1329,13.53,82.4,0
2023-09-01T04:00,0,0.1316,14.16,84.8,0
2023-09-01T05:00,0,0.1325,14.61,87,0
2023-09-01T06:00,0,0.1319,16.2,76.6,0
2023-09-01T07:00,59.1,0.1321,17.56,82,0
2023-09-01T08:00,257.8,0.1277,19.25,73.7,0
2023-09-01T09:00,443,0.1293,21.09,67.2,0
2023-09-01T10:00,602.2,0.1255,23.28,59.5,0
2023-09-01T11:00,699.2,0.1221,26.05,56.8,0
2023-09-01T12:00,745.4,0.1233,26.65,55.9,0
2023-09-01T13:00,750.5,0.1197,28.84,50.6,0
2023-09-01T14:00,740,0.1188,29.89,54.3,0
2023-09-01T15:00,582.1,0.119,29.19,51.8,0
2023-09-01T16:00,467.9,0.1121,28.38,49.2,0
2023-09-01T17:00,332.3,0.115,27.66,58,0
2023-09-01T18:00,226.8,0.115,26.78,57.7,0
2023-09-01T19:00,44.5,0.1128,25.48,57.2,0
2023-09-01T20:00,0,0.1098,23.34,67.1,0
2023-09-01T21:00,0,0.1105,21.54,65.8,0
2023-09-01T22:00,0,0.1148,19.09,71.2,0
2023-09-01T23:00,0,0.1105,17.44,77.7,0
2023-09-02T00:00,0,0.1096,16.6,80.4,0
2023-09-02T01:00,0,0.1104,15.37,81,0
2023-09-02T02:00,0,0.1106,14.87,82.7,0
2023-09-02T03:00,0,0.1129,13.97,81.8,0
2023-09-02T04:00,0,0.1081,13.98,84.3,0
2023-09-02T05:00,0,0.1092,15.91,85.8,0
2023-09-02T06:00,0,0.1082,16.25,80.9,0
2023-09-02T07:00,48.1,0.1105,17.73,71.9,0
2023-09-02T08:00,179.7,0.1071,20.01,71.5,0
2023-09-02T09:00,430.6,0.1039,20.82,73.8,0
2023-09-02T10:00,494.5,0.2753,22.95,60.3,0
2023-09-02T11:00,719.6,0.2718,25,63,0
2023-09-02T12:00,794.5,0.2656,26.35,54,0
2023-09-02T13:00,701.9,0.2602,27.74,52.2,0
2023-09-02T14:00,590.9,0.2622,27.7,50.7,0
2023-09-02T15:00,589.2,0.2538,28.76,52.4,0
2023-09-02T16:00,449.3,0.2496,28.12,51.4,0
2023-09-02T17:00,357.1,0.2477,28.56,51.9,0
2023-09-02T18:00,157.7,0.249,26.57,52.9,0
2023-09-02T19:00,22.8,0.2509,25.08,63.7,0
2023-09-02T20:00,0,0.2493,23.78,63.2,0
2023-09-02T21:00,0,0.2436,20.95,73.1,0
2023-09-02T22:00,0,0.2448,18.82,73.5,0
2023-09-02T23:00,0,0.2466,17.59,77.1,0
2023-09-03T00:00,0,0.2457,17.49,74.7,0
2023-09-03T01:00,0,0.2441,16,80.6,0
2023-09-03T02:00,0,0.2456,15.45,77.9,0
2023-09-03T03:00,0,0.2419,14.23,85.8,0
2023-09-03T04:00,0,0.2461,13.53,84.9,0
2023-09-03T05:00,0,0.2422,13.94,85.3,0
2023-09-03T06:00,0,0.2411,14.9,82,0
2023-09-03T07:00,39.9,0.2398,15.63,77.5,0
2023-09-03T08:00,141.6,0.2399,17.94,78.1,0
2023-09-03T09:00,249.9,0.2383,19.08,71.8,0
2023-09-03T10:00,328.9,0.2357,21.02,68.5,0
2023-09-03T11:00,376.1,0.2373,21.41,75,0
2023-09-03T12:00,363.3,0.2298,23.08,66.5,0
2023-09-03T13:00,455.9,0.2288,25.31,61.5,0
2023-09-03T14:00,465.7,0.2257,26.29,60.9,0
2023-09-03T15:00,370.3,0.224,26.78,52.5,0
2023-09-03T16:00,350,0.2215,26.8,52.7,0
2023-09-03T17:00,252.9,0.2216,26.03,61.8,0
2023-09-03T18:00,100.2,0.2207,24.78,61.1,0
2023-09-03T19:00,15.5,0.2169,23.44,58.8,0
2023-09-03T20:00,0,0.2183,22.31,62.9,0
2023-09-03T21:00,0,0.2164,21.38,69.6,0
2023-09-03T22:00,0,0.2191,20.15,72.9,0
2023-09-03T23:00,0,0.2159,18.78,71.7,0
2023-09-04T00:00,0,0.2174,18.51,73.5,0
2023-09-04T01:00,0,0.2157,16.5,78.2,0
2023-09-04T02:00,0,0.2224,14.42,100,0.52
2023-09-04T03:00,0,0.2419,14.67,98.5,1.21
2023-09-04T04:00,0,0.2402,16.42,77.8,0
2023-09-04T05:00,0,0.2724,14.33,99.8,2.27
2023-09-04T06:00,0,0.2724,16.91,78,0
2023-09-04T07:00,6.1,0.2736,18.74,72.9,0
2023-09-04T08:00,42.2,0.2695,19.56,69.5,0
2023-09-04T09:00,83.3,0.2684,19.03,91.3,0.03
2023-09-04T10:00,167,0.2761,20.26,85.2,0.66
2023-09-04T11:00,186.6,0.2756,22.35,65.9,0
2023-09-04T12:00,251.9,0.2753,23.67,63.8,0
2023-09-04T13:00,259.5,0.2722,25.18,55.8,0
2023-09-04T14:00,386,0.268,25.7,61.7,0
2023-09-04T15:00,271.3,0.2702,22.52,82.9,0.14
2023-09-04T16:00,197.6,0.2695,24.84,56.3,0
2023-09-04T17:00,184.3,0.2674,25.28,58.1,0
2023-09-04T18:00,94.6,0.2645,24.09,60.9,0
2023-09-04T19:00,10.8,0.2629,22.46,67.6,0
2023-09-04T20:00,0,0.262,21.14,67.2,0
2023-09-04T21:00,0,0.266,19.53,70.6,0
2023-09-04T22:00,0,0.2637,18.55,75.4,0
2023-09-04T23:00,0,0.269,15.63,96.7,0.29
2023-09-05T00:00,0,0.2659,15.86,74.9,0
2023-09-05T01:00,0,0.2677,14.55,81.1,0
2023-09-05T02:00,0,0.2647,13.01,80.7,0
2023-09-05T03:00,0,0.2664,13.14,87.6,0
2023-09-05T04:00,0,0.2669,13.29,85.2,0
2023-09-05T05:00,0,0.2636,14.17,81.7,0
2023-09-05T06:00,0,0.2625,15.59,80.4,0
2023-09-05T07:00,20.5,0.2615,17.58,74.5,0
2023-09-05T08:00,118.2,0.2603,19.29,76.8,0
2023-09-05T09:00,156,0.2616,20.16,71.8,0
2023-09-05T10:00,251.3,0.2609,22.77,71,0
2023-09-05T11:00,403.3,0.2561,23.91,62.1,0
2023-09-05T12:00,555.3,0.2541,26.74,59.5,0
2023-09-05T13:00,538.1,0.249,27.93,50.4,0
2023-09-05T14:00,495,0.2456,27.54,47,0
2023-09-05T15:00,399.8,0.2432,27.32,52.1,0
2023-09-05T16:00,259.1,0.2414,27.85,52.5,0
2023-09-05T17:00,202.6,0.2423,27.04,56.9,0
2023-09-05T18:00,87.1,0.2385,26.07,55.9,0
2023-09-05T19:00,9.4,0.2374,24.38,60,0
2023-09-05T20:00,0,0.2418,22.95,58.9,0
2023-09-05T21:00,0,0.2367,19.75,70.1,0
2023-09-05T22:00,0,0.2375,18.64,72.3,0
2023-09-05T23:00,0,0.2384,16.05,80.8,0
2023-09-06T00:00,0,0.2364,14.97,80.1,0
2023-09-06T01:00,0,0.2355,14.28,84,0
2023-09-06T02:00,0,0.2385,13.93,83.8,0
2023-09-06T03:00,0,0.2325,13.46,83.8,0
2023-09-06T04:00,0,0.2341,13.98,81.9,0
2023-09-06T05:00,0,0.2346,14.18,81.4,0
2023-09-06T06:00,0,0.2357,14.84,83,0
2023-09-06T07:00,43.4,0.233,16.2,77.4,0
2023-09-06T08:00,232,0.2315,18.22,79.2,0
2023-09-06T09:00,330.6,0.2313,21.04,61.5,0
2023-09-06T10:00,482.8,0.2281,23.44,62,0
2023-09-06T11:00,567.9,0.2213,25.09,61.1,0
2023-09-06T12:00,622.6,0.2217,26.61,53.1,0
2023-09-06T13:00,578.3,0.2179,27,52.5,0
2023-09-06T14:00,418,0.2158,26.49,59.5,0
2023-09-06T15:00,404.7,0.2145,26.01,54.5,0
2023-09-06T16:00,280.4,0.2138,25.22,58.3,0
2023-09-06T17:00,199.7,0.2091,24.24,61.3,0
2023-09-06T18:00,80,0.2099,23.35,66.6,0
2023-09-06T19:00,11.8,0.209,22.98,68,0
2023-09-06T20:00,0,0.2091,21.01,69.1,0
2023-09-06T21:00,0,0.2101,19.25,72.7,0
2023-09-06T22:00,0,0.2071,17.14,74.2,0
2023-09-06T23:00,0,0.2058,16,75.7,0
2023-09-07T00:00,0,0.2075,14.5,78,0
2023-09-07T01:00,0,0.2087,13.22,86.1,0
2023-09-07T02:00,0,0.2062,12.55,84.8,0
2023-09-07T03:00,0,0.2068,12.46,89.4,0
2023-09-07T04:00,0,0.2038,12.52,83.6,0
2023-09-07T05:00,0,0.2043,14.28,81.3,0
2023-09-07T06:00,0,0.2078,16.58,76.2,0
2023-09-07T07:00,31.2,0.2038,16.74,75.4,0
2023-09-07T08:00,189.4,0.2068,18.13,75.2,0
2023-09-07T09:00,420.2,0.2001,20.18,72,0
2023-09-07T10:00,561.8,0.198,21.29,65.3,0
2023-09-07T11:00,699.5,0.1971,22.71,66.5,0
2023-09-07T12:00,773.1,0.1901,23.5,66.5,0
2023-09-07T13:00,794.9,0.1883,25.88,57.9,0
2023-09-07T14:00,763.3,0.1865,26.8,56.1,0
2023-09-07T15:00,605.6,0.1806,26.83,60.3,0
2023-09-07T16:00,545.9,0.18,26.55,59.1,0
2023-09-07T17:00,317,0.1812,25.6,58.1,0
2023-09-07T18:00,163.4,0.1758,24.67,58,0
2023-09-07T19:00,9.5,0.1746,21.69,66.4,0
2023-09-07T20:00,0,0.1762,20.35,70.9,0
2023-09-07T21:00,0,0.1768,19.06,75.8,0
2023-09-07T22:00,0,0.1748,17.87,82.3,0
2023-09-07T23:00,0,0.1747,16.92,77.8,0
2023-09-08T00:00,0,0.1768,15.67,82.5,0
2023-09-08T01:00,0,0.1748,14.54,78.7,0
2023-09-08T02:00,0,0.1742,13.38,87.6,0
2023-09-08T03:00,0,0.1711,12.94,85,0
2023-09-08T04:00,0,0.1736,13.99,82.4,0
2023-09-08T05:00,0,0.1733,14.29,83.8,0
2023-09-08T06:00,0,0.1732,15.98,79.4,0
2023-09-08T07:00,21.2,0.1743,16.64,77.3,0
2023-09-08T08:00,101.8,0.1706,18.89,68.1,0
2023-09-08T09:00,208.4,0.1716,20.45,70.8,0
2023-09-08T10:00,371.7,0.1719,23.01,65.2,0
2023-09-08T11:00,445.3,0.1651,24.88,53.1,0
2023-09-08T12:00,627.5,0.1639,27.06,55.4,0
2023-09-08T13:00,562.9,0.1611,28.12,53.9,0
2023-09-08T14:00,535.9,0.1609,29.09,47.8,0
2023-09-08T15:00,492.3,0.158,29.39,42.9,0
2023-09-08T16:00,301.7,0.155,28.24,56.3,0
2023-09-08T17:00,192.1,0.1549,27.98,53.6,0
2023-09-08T18:00,102.5,0.1535,26.7,58.1,0
2023-09-08T19:00,7,0.1546,25.96,54.6,0
2023-09-08T20:00,0,0.1527,25.47,56.9,0
2023-09-08T21:00,0,0.1536,23.76,66.7,0
2023-09-08T22:00,0,0.1531,22.21,62.9,0
2023-09-08T23:00,0,0.1521,21.18,66.4,0
2023-09-09T00:00,0,0.1527,20.16,69,0
2023-09-09T01:00,0,0.1512,19.47,74.6,0
2023-09-09T02:00,0,0.1537,18.34,74.9,0
2023-09-09T03:00,0,0.1513,17.27,74.9,0
2023-09-09T04:00,0,0.1517,17.37,71.9,0
2023-09-09T05:00,0,0.1493,17.31,74.7,0
2023-09-09T06:00,0,0.1544,18.11,71.8,0
2023-09-09T07:00,10.4,0.1517,19.21,70.3,0
2023-09-09T08:00,89.6,0.1519,20.45,64.2,0
2023-09-09T09:00,182.4,0.1501,21.41,65.6,0
2023-09-09T10:00,289.7,0.1475,21.74,62.7,0
2023-09-09T11:00,464.6,0.1466,23.31,64.9,0
2023-09-09T12:00,537.7,0.1451,24.45,57.1,0
2023-09-09T13:00,514.5,0.144,25.35,59.6,0
2023-09-09T14:00,379.3,0.1401,26.4,59.1,0
2023-09-09T15:00,318.5,0.1403,26.93,49,0
2023-09-09T16:00,230.8,0.1371,26.51,58.2,0
2023-09-09T17:00,137,0.14,25.23,55.8,0
2023-09-09T18:00,76.6,0.1389,24.86,56.2,0
2023-09-09T19:00,4,0.1388,23.87,64.5,0
2023-09-09T20:00,0,0.1349,22.31,61,0
2023-09-09T21:00,0,0.137,20.83,72.5,0
2023-09-09T22:00,0,0.1359,19.67,70.4,0
2023-09-09T23:00,0,0.1386,18.32,73.7,0
2023-09-10T00:00,0,0.1334,17.2,74.9,0
2023-09-10T01:00,0,0.1366,16.27,74.1,0
2023-09-10T02:00,0,0.1367,15.54,79.4,0
2023-09-10T03:00,0,0.1332,14.8,79.7,0
2023-09-10T04:00,0,0.1357,15.91,84.6,0
2023-09-10T05:00,0,0.1338,15.81,73.2,0
2023-09-10T06:00,0,0.1353,16.46,75.4,0
2023-09-10T07:00,9.4,0.1366,17.91,71.2,0
2023-09-10T08:00,64.8,0.1355,18.82,71.4,0
2023-09-10T09:00,111,0.1336,20.55,66.8,0
2023-09-10T10:00,236.9,0.1304,21.86,64,0
2023-09-10T11:00,316.9,0.1305,23.5,66.1,0
2023-09-10T12:00,444.3,0.1278,24.84,52.9,0
2023-09-10T13:00,518.2,0.1276,25.39,53.2,0
2023-09-10T14:00,461.2,0.1246,26.45,56.3,0
2023-09-10T15:00,499.5,0.1242,27.22,53.2,0
2023-09-10T16:00,411.9,0.1243,27.7,50.3,0
2023-09-10T17:00,311.9,0.1256,26.79,54.5,0
2023-09-10T18:00,118.6,0.1203,25.1,57.9,0
2023-09-10T19:00,3.6,0.1199,23.87,61.9,0
2023-09-10T20:00,0,0.1201,22.5,57.5,0
2023-09-10T21:00,0,0.1205,21.73,70.2,0
2023-09-10T22:00,0,0.1229,19.32,72.8,0
2023-09-10T23:00,0,0.1194,18.37,73.1,0
2023-09-11T00:00,0,0.1166,16.87,72.8,0
2023-09-11T01:00,0,0.1194,15.9,73.9,0
2023-09-11T02:00,0,0.1222,15.4,75.1,0
2023-09-11T03:00,0,0.1181,15.51,80,0
2023-09-11T04:00,0,0.1178,15.73,78.5,0
2023-09-11T05:00,0,0.1193,16.36,72.6,0
2023-09-11T06:00,0,0.1186,16.81,79.2,0
2023-09-11T07:00,17.7,0.1195,18.01,71.8,0
2023-09-11T08:00,101.8,0.1175,19.22,73.7,0
2023-09-11T09:00,110.3,0.1148,20.14,69.5,0
2023-09-11T10:00,139.9,0.1165,20.97,66.7,0
2023-09-11T11:00,84.6,0.1157,22.33,66.4,0
2023-09-11T12:00,163.4,0.1151,23.6,55.4,0
2023-09-11T13:00,38.8,0.1184,24.41,61.3,0
2023-09-11T14:00,38.8,0.1157,24.87,58.4,0
2023-09-11T15:00,32.9,0.1141,25.19,58.1,0
2023-09-11T16:00,26.4,0.1173,24.15,60.3,0
2023-09-11T17:00,18.2,0.1143,23.26,62.1,0
2023-09-11T18:00,8.7,0.1124,22.64,61,0
2023-09-11T19:00,0.1,0.1149,21.69,62.6,0
2023-09-11T20:00,0,0.1145,21.02,65,0
2023-09-11T21:00,0,0.1112,19.43,69.6,0
2023-09-11T22:00,0,0.1132,19.53,73.9,0
2023-09-11T23:00,0,0.1117,18.02,74.1,0
2023-09-12T00:00,0,0.1104,15.94,71.8,0
2023-09-12T01:00,0,0.1094,14.79,78.4,0
2023-09-12T02:00,0,0.1092,13.96,77.5,0
2023-09-12T03:00,0,0.1104,13.65,77.7,0
2023-09-12T04:00,0,0.1104,13.47,80.2,0
2023-09-12T05:00,0,0.1107,13.82,77.2,0
2023-09-12T06:00,0,0.1115,15.51,79.5,0
2023-09-12T07:00,17.9,0.1112,17.66,70.4,0
2023-09-12T08:00,144.1,0.1122,18.45,71.1,0
2023-09-12T09:00,237.9,0.1118,19.79,66.7,0
2023-09-12T10:00,366.3,0.1078,21.87,61.5,0
2023-09-12T11:00,430,0.106,24.53,59,0
2023-09-12T12:00,460.8,0.1057,26.15,54.7,0
2023-09-12T13:00,494.6,0.1048,27.31,49.8,0
2023-09-12T14:00,501.9,0.1037,28.15,53.9,0
2023-09-12T15:00,422.4,0.1017,27.7,52.5,0
2023-09-12T16:00,269.8,0.0995,27.23,48.2,0
2023-09-12T17:00,186.1,0.1008,26.04,50.8,0
2023-09-12T18:00,103,0.1008,26.38,52.8,0
2023-09-12T19:00,0.5,0.0982,24.79,61.4,0
2023-09-12T20:00,0,0.0959,23.41,56.8,0
2023-09-12T21:00,0,0.0993,22.44,59.8,0
2023-09-12T22:00,0,0.1,20.74,69.3,0
2023-09-12T23:00,0,0.0974,19.03,72.1,0
2023-09-13T00:00,0,0.0995,18.05,70.1,0
2023-09-13T01:00,0,0.1005,17.36,70.1,0
2023-09-13T02:00,0,0.1003,15.9,76.3,0
2023-09-13T03:00,0,0.1012,15.75,75.8,0
2023-09-13T04:00,0,0.1007,16.19,75,0
2023-09-13T05:00,0,0.1011,16.35,74.3,0
2023-09-13T06:00,0,0.0997,18,74.6,0
2023-09-13T07:00,7.4,0.0986,19.84,67,0
2023-09-13T08:00,106.4,0.2713,20.76,72.7,0
2023-09-13T09:00,149.3,0.2696,21.89,64,0
2023-09-13T10:00,282.5,0.2694,22.65,61.3,0
2023-09-13T11:00,359.1,0.2695,25.07,54.9,0
2023-09-13T12:00,455.1,0.2635,25.68,60.1,0
2023-09-13T13:00,483.1,0.2587,26.21,53.5,0
2023-09-13T14:00,458.4,0.2572,27.37,46,0
2023-09-13T15:00,261.7,0.2565,27.36,52.5,0
2023-09-13T16:00,258.4,0.2506,27.36,51.9,0
2023-09-13T17:00,144.2,0.2507,26.29,58.4,0
2023-09-13T18:00,73.6,0.2537,25.81,51.1,0
2023-09-13T19:00,0.1,0.2501,24.61,60.8,0
2023-09-13T20:00,0,0.2535,22.73,60.4,0
2023-09-13T21:00,0,0.2495,21.42,64.7,0
2023-09-13T22:00,0,0.2487,19.57,69.1,0
2023-09-13T23:00,0,0.2521,18.42,71.1,0
2023-09-14T00:00,0,0.25,18.54,73.7,0
2023-09-14T01:00,0,0.2468,18.4,76,0
2023-09-14T02:00,0,0.2548,14.8,96.2,0.46
2023-09-14T03:00,0,0.2561,16.11,77.8,0
2023-09-14T04:00,0,0.254,16.42,73.9,0
2023-09-14T05:00,0,0.2542,16.3,72.1,0
2023-09-14T06:00,0,0.3072,14.83,97.5,3.86
2023-09-14T07:00,6.5,0.3061,18.45,67.9,0
2023-09-14T08:00,76,0.3172,18.14,87.3,0.91
2023-09-14T09:00,145.1,0.3165,21.24,66.3,0
2023-09-14T10:00,141.4,0.317,22.29,66.5,0
2023-09-14T11:00,66.8,0.3174,23.56,53.9,0
2023-09-14T12:00,106,0.315,24.59,54.2,0
2023-09-14T13:00,178.9,0.3121,25.37,57.8,0
2023-09-14T14:00,124.7,0.3115,25.45,59.9,0
2023-09-14T15:00,135.9,0.3097,26.37,52.9,0
2023-09-14T16:00,25.5,0.3069,24.88,63.6,0
2023-09-14T17:00,17.2,0.3073,24.4,58,0
2023-09-14T18:00,7.8,0.3075,23.69,63.2,0
2023-09-14T19:00,0,0.308,22.66,62,0
2023-09-14T20:00,0,0.3077,22.05,64.2,0
2023-09-14T21:00,0,0.3063,21.99,69.1,0
2023-09-14T22:00,0,0.3067,20.49,69.6,0
2023-09-14T23:00,0,0.3586,17.1,95.3,3.66
2023-09-15T00:00,0,0.3567,18.47,67.4,0
2023-09-15T01:00,0,0.3571,17.06,71.7,0
2023-09-15T02:00,0,0.3528,16.29,73.2,0
2023-09-15T03:00,0,0.3552,16.13,74.5,0
2023-09-15T04:00,0,0.355,17.1,66.9,0
2023-09-15T05:00,0,0.3543,17.2,75.8,0
2023-09-15T06:00,0,0.3553,18.67,69.8,0
2023-09-15T07:00,2.4,0.3532,19.2,65.5,0
2023-09-15T08:00,20.3,0.3531,20.21,61.6,0
2023-09-15T09:00,41.6,0.3518,21.38,64.4,0
2023-09-15T10:00,77.2,0.3511,22.55,63.3,0
2023-09-15T11:00,89.6,0.3488,23.87,61.1,0
2023-09-15T12:00,144.4,0.3488,24.84,56.8,0
2023-09-15T13:00,217.3,0.3456,26.01,54.4,0
2023-09-15T14:00,139,0.3453,25.79,56.8,0
2023-09-15T15:00,211.9,0.3418,26.1,53.2,0
2023-09-15T16:00,117.6,0.3422,24.52,56.2,0
2023-09-15T17:00,76.8,0.3413,24.11,59.1,0
2023-09-15T18:00,24.1,0.3371,23.6,55.7,0
2023-09-15T19:00,0,0.3395,22.93,63.8,0
2023-09-15T20:00,0,0.3392,21.64,64.9,0
2023-09-15T21:00,0,0.3391,20.98,66.5,0
2023-09-15T22:00,0,0.3377,20.16,65.9,0
2023-09-15T23:00,0,0.3351,18.99,67.5,0
2023-09-16T00:00,0,0.3372,16.84,68.4,0
2023-09-16T01:00,0,0.3351,15.74,75.6,0
2023-09-16T02:00,0,0.3332,15.73,78,0
2023-09-16T03:00,0,0.3349,15.28,70.9,0
2023-09-16T04:00,0,0.3334,13.57,86.2,0
2023-09-16T05:00,0,0.3337,13.99,75.6,0
2023-09-16T06:00,0,0.3314,13.71,83.1,0
2023-09-16T07:00,15.2,0.3329,14.75,82.4,0
2023-09-16T08:00,174.1,0.3289,16.94,77.4,0
2023-09-16T09:00,298.7,0.3291,19.39,72.1,0
2023-09-16T10:00,374.7,0.3265,20.49,65,0
2023-09-16T11:00,536.2,0.3239,22.37,58.1,0
2023-09-16T12:00,549.4,0.3184,23.62,59.9,0
2023-09-16T13:00,465.6,0.3153,24.91,51.9,0
2023-09-16T14:00,551.1,0.3123,26.52,48.6,0
2023-09-16T15:00,522.9,0.3088,26.15,50.4,0
2023-09-16T16:00,450.8,0.3035,26.41,55.4,0
2023-09-16T17:00,257,0.3007,25.34,55.1,0
2023-09-16T18:00,116,0.3011,24.61,56.9,0
2023-09-16T19:00,0,0.2979,21.55,64.2,0
2023-09-16T20:00,0,0.3013,20.62,64.8,0
2023-09-16T21:00,0,0.2966,18.75,73.8,0
2023-09-16T22:00,0,0.2982,16.2,74.9,0
2023-09-16T23:00,0,0.2963,14.27,78,0
2023-09-17T00:00,0,0.2976,13.4,83.4,0
2023-09-17T01:00,0,0.2955,12.65,79,0
2023-09-17T02:00,0,0.2961,12.11,79.5,0
2023-09-17T03:00,0,0.2949,11.98,88.2,0
2023-09-17T04:00,0,0.294,12.35,84,0
2023-09-17T05:00,0,0.2903,13.4,81.8,0
2023-09-17T06:00,0,0.2946,14.67,77.6,0
2023-09-17T07:00,4.7,0.2928,16.79,77,0
2023-09-17T08:00,65.4,0.2932,17.95,70.2,0
2023-09-17T09:00,133.6,0.2894,19.66,65.4,0
2023-09-17T10:00,137.1,0.2903,21.04,63,0
2023-09-17T11:00,200.6,0.286,23.07,65.4,0
2023-09-17T12:00,314.2,0.2864,24.58,56.6,0
2023-09-17T13:00,257.4,0.2827,24.12,58.9,0
2023-09-17T14:00,301.3,0.2839,25.87,55.7,0
2023-09-17T15:00,351.7,0.2772,26.95,52.4,0
2023-09-17T16:00,255.8,0.2794,25.87,53.5,0
2023-09-17T17:00,232.4,0.276,24.81,58.3,0
2023-09-17T18:00,100.8,0.2796,23.99,62.2,0
2023-09-17T19:00,0,0.2759,22.8,59.2,0
2023-09-17T20:00,0,0.2763,21.13,65.7,0
2023-09-17T21:00,0,0.2772,19.58,73.9,0
2023-09-17T22:00,0,0.2769,18.54,66.9,0
2023-09-17T23:00,0,0.2723,17.59,72.6,0
2023-09-18T00:00,0,0.2707,16.29,72.8,0
2023-09-18T01:00,0,0.2712,15.45,76.4,0
2023-09-18T02:00,0,0.2748,14.59,74.6,0
2023-09-18T03:00,0,0.2707,14.32,81.1,0
2023-09-18T04:00,0,0.2725,13.8,76.9,0
2023-09-18T05:00,0,0.2714,14.12,79.2,0
2023-09-18T06:00,0,0.2719,14.59,73.5,0
2023-09-18T07:00,4.3,0.2691,16.47,72.1,0
2023-09-18T08:00,98.1,0.2676,17.53,72,0
2023-09-18T09:00,196.1,0.2664,18.93,66.2,0
2023-09-18T10:00,346.7,0.2628,20.81,62.3,0
2023-09-18T11:00,323.6,0.2605,21.71,59.3,0
2023-09-18T12:00,443,0.2601,22.81,59.7,0
2023-09-18T13:00,570.9,0.2605,24.68,59.6,0
2023-09-18T14:00,636,0.2539,26.01,53.3,0
2023-09-18T15:00,508.1,0.2535,26.13,53.7,0
2023-09-18T16:00,435.9,0.2503,26.57,49,0
2023-09-18T17:00,261.9,0.2463,25.47,54.8,0
2023-09-18T18:00,111,0.2462,24.71,59.3,0
2023-09-18T19:00,0,0.2429,23.59,63.2,0
2023-09-18T20:00,0,0.2443,21.46,64.2,0
2023-09-18T21:00,0,0.2439,19.46,64.3,0
2023-09-18T22:00,0,0.2446,17.93,76.3,0
2023-09-18T23:00,0,0.2426,16.03,75.8,0
2023-09-19T00:00,0,0.2432,15.03,76.3,0
2023-09-19T01:00,0,0.2409,13.37,80,0
2023-09-19T02:00,0,0.2856,10.93,100,3.11
2023-09-19T03:00,0,0.3337,10.42,100,3.45
2023-09-19T04:00,0,0.3357,12.5,81.9,0
2023-09-19T05:00,0,0.3339,12.81,81.6,0
2023-09-19T06:00,0,0.335,13.23,78.6,0
2023-09-19T07:00,5.4,0.4065,13.26,100,5.03
2023-09-19T08:00,108,0.4014,16.82,73.7,0
2023-09-19T09:00,263,0.3978,18.75,64.7,0
2023-09-19T10:00,284,0.3947,19.33,67.8,0
2023-09-19T11:00,236.3,0.3948,19.75,64.2,0
2023-09-19T12:00,393.3,0.3908,21.21,62.6,0
2023-09-19T13:00,400.3,0.3858,22.15,60,0
2023-09-19T14:00,335.4,0.3846,22.34,63.7,0
2023-09-19T15:00,360.7,0.3839,23.78,56.7,0
2023-09-19T16:00,393.7,0.3773,25.12,55.5,0
2023-09-19T17:00,224.4,0.3756,23.9,64.7,0
2023-09-19T18:00,74.8,0.3786,19.88,88.9,0.37
2023-09-19T19:00,0,0.3778,21.72,65.7,0
2023-09-19T20:00,0,0.3745,18.72,66.9,0
2023-09-19T21:00,0,0.3788,16.47,74.9,0
2023-09-19T22:00,0,0.3888,13.45,98.1,0.87
2023-09-19T23:00,0,0.3886,13.53,75.3,0
2023-09-20T00:00,0,0.3898,13.58,78.6,0
2023-09-20T01:00,0,0.3861,12.44,83.6,0
2023-09-20T02:00,0,0.3864,12.41,76.4,0
2023-09-20T03:00,0,0.387,12.72,82.1,0
2023-09-20T04:00,0,0.3829,13.61,76.9,0
2023-09-20T05:00,0,0.3826,14,79.8,0
2023-09-20T06:00,0,0.3815,14.71,85.8,0
2023-09-20T07:00,2.6,0.3804,15.1,74.8,0
2023-09-20T08:00,73.6,0.3835,16.4,72.9,0
2023-09-20T09:00,136.7,0.3805,17.89,69.7,0
2023-09-20T10:00,225.6,0.3787,18.54,71.7,0
2023-09-20T11:00,270.8,0.3738,19.77,65.5,0
2023-09-20T12:00,300.1,0.3826,18.59,88.4,0.68
2023-09-20T13:00,210.4,0.3835,20.87,62.6,0
2023-09-20T14:00,307.6,0.3779,21.58,58.1,0
2023-09-20T15:00,300.2,0.3791,23.65,59.2,0
2023-09-20T16:00,144.2,0.3743,23.15,57.3,0
2023-09-20T17:00,128.1,0.3727,23.14,63.5,0
2023-09-20T18:00,39.6,0.3699,21.36,62.9,0
2023-09-20T19:00,0,0.3707,20.05,72.2,0
2023-09-20T20:00,0,0.3714,18.05,66.6,0
2023-09-20T21:00,0,0.3705,16.9,70.9,0
2023-09-20T22:00,0,0.3701,14.99,86.2,0
2023-09-20T23:00,0,0.3911,11.9,100,1.38
2023-09-21T00:00,0,0.4798,10.58,100,12.05
2023-09-21T01:00,0,0.4524,12.74,76.7,0
2023-09-21T02:00,0,0.4311,13.35,80,0
2023-09-21T03:00,0,0.4204,12.23,81.2,0
2023-09-21T04:00,0,0.4119,12.85,77.8,0
2023-09-21T05:00,0,0.4065,13.06,78.9,0
2023-09-21T06:00,0,0.4029,14.33,76.3,0
2023-09-21T07:00,0.3,0.4023,15.5,72.3,0
2023-09-21T08:00,9,0.4017,16.16,74.8,0
2023-09-21T09:00,18.2,0.3994,17.22,66.7,0
2023-09-21T10:00,95.5,0.3997,19.96,65.9,0
2023-09-21T11:00,31.8,0.3963,20.9,63.8,0
2023-09-21T12:00,35.3,0.3935,21.72,66.4,0
2023-09-21T13:00,36.2,0.3973,22.99,59.2,0
2023-09-21T14:00,34.4,0.3916,22.98,57.7,0
2023-09-21T15:00,30,0.3938,22.42,56.3,0
2023-09-21T16:00,23.4,0.392,22.8,60.9,0
2023-09-21T17:00,38.7,0.3941,21.98,59.8,0
2023-09-21T18:00,19.4,0.3923,21.61,62.6,0
2023-09-21T19:00,0,0.3878,20.86,61.9,0
2023-09-21T20:00,0,0.39,19.69,66.9,0
2023-09-21T21:00,0,0.3897,18.52,63.7,0
2023-09-21T22:00,0,0.3875,16.23,75.6,0
2023-09-21T23:00,0,0.3859,15.27,76.2,0
2023-09-22T00:00,0,0.3881,13.47,75.2,0
2023-09-22T01:00,0,0.3852,12.7,79.8,0
2023-09-22T02:00,0,0.3855,12.45,84.1,0
2023-09-22T03:00,0,0.3857,12.67,82.2,0
2023-09-22T04:00,0,0.4236,9.89,100,2.65
2023-09-22T05:00,0,0.414,12.63,85.1,0
2023-09-22T06:00,0,0.4064,12.47,83.7,0
2023-09-22T07:00,0.8,0.4061,14.68,79,0
2023-09-22T08:00,50.2,0.4018,15.9,75.1,0
2023-09-22T09:00,59.5,0.4018,17.02,75.5,0
2023-09-22T10:00,66.9,0.4475,17.89,86.5,3.29
2023-09-22T11:00,44.9,0.4289,20.87,63.1,0
2023-09-22T12:00,48.9,0.4171,21.87,64.2,0
2023-09-22T13:00,109.6,0.4101,23.65,58.5,0
2023-09-22T14:00,86,0.4063,23.54,58.9,0
2023-09-22T15:00,157.7,0.4021,24.08,59.1,0
2023-09-22T16:00,110.3,0.4009,24.03,59.5,0
2023-09-22T17:00,100,0.3987,24.11,58.2,0
2023-09-22T18:00,26.3,0.3999,23.11,57,0
2023-09-22T19:00,0,0.3961,21.12,64.4,0
2023-09-22T20:00,0,0.3947,19.82,68.1,0
2023-09-22T21:00,0,0.395,19.04,71.5,0
2023-09-22T22:00,0,0.3948,18.83,69.9,0
2023-09-22T23:00,0,0.3968,17.13,69.2,0
2023-09-23T00:00,0,0.3942,13.71,80.6,0
2023-09-23T01:00,0,0.3948,12.24,83.4,0
2023-09-23T02:00,0,0.3917,11.31,83.3,0
2023-09-23T03:00,0,0.3915,11.39,84.5,0
2023-09-23T04:00,0,0.3922,11.9,83.7,0
2023-09-23T05:00,0,0.3927,12.74,78.4,0
2023-09-23T06:00,0,0.3909,14.13,80.9,0
2023-09-23T07:00,1.9,0.3902,15.8,74.3,0
2023-09-23T08:00,135.6,0.3859,17.93,72.3,0
2023-09-23T09:00,288.1,0.3837,20.46,64.8,0
2023-09-23T10:00,426.3,0.381,20.87,60.1,0
2023-09-23T11:00,507.9,0.3799,22.9,54.3,0
2023-09-23T12:00,508.5,0.3726,23.64,56.1,0
2023-09-23T13:00,485.7,0.3667,24.31,53.3,0
2023-09-23T14:00,452.6,0.3658,24.22,56.9,0
2023-09-23T15:00,427.2,0.3625,25.43,50.9,0
2023-09-23T16:00,338.1,0.362,25.21,56,0
2023-09-23T17:00,195.3,0.3592,24.65,56.7,0
2023-09-23T18:00,56.1,0.3553,23.51,56.1,0
2023-09-23T19:00,0,0.356,23.14,58.8,0
2023-09-23T20:00,0,0.3576,22.34,58.9,0
2023-09-23T21:00,0,0.3577,21.33,65,0
2023-09-23T22:00,0,0.3542,19.54,69,0
2023-09-23T23:00,0,0.356,17.56,68.2,0
2023-09-24T00:00,0,0.353,15.56,74.6,0
2023-09-24T01:00,0,0.3552,14.98,77.2,0
2023-09-24T02:00,0,0.3551,14.42,78.3,0
2023-09-24T03:00,0,0.3537,14.07,76.4,0
2023-09-24T04:00,0,0.352,14.65,70.7,0
2023-09-24T05:00,0,0.3522,14.78,74.5,0
2023-09-24T06:00,0,0.3512,15.06,74.2,0
2023-09-24T07:00,0.9,0.3502,17.28,70.9,0
2023-09-24T08:00,137.6,0.3485,19.48,65.7,0
2023-09-24T09:00,282.6,0.3478,21.35,62.5,0
2023-09-24T10:00,327.3,0.342,22.33,58.5,0
2023-09-24T11:00,457.1,0.3412,23.96,58.1,0
2023-09-24T12:00,447.8,0.3391,25.03,54,0
2023-09-24T13:00,444.4,0.3353,26.28,45.9,0
2023-09-24T14:00,487.6,0.3338,26.31,46.2,0
2023-09-24T15:00,445,0.3292,27.04,51.7,0
2023-09-24T16:00,374.7,0.3234,26.27,48.9,0
2023-09-24T17:00,280.9,0.3214,26.61,49.5,0
2023-09-24T18:00,91.8,0.3222,24.48,51.6,0
2023-09-24T19:00,0,0.3212,22.39,56.3,0
2023-09-24T20:00,0,0.321,19.82,68.3,0
2023-09-24T21:00,0,0.3208,18.24,63.2,0
2023-09-24T22:00,0,0.3186,17.46,67.7,0
2023-09-24T23:00,0,0.3206,15.68,71.6,0
2023-09-25T00:00,0,0.319,12.8,83.1,0
2023-09-25T01:00,0,0.3203,12.18,80,0
2023-09-25T02:00,0,0.317,11.12,80.2,0
2023-09-25T03:00,0,0.319,11.13,77.9,0
2023-09-25T04:00,0,0.3173,11.69,81.6,0
2023-09-25T05:00,0,0.3168,12.41,81.6,0
2023-09-25T06:00,0,0.3192,14.03,80.9,0
2023-09-25T07:00,0.4,0.3158,15.98,71.8,0
2023-09-25T08:00,154.8,0.3123,17.79,63.1,0
2023-09-25T09:00,310.4,0.3093,19.63,64.5,0
2023-09-25T10:00,501.2,0.3063,20.92,61.5,0
2023-09-25T11:00,617.1,0.3068,22.34,60,0
2023-09-25T12:00,651.3,0.3013,24.49,54.2,0
2023-09-25T13:00,643.1,0.2963,26.38,52.8,0
2023-09-25T14:00,592.1,0.2945,27.1,49.1,0
2023-09-25T15:00,494,0.2899,27.27,43.6,0
2023-09-25T16:00,431.5,0.2861,27.76,50.7,0
2023-09-25T17:00,274.5,0.2835,28.02,46,0
2023-09-25T18:00,81.2,0.2864,26.61,51.7,0
2023-09-25T19:00,0,0.2826,25.37,55.3,0
2023-09-25T20:00,0,0.2827,23.71,61.8,0
2023-09-25T21:00,0,0.2852,21.41,61.5,0
2023-09-25T22:00,0,0.2834,18.94,64.4,0
2023-09-25T23:00,0,0.2836,16.35,72.1,0
2023-09-26T00:00,0,0.2818,15.77,71.3,0
2023-09-26T01:00,0,0.2813,14.24,72.8,0
2023-09-26T02:00,0,0.2783,13.65,78.4,0
2023-09-26T03:00,0,0.2825,12.82,79.6,0
2023-09-26T04:00,0,0.2785,13.74,75.6,0
2023-09-26T05:00,0,0.2807,12.98,79.2,0
2023-09-26T06:00,0,0.2816,14.23,69.7,0
2023-09-26T07:00,0.1,0.2785,15.52,70.4,0
2023-09-26T08:00,76.2,0.278,17.55,65,0
2023-09-26T09:00,105.1,0.2759,20.07,64.3,0
2023-09-26T10:00,191.8,0.2752,21.48,66.6,0
2023-09-26T11:00,210.7,0.276,23.28,55.5,0
2023-09-26T12:00,285.7,0.2739,24.04,55.8,0
2023-09-26T13:00,385.6,0.2724,25.33,49.5,0
2023-09-26T14:00,444.7,0.2707,27.16,50.1,0
2023-09-26T15:00,462,0.2664,27.8,50.8,0
2023-09-26T16:00,363.2,0.2612,27.02,54.1,0
2023-09-26T17:00,218,0.2586,26.47,54.3,0
2023-09-26T18:00,67,0.2608,25.23,50.1,0
2023-09-26T19:00,0,0.2582,23.72,56.9,0
2023-09-26T20:00,0,0.2605,22.17,60.1,0
2023-09-26T21:00,0,0.2591,19.05,63.9,0
2023-09-26T22:00,0,0.2577,17.28,66.6,0
2023-09-26T23:00,0,0.2589,15.59,74.4,0
2023-09-27T00:00,0,0.2575,14.63,78.8,0
2023-09-27T01:00,0,0.2596,14.14,77.2,0
2023-09-27T02:00,0,0.2587,13.02,73.2,0
2023-09-27T03:00,0,0.2583,11.47,84.7,0
2023-09-27T04:00,0,0.2574,12.27,80.1,0
2023-09-27T05:00,0,0.2591,12.86,75.7,0
2023-09-27T06:00,0,0.2596,12.75,76.2,0
2023-09-27T07:00,0,0.2576,13.33,77.5,0
2023-09-27T08:00,99.6,0.2547,14.94,72.4,0
2023-09-27T09:00,262.7,0.2522,16.51,73.5,0
2023-09-27T10:00,307.7,0.2533,18.12,62,0
2023-09-27T11:00,297.2,0.2491,20.12,66.4,0
2023-09-27T12:00,437.9,0.2498,22.33,57.9,0
2023-09-27T13:00,488.3,0.2467,23.75,55,0
2023-09-27T14:00,488.8,0.2425,24.56,50,0
2023-09-27T15:00,250.1,0.2391,23.84,58.8,0
2023-09-27T16:00,203.3,0.2413,23.82,52.1,0
2023-09-27T17:00,147.4,0.2368,23.98,56.7,0
2023-09-27T18:00,40,0.2391,23.11,58.1,0
2023-09-27T19:00,0,0.2404,21.44,62.7,0
2023-09-27T20:00,0,0.2376,20.05,60.1,0
2023-09-27T21:00,0,0.2364,18.01,66.5,0
2023-09-27T22:00,0,0.2374,16.25,77.7,0
2023-09-27T23:00,0,0.2384,13.74,77.7,0
2023-09-28T00:00,0,0.2362,12.91,77.7,0
2023-09-28T01:00,0,0.2339,11.61,83.6,0
2023-09-28T02:00,0,0.2346,10.43,80.9,0
2023-09-28T03:00,0,0.236,10.6,87.1,0
2023-09-28T04:00,0,0.2328,11.28,78.7,0
2023-09-28T05:00,0,0.2336,12.14,79.9,0
2023-09-28T06:00,0,0.2336,12.55,81.6,0
2023-09-28T07:00,0,0.2335,14.17,83.4,0
2023-09-28T08:00,41.2,0.2326,16.07,75.5,0
2023-09-28T09:00,106.5,0.2321,17.34,68.2,0
2023-09-28T10:00,163.9,0.2295,18.58,62.9,0
2023-09-28T11:00,185.9,0.2262,20.38,63.9,0
2023-09-28T12:00,369.6,0.2273,22.51,58,0
2023-09-28T13:00,311.6,0.2281,22.97,55.6,0
2023-09-28T14:00,463.4,0.2283,23.55,54.3,0
2023-09-28T15:00,243.8,0.2254,23.46,54.1,0
2023-09-28T16:00,211.2,0.2224,23.49,57.1,0
2023-09-28T17:00,134.8,0.2202,22.61,55,0
2023-09-28T18:00,28.3,0.2197,22.01,61.5,0
2023-09-28T19:00,0,0.2188,20.95,57.5,0
2023-09-28T20:00,0,0.2197,19.21,70.3,0
2023-09-28T21:00,0,0.2196,16.97,67.4,0
2023-09-28T22:00,0,0.2197,14.33,77,0
2023-09-28T23:00,0,0.2161,13.34,78.9,0
2023-09-29T00:00,0,0.2209,12.95,85.2,0
2023-09-29T01:00,0,0.217,11.71,80.9,0
2023-09-29T02:00,0,0.2185,11.79,80.2,0
2023-09-29T03:00,0,0.2293,9.02,100,0.99
2023-09-29T04:00,0,0.2304,11.43,81.9,0
2023-09-29T05:00,0,0.2302,12.54,81.8,0
2023-09-29T06:00,0,0.2311,13.37,76.9,0
2023-09-29T07:00,0,0.2302,13.94,80.5,0
2023-09-29T08:00,88.1,0.2292,15.21,75.2,0
2023-09-29T09:00,149.7,0.236,13.97,93.4,0.45
2023-09-29T10:00,258.2,0.2339,17.78,71.1,0
2023-09-29T11:00,328.2,0.2291,19.68,63.5,0
2023-09-29T12:00,343.7,0.2498,18.99,79.6,1.26
2023-09-29T13:00,340.9,0.2449,22.55,62.7,0
2023-09-29T14:00,242.6,0.2447,22.24,55,0
2023-09-29T15:00,188.2,0.2441,21.91,58.3,0
2023-09-29T16:00,67.6,0.2418,21.57,66.1,0
2023-09-29T17:00,24.4,0.2428,19.36,84.7,0.08
2023-09-29T18:00,16.1,0.2447,21.98,55.6,0
2023-09-29T19:00,0,0.2425,21.09,57.1,0
2023-09-29T20:00,0,0.2647,17.7,89.6,1.8
2023-09-29T21:00,0,0.2672,18.82,69.9,0
2023-09-29T22:00,0,0.2671,17.26,66.7,0
2023-09-29T23:00,0,0.2649,15.56,69.3,0
2023-09-30T00:00,0,0.2627,13.82,79.6,0
2023-09-30T01:00,0,0.2662,13.09,78.1,0
2023-09-30T02:00,0,0.2665,11.72,79.6,0
2023-09-30T03:00,0,0.2655,11.02,82.2,0
2023-09-30T04:00,0,0.2667,11.15,81.6,0
2023-09-30T05:00,0,0.2629,12.06,80.1,0
2023-09-30T06:00,0,0.2629,13.31,76.3,0
2023-09-30T07:00,0,0.2605,15.28,70,0
2023-09-30T08:00,62.1,0.2596,16.52,69.8,0
2023-09-30T09:00,153.4,0.2608,18.31,61.6,0
2023-09-30T10:00,190.2,0.2593,19.33,69.8,0
2023-09-30T11:00,212.8,0.2608,19.58,61.4,0
2023-09-30T12:00,336.1,0.2563,20.87,65.2,0
2023-09-30T13:00,368.4,0.2576,22.13,62,0
2023-09-30T14:00,468.9,0.254,23.16,53.9,0
2023-09-30T15:00,388.7,0.25,22.46,58.8,0
2023-09-30T16:00,259.7,0.25,22.28,57.4,0
2023-09-30T17:00,139.9,0.2459,21.57,58.6,0
2023-09-30T18:00,35.2,0.2505,20.09,58.7,0
2023-09-30T19:00,0,0.2483,18.11,70,0
2023-09-30T20:00,0,0.2478,16.96,71.8,0
2023-09-30T21:00,0,0.2443,15.68,72.3,0
2023-09-30T22:00,0,0.2459,14.3,77,0
2023-09-30T23:00,0,0.2465,13.7,72.8,0
2023-10-01T00:00,0,0.2468,12.31,82.2,0
2023-10-01T01:00,0,0.2434,11.45,85.2,0
2023-10-01T02:00,0,0.2446,11.35,83.8,0
2023-10-01T03:00,0,0.2461,11.33,82.1,0
2023-10-01T04:00,0,0.2423,12.18,83.7,0
2023-10-01T05:00,0,0.2436,12.74,76.2,0
2023-10-01T06:00,0,0.2448,13.58,78.7,0
2023-10-01T07:00,0,0.2406,14.39,72.5,0
2023-10-01T08:00,68,0.2424,15.76,71.7,0
2023-10-01T09:00,181.5,0.2403,17.29,72.8,0
2023-10-01T10:00,333.1,0.2396,19.11,60.7,0
2023-10-01T11:00,294.5,0.2357,20.3,65.8,0
2023-10-01T12:00,401,0.2357,22.37,61.4,0
2023-10-01T13:00,338.2,0.2338,22.68,57.4,0
2023-10-01T14:00,264,0.2342,22.46,58.8,0
2023-10-01T15:00,181.6,0.2314,23.6,55.6,0
2023-10-01T16:00,136.8,0.2302,23.27,51.3,0
2023-10-01T17:00,87.8,0.2285,22.5,60.9,0
2023-10-01T18:00,30.8,0.2324,22,57.7,0
2023-10-01T19:00,0,0.229,20.63,63.6,0
2023-10-01T20:00,0,0.2301,19.21,57.1,0
2023-10-01T21:00,0,0.2268,18.33,70,0
2023-10-01T22:00,0,0.2262,16.6,73.6,0
2023-10-01T23:00,0,0.2298,14.62,71.4,0
2023-10-02T00:00,0,0.2276,11.7,83.7,0
2023-10-02T01:00,0,0.2241,11.03,77,0
2023-10-02T02:00,0,0.2262,11.14,84.2,0
2023-10-02T03:00,0,0.2255,11.3,76,0
2023-10-02T04:00,0,0.2262,12.12,82.6,0
2023-10-02T05:00,0,0.2266,13.09,78,0
2023-10-02T06:00,0,0.2273,14.53,74.5,0
2023-10-02T07:00,0,0.2252,15.31,72.7,0
2023-10-02T08:00,77.6,0.2259,16.22,70.9,0
2023-10-02T09:00,224,0.2237,18.4,65.4,0
2023-10-02T10:00,328.8,0.2239,20.54,65.4,0
2023-10-02T11:00,488.2,0.2214,21.51,57.6,0
2023-10-02T12:00,589.1,0.2164,23.86,55.4,0
2023-10-02T13:00,563.4,0.2136,25.78,56.1,0
2023-10-02T14:00,479,0.2128,24.84,55.6,0
2023-10-02T15:00,405.5,0.2118,24.98,54.5,0
2023-10-02T16:00,242.4,0.2095,23.75,57.9,0
2023-10-02T17:00,160.8,0.2088,24.09,53.9,0
2023-10-02T18:00,28.7,0.2072,22.07,58.3,0
2023-10-02T19:00,0,0.209,21.22,62.4,0
2023-10-02T20:00,0,0.2047,20.51,59.3,0
2023-10-02T21:00,0,0.2073,19.19,58.9,0
2023-10-02T22:00,0,0.2072,17.28,70.9,0
2023-10-02T23:00,0,0.2054,15.36,72,0
2023-10-03T00:00,0,0.2069,15.28,71,0
2023-10-03T01:00,0,0.2077,14.54,70.3,0
2023-10-03T02:00,0,0.2051,14.55,72.9,0
2023-10-03T03:00,0,0.2017,15.2,75.5,0
2023-10-03T04:00,0,0.205,15.1,68.7,0
2023-10-03T05:00,0,0.2045,14.53,72.8,0
2023-10-03T06:00,0,0.2006,13.92,72.6,0
2023-10-03T07:00,0,0.2893,12.87,93.4,6.03
2023-10-03T08:00,54.5,0.2963,13.86,92.6,0.43
2023-10-03T09:00,183,0.2944,17.66,69,0
2023-10-03T10:00,292,0.2902,19.33,65.9,0
2023-10-03T11:00,328.1,0.291,21.11,61.1,0
2023-10-03T12:00,264.7,0.2899,21.85,64.7,0
2023-10-03T13:00,273.5,0.2885,23.33,53,0
2023-10-03T14:00,286.2,0.2871,24.73,51,0
2023-10-03T15:00,321.2,0.2825,25.59,50.1,0
2023-10-03T16:00,278.8,0.3496,23.03,76.8,4.73
2023-10-03T17:00,109.3,0.358,21.63,77.4,0.72
2023-10-03T18:00,21.1,0.3579,22.3,60.3,0
2023-10-03T19:00,0,0.4066,19.29,83.9,3.43
2023-10-03T20:00,0,0.4332,17.86,88.1,2.17
2023-10-03T21:00,0,0.421,18.55,67.1,0
2023-10-03T22:00,0,0.413,16.29,73.7,0
2023-10-03T23:00,0,0.4072,15.12,73,0
2023-10-04T00:00,0,0.405,13.63,75.5,0
2023-10-04T01:00,0,0.4038,12.13,78,0
2023-10-04T02:00,0,0.4011,10.86,79.4,0
2023-10-04T03:00,0,0.3993,10.67,85.7,0
2023-10-04T04:00,0,0.3987,10.79,80.6,0
2023-10-04T05:00,0,0.3961,11.6,79.6,0
2023-10-04T06:00,0,0.4007,12.1,79.4,0
2023-10-04T07:00,0,0.3979,13.28,71.2,0
2023-10-04T08:00,35.1,0.3951,15.38,76.1,0
2023-10-04T09:00,75.7,0.3953,17.15,64.9,0
2023-10-04T10:00,91.9,0.3954,18.2,64.7,0
2023-10-04T11:00,92.5,0.3931,19.82,63.9,0
2023-10-04T12:00,82.3,0.392,21.13,55.5,0
2023-10-04T13:00,222.7,0.3919,22.72,52.8,0
2023-10-04T14:00,82.5,0.3905,22.51,61.5,0
2023-10-04T15:00,26,0.3886,21.45,57.4,0
2023-10-04T16:00,31.9,0.3894,21.75,60.5,0
2023-10-04T17:00,55.5,0.3865,22.26,56.8,0
2023-10-04T18:00,11.2,0.3841,21.26,58.5,0
2023-10-04T19:00,0,0.3865,19.54,64.3,0
2023-10-04T20:00,0,0.3849,18.42,69.9,0
2023-10-04T21:00,0,0.3856,15.89,75.4,0
2023-10-04T22:00,0,0.3839,15.13,74.1,0
2023-10-04T23:00,0,0.3867,14.15,79.3,0
2023-10-05T00:00,0,0.3848,11.99,75.5,0
2023-10-05T01:00,0,0.3809,10.67,80.4,0
2023-10-05T02:00,0,0.3806,10.11,79.6,0
2023-10-05T03:00,0,0.383,10.25,85.1,0
2023-10-05T04:00,0,0.3822,10.14,81,0
2023-10-05T05:00,0,0.38,11.44,75.5,0
2023-10-05T06:00,0,0.3793,12.12,78.2,0
2023-10-05T07:00,0,0.38,13.78,75.6,0
2023-10-05T08:00,67.8,0.3795,14.98,75.4,0
2023-10-05T09:00,140.1,0.375,16.24,71.1,0
2023-10-05T10:00,250.6,0.3754,18.09,60.7,0
2023-10-05T11:00,354.3,0.3704,20.29,62.7,0
2023-10-05T12:00,383.8,0.3718,22.24,54.6,0
2023-10-05T13:00,464.4,0.3682,23.46,55.2,0
2023-10-05T14:00,574.9,0.3598,25.02,51.3,0
2023-10-05T15:00,439,0.3592,24.75,53,0
2023-10-05T16:00,286,0.36,23.9,55.9,0
2023-10-05T17:00,176.7,0.3542,24.29,49.1,0
2023-10-05T18:00,31.5,0.3574,23.02,52.2,0
2023-10-05T19:00,0,0.3544,21.1,59.4,0
2023-10-05T20:00,0,0.3517,19.6,65.7,0
2023-10-05T21:00,0,0.3527,18.02,66.5,0
2023-10-05T22:00,0,0.352,16.44,73.1,0
2023-10-05T23:00,0,0.3536,14.14,71.4,0
2023-10-06T00:00,0,0.3525,12.54,82,0
2023-10-06T01:00,0,0.3538,11.85,76.9,0
2023-10-06T02:00,0,0.3529,11.75,84,0
2023-10-06T03:00,0,0.3493,10.61,89,0
2023-10-06T04:00,0,0.351,10.29,84.5,0
2023-10-06T05:00,0,0.3506,10.57,83.8,0
2023-10-06T06:00,0,0.3497,10.47,79.1,0
2023-10-06T07:00,0,0.3488,11.6,77.1,0
2023-10-06T08:00,91.5,0.347,13.97,75.9,0
2023-10-06T09:00,199.1,0.3461,16.31,65.7,0
2023-10-06T10:00,361.9,0.3451,17.36,67.8,0
2023-10-06T11:00,436.6,0.3397,17.99,64.1,0
2023-10-06T12:00,474.8,0.3377,19.03,65,0
2023-10-06T13:00,420.8,0.3335,20.48,57.8,0
2023-10-06T14:00,319.2,0.3352,21.02,64.4,0
2023-10-06T15:00,272.5,0.3318,21.04,56.1,0
2023-10-06T16:00,190,0.3316,20.96,55.2,0
2023-10-06T17:00,93.1,0.3281,20.2,61,0
2023-10-06T18:00,14.9,0.3264,19.67,60.6,0
2023-10-06T19:00,0,0.3278,18.38,65.6,0
2023-10-06T20:00,0,0.3304,16.31,71.3,0
2023-10-06T21:00,0,0.3298,14.89,75,0
2023-10-06T22:00,0,0.3261,13.44,77.3,0
2023-10-06T23:00,0,0.3256,12.52,76.2,0
2023-10-07T00:00,0,0.3253,10.74,79.4,0
2023-10-07T01:00,0,0.3246,9.23,81,0
2023-10-07T02:00,0,0.3239,8.87,87.9,0
2023-10-07T03:00,0,0.3247,8.86,88.3,0
2023-10-07T04:00,0,0.323,9.83,80.2,0
2023-10-07T05:00,0,0.3227,10.56,83.2,0
2023-10-07T06:00,0,0.3223,11.4,79.8,0
2023-10-07T07:00,0,0.3236,12.6,76.3,0
2023-10-07T08:00,48.8,0.3203,13.73,78.7,0
2023-10-07T09:00,171.4,0.3221,14.54,71.6,0
2023-10-07T10:00,344.7,0.3179,16.43,66.8,0
2023-10-07T11:00,348.6,0.3154,16.41,66,0
2023-10-07T12:00,429.2,0.3135,17.68,64.6,0
2023-10-07T13:00,486.6,0.3113,19.86,62.6,0
2023-10-07T14:00,396.1,0.3093,21.4,55.3,0
2023-10-07T15:00,370.4,0.3054,21.98,56.6,0
2023-10-07T16:00,212.2,0.3064,20.95,61.6,0
2023-10-07T17:00,87,0.305,19.15,60.4,0
2023-10-07T18:00,11.2,0.3039,18.21,65.2,0
2023-10-07T19:00,0,0.303,17.51,66.8,0
2023-10-07T20:00,0,0.3009,16.99,70.2,0
2023-10-07T21:00,0,0.3015,15.24,72.6,0
2023-10-07T22:00,0,0.3013,13.83,76.9,0
2023-10-07T23:00,0,0.3009,12.77,79,0
2023-10-08T00:00,0,0.3049,11.49,75.1,0
2023-10-08T01:00,0,0.3001,9.82,86.6,0
2023-10-08T02:00,0,0.3016,8.53,85.2,0
2023-10-08T03:00,0,0.2985,9.52,86.8,0
2023-10-08T04:00,0,0.3,8.73,83.9,0
2023-10-08T05:00,0,0.2976,10.19,81.2,0
2023-10-08T06:00,0,0.2979,10.24,84.6,0
2023-10-08T07:00,0,0.2989,11.99,80,0
2023-10-08T08:00,94.4,0.295,14.24,72.9,0
2023-10-08T09:00,233.6,0.2953,15.58,67.6,0
2023-10-08T10:00,328.5,0.2928,16.24,62.6,0
2023-10-08T11:00,383.4,0.2902,18.81,60.5,0
2023-10-08T12:00,545.5,0.2906,20.9,56.7,0
2023-10-08T13:00,479.7,0.2836,21.99,53.4,0
2023-10-08T14:00,399.4,0.2859,23.66,56.4,0
2023-10-08T15:00,396.2,0.2813,24.32,47.2,0
2023-10-08T16:00,271.5,0.281,24.31,47,0
2023-10-08T17:00,158.4,0.2793,23.52,51.4,0
2023-10-08T18:00,12.3,0.2809,21.39,65.8,0
2023-10-08T19:00,0,0.2784,20.54,60.7,0
2023-10-08T20:00,0,0.276,18.51,63.3,0
2023-10-08T21:00,0,0.2763,17.48,62.8,0
2023-10-08T22:00,0,0.2754,15.55,72,0
2023-10-08T23:00,0,0.2767,13.72,77.3,0
2023-10-09T00:00,0,0.2712,11.55,75.1,0
2023-10-09T01:00,0,0.2739,9.38,81.7,0
2023-10-09T02:00,0,0.2753,9.02,85.8,0
2023-10-09T03:00,0,0.2734,8.6,82,0
2023-10-09T04:00,0,0.2745,9.39,85.1,0
2023-10-09T05:00,0,0.2714,9.95,82.2,0
2023-10-09T06:00,0,0.2734,11.61,74.7,0
2023-10-09T07:00,0,0.2763,14.64,71.4,0
2023-10-09T08:00,105.6,0.2686,16.78,63,0
2023-10-09T09:00,239.4,0.2703,18.82,58.1,0
2023-10-09T10:00,344.2,0.2691,19.18,61.3,0
2023-10-09T11:00,391.7,0.2667,20.97,60.1,0
2023-10-09T12:00,437.3,0.2644,22.64,56.3,0
2023-10-09T13:00,602.1,0.2612,24.17,51.7,0
2023-10-09T14:00,479.7,0.2592,24.55,49.5,0
2023-10-09T15:00,389.1,0.2581,23.85,48.8,0
2023-10-09T16:00,251.8,0.257,23.43,49.7,0
2023-10-09T17:00,155.1,0.2563,24.14,54,0
2023-10-09T18:00,11.5,0.2567,22.04,53.1,0
2023-10-09T19:00,0,0.2558,20.34,56.6,0
2023-10-09T20:00,0,0.2532,18.16,63.9,0
2023-10-09T21:00,0,0.2548,15.64,74.2,0
2023-10-09T22:00,0,0.2544,13.71,76.6,0
2023-10-09T23:00,0,0.2546,11.77,80.1,0
2023-10-10T00:00,0,0.2533,11.32,79.3,0
2023-10-10T01:00,0,0.2527,10.34,85.2,0
2023-10-10T02:00,0,0.2496,8.74,80.2,0
2023-10-10T03:00,0,0.2511,8.41,89.5,0
2023-10-10T04:00,0,0.2521,8.95,82,0
2023-10-10T05:00,0,0.25,9.65,85,0
2023-10-10T06:00,0,0.2502,10.66,77.6,0
2023-10-10T07:00,0,0.249,12.3,75.5,0
2023-10-10T08:00,83.5,0.251,14.49,69.3,0
2023-10-10T09:00,223.9,0.246,17.05,65,0
2023-10-10T10:00,314.9,0.2468,19,59.3,0
2023-10-10T11:00,404,0.2469,20.1,59.7,0
2023-10-10T12:00,518.4,0.2462,21.79,55.7,0
2023-10-10T13:00,571.4,0.2408,23.55,51.8,0
2023-10-10T14:00,545.8,0.2364,25.06,47.1,0
2023-10-10T15:00,398.2,0.2364,25.26,51.8,0
2023-10-10T16:00,334.6,0.2355,25.15,47.7,0
2023-10-10T17:00,177.2,0.2334,24.09,49.8,0
2023-10-10T18:00,9.5,0.232,22.65,55.8,0
2023-10-10T19:00,0,0.2302,20.98,60.4,0
2023-10-10T20:00,0,0.2321,17.92,64.4,0
2023-10-10T21:00,0,0.2339,15.88,74.9,0
2023-10-10T22:00,0,0.2351,14.67,72.5,0
2023-10-10T23:00,0,0.2283,13.77,74.2,0
2023-10-11T00:00,0,0.2305,12.13,84.1,0
2023-10-11T01:00,0,0.2303,11.45,80.6,0
2023-10-11T02:00,0,0.2302,10.29,81.3,0
2023-10-11T03:00,0,0.2303,9.65,86.2,0
2023-10-11T04:00,0,0.2287,9.5,80.3,0
2023-10-11T05:00,0,0.2298,10.61,81.6,0
2023-10-11T06:00,0,0.2309,10.67,76.5,0
2023-10-11T07:00,0,0.2302,13.09,73.5,0
2023-10-11T08:00,80,0.2284,15.28,79.2,0
2023-10-11T09:00,221.5,0.227,16.35,66.2,0
2023-10-11T10:00,385,0.226,18.35,62.1,0
2023-10-11T11:00,489.3,0.2225,20.53,57.4,0
2023-10-11T12:00,584.3,0.2216,23.02,51.5,0
2023-10-11T13:00,577.1,0.2168,23.78,51.5,0
2023-10-11T14:00,422.7,0.2188,23.11,51.8,0
2023-10-11T15:00,429.7,0.215,24.05,51.2,0
2023-10-11T16:00,327.2,0.2154,23.89,49.5,0
2023-10-11T17:00,160.1,0.2136,22.42,55.1,0
2023-10-11T18:00,6.5,0.2105,21.1,56.6,0
2023-10-11T19:00,0,0.2107,20.04,57.4,0
2023-10-11T20:00,0,0.2129,18.01,58.2,0
2023-10-11T21:00,0,0.2119,16.76,67.9,0
2023-10-11T22:00,0,0.212,14.91,65.1,0
2023-10-11T23:00,0,0.2113,12.46,78.4,0
2023-10-12T00:00,0,0.2112,11.42,77.7,0
2023-10-12T01:00,0,0.2123,10.7,76.8,0
2023-10-12T02:00,0,0.2121,9.57,85.4,0
2023-10-12T03:00,0,0.2105,10.37,74.4,0
2023-10-12T04:00,0,0.2091,10.34,78,0
2023-10-12T05:00,0,0.2109,11.34,86.7,0
2023-10-12T06:00,0,0.2122,12.28,74.1,0
2023-10-12T07:00,0,0.2058,13.1,72.6,0
2023-10-12T08:00,55.1,0.207,14.74,69.4,0
2023-10-12T09:00,113.7,0.2101,15.97,69.4,0
2023-10-12T10:00,223.1,0.2072,17.06,69.6,0
2023-10-12T11:00,321.5,0.2073,18.39,62.4,0
2023-10-12T12:00,376.8,0.2021,18.44,60,0
2023-10-12T13:00,311.3,0.2029,18.57,64.9,0
2023-10-12T14:00,239,0.202,18.48,65.1,0
2023-10-12T15:00,288.4,0.2017,19.69,56,0
2023-10-12T16:00,212.3,0.198,20.21,56.1,0
2023-10-12T17:00,104,0.1973,19.88,57.7,0
2023-10-12T18:00,2.4,0.1965,19.49,56.4,0
2023-10-12T19:00,0,0.1984,19.04,61.3,0
2023-10-12T20:00,0,0.1994,16.84,67.8,0
2023-10-12T21:00,0,0.197,15.34,70.8,0
2023-10-12T22:00,0,0.2003,13.32,73.4,0
2023-10-12T23:00,0,0.1969,11.79,78.1,0
2023-10-13T00:00,0,0.1944,10.53,77.1,0
2023-10-13T01:00,0,0.2002,9.5,82,0
2023-10-13T02:00,0,0.196,8.69,87.1,0
2023-10-13T03:00,0,0.1952,8.47,85.2,0
2023-10-13T04:00,0,0.1968,9.27,81.6,0
2023-10-13T05:00,0,0.1943,9.58,83.4,0
2023-10-13T06:00,0,0.1936,10.8,77.6,0
2023-10-13T07:00,0,0.1973,10.57,79.3,0
2023-10-13T08:00,54.7,0.193,11.42,76.5,0
2023-10-13T09:00,125.4,0.1951,13.49,75.7,0
2023-10-13T10:00,194.1,0.1938,15.24,69.9,0
2023-10-13T11:00,256.9,0.1923,16.36,67,0
2023-10-13T12:00,217.3,0.19,17.53,65.4,0
2023-10-13T13:00,199,0.1911,18.93,61.8,0
2023-10-13T14:00,204.6,0.1919,20.45,55.5,0
2023-10-13T15:00,167.9,0.1898,20.42,55.6,0
2023-10-13T16:00,117.3,0.1877,21.06,56.4,0
2023-10-13T17:00,59.2,0.188,20.55,60.7,0
2023-10-13T18:00,0.4,0.1874,19.66,60.1,0
2023-10-13T19:00,0,0.1862,19.47,62.5,0
2023-10-13T20:00,0,0.1878,17.78,64.4,0
2023-10-13T21:00,0,0.1915,15.83,71,0
2023-10-13T22:00,0,0.185,14.03,69.1,0
2023-10-13T23:00,0,0.1858,12.8,80.1,0
2023-10-14T00:00,0,0.1847,12.16,73.3,0
2023-10-14T01:00,0,0.1873,11.66,74.2,0
2023-10-14T02:00,0,0.1874,10.57,81,0
2023-10-14T03:00,0,0.1861,9.74,81.3,0
2023-10-14T04:00,0,0.1829,8.47,81.6,0
2023-10-14T05:00,0,0.1844,8.79,79.2,0
2023-10-14T06:00,0,0.1803,10.05,78.4,0
2023-10-14T07:00,0,0.1862,11.93,77.8,0
2023-10-14T08:00,42.3,0.1805,13.37,72.6,0
2023-10-14T09:00,142.5,0.1844,15.16,68.4,0
2023-10-14T10:00,213.4,0.1833,17.76,60.7,0
2023-10-14T11:00,235.2,0.1813,20.03,62.2,0
2023-10-14T12:00,235.5,0.1764,20.6,60,0
2023-10-14T13:00,305.3,0.1795,20.91,59.6,0
2023-10-14T14:00,197.3,0.176,20.98,59.6,0
2023-10-14T15:00,214.4,0.1778,21.83,58.9,0
2023-10-14T16:00,136.7,0.1775,21.25,59.8,0
2023-10-14T17:00,75.8,0.175,21.99,60.6,0
2023-10-14T18:00,0.5,0.1768,22.03,51.6,0
2023-10-14T19:00,0,0.1741,21.06,51.5,0
2023-10-14T20:00,0,0.1742,18.78,62.2,0
2023-10-14T21:00,0,0.1737,16.57,65.3,0
2023-10-14T22:00,0,0.1726,15.06,68.8,0
2023-10-14T23:00,0,0.1782,12.93,75.4,0
2023-10-15T00:00,0,0.1728,12.01,75.5,0
2023-10-15T01:00,0,0.1738,10.91,75.3,0
2023-10-15T02:00,0,0.1741,9.86,77.3,0
2023-10-15T03:00,0,0.1736,9.59,81.3,0
2023-10-15T04:00,0,0.1753,9.21,84.7,0
2023-10-15T05:00,0,0.1735,10.29,75.4,0
2023-10-15T06:00,0,0.1756,11.51,77.8,0
2023-10-15T07:00,0,0.1726,12.84,81,0
2023-10-15T08:00,39.7,0.1717,14.26,70.7,0
2023-10-15T09:00,115.3,0.1745,15.98,66.8,0
2023-10-15T10:00,302.1,0.1684,18.11,63.8,0
2023-10-15T11:00,372.9,0.1693,20,55.6,0
2023-10-15T12:00,338.1,0.1658,19.6,58.9,0
2023-10-15T13:00,330,0.1677,20.32,56.5,0
2023-10-15T14:00,363.8,0.1651,20.73,59.2,0
2023-10-15T15:00,384.7,0.1665,21.11,59.2,0
2023-10-15T16:00,208.1,0.1646,19.63,58.8,0
2023-10-15T17:00,113.1,0.164,19.32,62.3,0
2023-10-15T18:00,0.2,0.1642,19.59,62.8,0
2023-10-15T19:00,0,0.161,17.93,64.1,0
2023-10-15T20:00,0,0.1637,16.56,62.3,0
2023-10-15T21:00,0,0.1632,14.33,69.2,0
2023-10-15T22:00,0,0.1637,12.16,76.6,0
2023-10-15T23:00,0,0.1621,11.46,77.1,0
2023-10-16T00:00,0,0.1627,9.37,80,0
2023-10-16T01:00,0,0.1636,8.4,87.1,0
2023-10-16T02:00,0,0.161,7.23,85.9,0
2023-10-16T03:00,0,0.1606,7.95,84.1,0
2023-10-16T04:00,0,0.1646,6.65,86.5,0
2023-10-16T05:00,0,0.1595,6.91,84,0
2023-10-16T06:00,0,0.1578,9.47,81.2,0
2023-10-16T07:00,0,0.1603,11.43,76,0
2023-10-16T08:00,56.1,0.1593,13.1,76.3,0
2023-10-16T09:00,232.1,0.1592,15.18,65.9,0
2023-10-16T10:00,357.5,0.1577,17.68,63.3,0
2023-10-16T11:00,440.2,0.1571,19.12,59.8,0
2023-10-16T12:00,518.2,0.1559,21.16,52,0
2023-10-16T13:00,499.8,0.1539,21.4,50.9,0
2023-10-16T14:00,334.6,0.1542,20.87,57.3,0
2023-10-16T15:00,332.4,0.1496,21.73,56.2,0
2023-10-16T16:00,216.2,0.1534,22,54.2,0
2023-10-16T17:00,86.6,0.1523,20.28,62.6,0
2023-10-16T18:00,0,0.1516,19.99,62.7,0
2023-10-16T19:00,0,0.148,18.73,56,0
2023-10-16T20:00,0,0.1532,16.44,63.7,0
2023-10-16T21:00,0,0.1513,14.88,72.1,0
2023-10-16T22:00,0,0.1521,13.84,74.7,0
2023-10-16T23:00,0,0.1513,11.81,80.5,0
2023-10-17T00:00,0,0.1498,10.32,79.8,0
2023-10-17T01:00,0,0.1497,8.72,81.5,0
2023-10-17T02:00,0,0.1465,7.34,80.6,0
2023-10-17T03:00,0,0.1484,6.85,80.3,0
2023-10-17T04:00,0,0.1526,7.75,88.2,0
2023-10-17T05:00,0,0.1475,8.42,87.6,0
2023-10-17T06:00,0,0.1481,9.99,82.4,0
2023-10-17T07:00,0,0.1465,10.49,81.7,0
2023-10-17T08:00,70.4,0.1494,12.33,77.5,0
2023-10-17T09:00,197.7,0.1481,13.47,74.4,0
2023-10-17T10:00,344.6,0.144,15.11,65,0
2023-10-17T11:00,408.2,0.1466,17.03,63,0
2023-10-17T12:00,418.1,0.1445,18.38,56.5,0
2023-10-17T13:00,416.7,0.1429,19.33,57.9,0
2023-10-17T14:00,394.2,0.1421,20.55,54.2,0
2023-10-17T15:00,361.5,0.1436,21.47,53.3,0
2023-10-17T16:00,243.1,0.1392,21.26,52.6,0
2023-10-17T17:00,121.9,0.1392,20.93,55.9,0
2023-10-17T18:00,0,0.1399,20.48,57.8,0
2023-10-17T19:00,0,0.1396,19.63,58.3,0
2023-10-17T20:00,0,0.1382,17.46,64.8,0
2023-10-17T21:00,0,0.1402,15.06,73.5,0
2023-10-17T22:00,0,0.1391,13.1,71.3,0
2023-10-17T23:00,0,0.1405,10.54,72.3,0
2023-10-18T00:00,0,0.138,9.96,79.9,0
2023-10-18T01:00,0,0.1358,7.85,86,0
2023-10-18T02:00,0,0.14,7.12,84.5,0
2023-10-18T03:00,0,0.1397,7.48,82.4,0
2023-10-18T04:00,0,0.1375,7.62,82.7,0
2023-10-18T05:00,0,0.1386,8.93,76.5,0
2023-10-18T06:00,0,0.1374,9.91,78.6,0
2023-10-18T07:00,0,0.1365,11.65,81.2,0
2023-10-18T08:00,59.9,0.1371,13.99,73.8,0
2023-10-18T09:00,181.2,0.1351,15.81,65.7,0
2023-10-18T10:00,303.9,0.1339,17.35,60.7,0
2023-10-18T11:00,435.6,0.132,19.36,52.5,0
2023-10-18T12:00,518.9,0.1339,21.31,54.3,0
2023-10-18T13:00,499.9,0.1295,22.34,49.4,0
2023-10-18T14:00,425.3,0.1298,22.08,55.2,0
2023-10-18T15:00,296.6,0.131,21.57,52.5,0
2023-10-18T16:00,218.6,0.1331,22.41,55.8,0
2023-10-18T17:00,106.1,0.1294,21.29,52.8,0
2023-10-18T18:00,0,0.1283,20.53,57.3,0
2023-10-18T19:00,0,0.1271,19.2,62.5,0
2023-10-18T20:00,0,0.1295,16.76,63.5,0
2023-10-18T21:00,0,0.1298,15.89,71,0
2023-10-18T22:00,0,0.1261,13.58,73.5,0
2023-10-18T23:00,0,0.1307,11.13,75.2,0
2023-10-19T00:00,0,0.1293,9.96,81.2,0
2023-10-19T01:00,0,0.126,8.02,87.1,0
2023-10-19T02:00,0,0.1258,7.75,85.2,0
2023-10-19T03:00,0,0.1259,7.77,89,0
2023-10-19T04:00,0,0.1276,7.84,84.5,0
2023-10-19T05:00,0,0.1251,8.74,80.9,0
2023-10-19T06:00,0,0.1269,10.26,78,0
2023-10-19T07:00,0,0.1276,12.25,77.1,0
2023-10-19T08:00,57.7,0.1258,13.43,74.3,0
2023-10-19T09:00,212,0.1262,15.21,66.5,0
2023-10-19T10:00,324.8,0.1269,17.58,65.3,0
2023-10-19T11:00,382.6,0.1268,18.89,65.6,0
2023-10-19T12:00,334.8,0.121,18.94,56.6,0
2023-10-19T13:00,487.7,0.1206,19.86,61,0
2023-10-19T14:00,394.9,0.1226,21.16,61.2,0
2023-10-19T15:00,349.5,0.1167,21.32,54.6,0
2023-10-19T16:00,275,0.1153,22.56,53.6,0
2023-10-19T17:00,95.8,0.1217,20.57,57.9,0
2023-10-19T18:00,0,0.1189,20.24,61.1,0
2023-10-19T19:00,0,0.1157,18.79,59.7,0
2023-10-19T20:00,0,0.1197,15.83,63.8,0
2023-10-19T21:00,0,0.1176,14.95,66.4,0
2023-10-19T22:00,0,0.118,13.24,70,0
2023-10-19T23:00,0,0.1167,11.4,74.8,0
2023-10-20T00:00,0,0.1176,9.99,79.6,0
2023-10-20T01:00,0,0.1159,8.91,80.5,0
2023-10-20T02:00,0,0.1175,8.23,84.2,0
2023-10-20T03:00,0,0.1187,8.87,80.9,0
2023-10-20T04:00,0,0.1194,9.38,78.4,0
2023-10-20T05:00,0,0.1177,9.81,75,0
2023-10-20T06:00,0,0.1163,10.7,76.5,0
2023-10-20T07:00,0,0.1168,12.2,74.3,0
2023-10-20T08:00,33.5,0.115,13.52,68.7,0
2023-10-20T09:00,146.4,0.1168,15.24,62.8,0
2023-10-20T10:00,237.4,0.1156,17.16,65,0
2023-10-20T11:00,266.2,0.116,18.63,61.4,0
2023-10-20T12:00,294.2,0.1164,19.28,59.1,0
2023-10-20T13:00,375.6,0.115,21.32,52,0
2023-10-20T14:00,252.9,0.1115,21.43,53.1,0
2023-10-20T15:00,232.2,0.1114,22.12,51.1,0
2023-10-20T16:00,192.1,0.1131,21.54,56.9,0
2023-10-20T17:00,61.9,0.1115,20.22,53,0
2023-10-20T18:00,0,0.1134,20.29,58.3,0
2023-10-20T19:00,0,0.111,18.25,62.1,0
2023-10-20T20:00,0,0.1131,17.23,59.8,0
2023-10-20T21:00,0,0.1116,15.57,66.4,0
2023-10-20T22:00,0,0.1096,14.27,67.9,0
2023-10-20T23:00,0,0.1108,12.02,75.3,0
2023-10-21T00:00,0,0.1111,10.04,78.2,0
2023-10-21T01:00,0,0.1093,9.3,77.7,0
2023-10-21T02:00,0,0.1105,9.08,77.7,0
2023-10-21T03:00,0,0.1099,9.45,77.8,0
2023-10-21T04:00,0,0.1114,9.02,81.3,0
2023-10-21T05:00,0,0.1096,8.61,83,0
2023-10-21T06:00,0,0.1097,9.17,75.9,0
2023-10-21T07:00,0,0.11,10.25,74.1,0
2023-10-21T08:00,42,0.1083,12.76,77.7,0
2023-10-21T09:00,166.5,0.1108,15.57,65.2,0
2023-10-21T10:00,337.5,0.1096,17.53,62.3,0
2023-10-21T11:00,394.5,0.1078,19.12,59.5,0
2023-10-21T12:00,373.2,0.1065,20.26,58.8,0
2023-10-21T13:00,299.7,0.107,21.56,52.8,0
2023-10-21T14:00,327.9,0.105,22.32,47.5,0
2023-10-21T15:00,317.9,0.1019,22.11,51.9,0
2023-10-21T16:00,214.6,0.108,21.5,46.4,0
2023-10-21T17:00,103.3,0.1045,21.11,55.5,0
2023-10-21T18:00,0,0.1012,19.84,62.3,0
2023-10-21T19:00,0,0.1027,18.29,59.4,0
2023-10-21T20:00,0,0.104,16.79,69.5,0
2023-10-21T21:00,0,0.1034,15.13,68,0
2023-10-21T22:00,0,0.1012,13.99,65.8,0
2023-10-21T23:00,0,0.1056,14.22,74.2,0
2023-10-22T00:00,0,0.1071,13.23,67.5,0
2023-10-22T01:00,0,0.0993,11.29,73.4,0
2023-10-22T02:00,0,0.1016,10.96,71.3,0
2023-10-22T03:00,0,0.101,9.93,80.3,0
2023-10-22T04:00,0,0.0995,9.89,73.3,0
2023-10-22T05:00,0,0.1047,10.39,81.5,0
2023-10-22T06:00,0,0.1023,10.77,71.8,0
2023-10-22T07:00,0,0.1028,12.23,70.1,0
2023-10-22T08:00,12.3,0.1042,13.88,67.1,0
2023-10-22T09:00,127.5,0.0983,14.58,70.6,0
2023-10-22T10:00,138.3,0.0979,15.23,64.9,0
2023-10-22T11:00,227.2,0.0998,16.52,62.5,0
2023-10-22T12:00,212.5,0.1007,17.91,68.3,0
2023-10-22T13:00,121.9,0.0987,18.85,57.5,0
2023-10-22T14:00,140,0.0983,19.71,52.9,0
2023-10-22T15:00,152.5,0.0979,19.66,59.1,0
2023-10-22T16:00,93.9,0.0992,19.03,51.3,0
2023-10-22T17:00,50.3,0.099,18.92,53.7,0
2023-10-22T18:00,0,0.1021,18.76,53.9,0
2023-10-22T19:00,0,0.1028,17.84,52.7,0
2023-10-22T20:00,0,0.0991,16.41,63.8,0
2023-10-22T21:00,0,0.0996,15.35,71.2,0
2023-10-22T22:00,0,0.1011,14.21,65.3,0
2023-10-22T23:00,0,0.0982,13.38,67.9,0
2023-10-23T00:00,0,0.0975,12.47,75.4,0
2023-10-23T01:00,0,0.0986,10.93,71.2,0
2023-10-23T02:00,0,0.0976,10.12,70.8,0
2023-10-23T03:00,0,0.102,9.15,80.1,0
2023-10-23T04:00,0,0.1001,9.19,77.8,0
2023-10-23T05:00,0,0.1002,9.87,76.5,0
2023-10-23T06:00,0,0.1008,10.88,75.2,0
2023-10-23T07:00,0,0.1007,12.16,75,0
2023-10-23T08:00,33.2,0.0998,13.5,69.5,0
2023-10-23T09:00,165.1,0.0968,15.59,65.4,0
2023-10-23T10:00,232.4,0.1002,16.56,65.8,0
2023-10-23T11:00,274.6,0.1019,17.33,65.2,0
2023-10-23T12:00,315.6,0.0969,18.53,58.8,0
2023-10-23T13:00,336.3,0.1001,19.09,59.6,0
2023-10-23T14:00,417.6,0.0986,20.87,54.6,0
2023-10-23T15:00,339.3,0.0992,21.07,54.3,0
2023-10-23T16:00,246.9,0.0981,21.35,52.5,0
2023-10-23T17:00,85.7,0.0995,20.48,51.9,0
2023-10-23T18:00,0,0.0997,19.97,58.6,0
2023-10-23T19:00,0,0.097,18.86,58.1,0
2023-10-23T20:00,0,0.0977,17.28,61.1,0
2023-10-23T21:00,0,0.101,15.36,65.9,0
2023-10-23T22:00,0,0.1001,14.02,63.4,0
2023-10-23T23:00,0,0.0989,11.78,77.9,0
2023-10-24T00:00,0,0.0999,10.08,75.4,0
2023-10-24T01:00,0,0.1035,9.65,78,0
2023-10-24T02:00,0,0.0992,9.15,79.4,0
2023-10-24T03:00,0,0.0988,10.59,85.2,0
2023-10-24T04:00,0,0.1013,9.66,78.9,0
2023-10-24T05:00,0,0.1,9.62,78.5,0
2023-10-24T06:00,0,0.0994,10.46,77,0
2023-10-24T07:00,0,0.0999,11.57,73.4,0
2023-10-24T08:00,28.3,0.1002,12.79,68.6,0
2023-10-24T09:00,85.9,0.1,14.71,70.8,0
2023-10-24T10:00,156.6,0.0989,16.31,66.8,0
2023-10-24T11:00,266.4,0.0993,17.63,59.1,0
2023-10-24T12:00,323.1,0.0962,19.41,52.1,0
2023-10-24T13:00,291.7,0.0991,20.02,58.2,0
2023-10-24T14:00,263.7,0.0985,20.12,51,0
2023-10-24T15:00,309.4,0.1013,20.74,51.4,0
2023-10-24T16:00,183.6,0.098,19.66,60.8,0
2023-10-24T17:00,81.4,0.0967,19.67,58.8,0
2023-10-24T18:00,0,0.098,17.95,59.7,0
2023-10-24T19:00,0,0.0989,17.04,63.8,0
2023-10-24T20:00,0,0.0989,14.97,69.5,0
2023-10-24T21:00,0,0.1013,13.68,66.3,0
2023-10-24T22:00,0,0.0984,11.89,64.6,0
2023-10-24T23:00,0,0.0994,10.55,79.2,0
2023-10-25T00:00,0,0.0978,10.48,79.7,0
2023-10-25T01:00,0,0.0988,9.21,83.2,0
2023-10-25T02:00,0,0.0964,8.58,78.8,0
2023-10-25T03:00,0,0.1007,8.96,85.2,0
2023-10-25T04:00,0,0.1006,8.99,78.4,0
2023-10-25T05:00,0,0.1002,8.23,80.7,0
2023-10-25T06:00,0,0.1021,8.35,82,0
2023-10-25T07:00,0,0.0978,9.5,84.1,0
2023-10-25T08:00,11.3,0.0972,11.4,74.2,0
2023-10-25T09:00,70.6,0.0979,12.55,74.8,0
2023-10-25T10:00,112.2,0.0976,15.01,65.1,0
2023-10-25T11:00,139.5,0.1022,16.77,61.7,0
2023-10-25T12:00,208.7,0.1009,18.08,59.5,0
2023-10-25T13:00,165.4,0.1001,18.9,60,0
2023-10-25T14:00,241,0.1623,18.04,74.4,4.19
2023-10-25T15:00,81.4,0.1604,18.96,53.2,0
2023-10-25T16:00,69.5,0.2561,16.57,80.7,6.89
2023-10-25T17:00,35.1,0.255,17.81,58.1,0
2023-10-25T18:00,0,0.2564,17.59,63.2,0
2023-10-25T19:00,0,0.2578,16.8,61.6,0
2023-10-25T20:00,0,0.2573,16.02,64.6,0
2023-10-25T21:00,0,0.2582,12.17,88.2,0.31
2023-10-25T22:00,0,0.2583,13.15,66.5,0
2023-10-25T23:00,0,0.2585,11.17,68.8,0
2023-10-26T00:00,0,0.2585,10.06,76,0
2023-10-26T01:00,0,0.2705,7.3,94.9,0.73
2023-10-26T02:00,0,0.2681,8.58,79.4,0
2023-10-26T03:00,0,0.2682,8.82,73.4,0
2023-10-26T04:00,0,0.2691,9.15,79.5,0
2023-10-26T05:00,0,0.27,9.88,76,0
2023-10-26T06:00,0,0.2675,9.47,73,0
2023-10-26T07:00,0,0.2679,10.89,76.9,0
2023-10-26T08:00,13.7,0.2654,12.99,71.8,0
2023-10-26T09:00,83.3,0.2674,14.46,71.3,0
2023-10-26T10:00,165.5,0.269,15.65,59.8,0
2023-10-26T11:00,216.8,0.2656,17.74,58.5,0
2023-10-26T12:00,182.8,0.2636,18.82,55.4,0
2023-10-26T13:00,165.8,0.2648,19.09,52.4,0
2023-10-26T14:00,163.6,0.3319,17.81,74.8,4.79
2023-10-26T15:00,120.6,0.3295,19.5,57.4,0
2023-10-26T16:00,94.1,0.3285,19.99,49.5,0
2023-10-26T17:00,5.6,0.3292,17.98,59.1,0
2023-10-26T18:00,0,0.3284,17.66,56.1,0
2023-10-26T19:00,0,0.3261,16.87,62.3,0
2023-10-26T20:00,0,0.3252,15.68,66.4,0
2023-10-26T21:00,0,0.3253,14.13,68.8,0
2023-10-26T22:00,0,0.3225,13.73,67.3,0
2023-10-26T23:00,0,0.329,12.89,74.3,0
2023-10-27T00:00,0,0.3266,11.92,73.6,0
2023-10-27T01:00,0,0.3273,10.74,77.3,0
2023-10-27T02:00,0,0.3284,10.95,74.3,0
2023-10-27T03:00,0,0.3237,10,71.7,0
2023-10-27T04:00,0,0.3805,8.58,100,4.05
2023-10-27T05:00,0,0.3812,11.49,71.9,0
2023-10-27T06:00,0,0.3822,12.02,67.6,0
2023-10-27T07:00,0,0.3796,12.48,70,0
2023-10-27T08:00,3.3,0.4066,10.77,93,1.97
2023-10-27T09:00,39.4,0.4066,13.49,70.7,0
2023-10-27T10:00,35.6,0.4023,14.11,66,0
2023-10-27T11:00,22.5,0.4135,13.51,84.8,0.76
2023-10-27T12:00,25.6,0.4285,14.24,85.4,1.3
2023-10-27T13:00,26,0.4168,16.46,60.7,0
2023-10-27T14:00,23.9,0.4097,17.08,59.9,0
2023-10-27T15:00,60.2,0.4073,17.67,62.8,0
2023-10-27T16:00,12.7,0.4023,16.73,56.5,0
2023-10-27T17:00,5.4,0.4013,16.35,66.4,0
2023-10-27T18:00,0,0.4004,15.94,67.1,0
2023-10-27T19:00,0,0.3981,14.61,62.8,0
2023-10-27T20:00,0,0.4021,13.81,68.3,0
2023-10-27T21:00,0,0.4019,12.26,73,0
2023-10-27T22:00,0,0.4144,9.41,96.2,1.07
2023-10-27T23:00,0,0.4072,10.8,72.4,0
2023-10-28T00:00,0,0.406,9.21,79.4,0
2023-10-28T01:00,0,0.4023,7.69,75.4,0
2023-10-28T02:00,0,0.4045,5.67,100,0.25
2023-10-28T03:00,0,0.4008,8,80.8,0
2023-10-28T04:00,0,0.4004,7.6,78.9,0
2023-10-28T05:00,0,0.4011,7.76,76.9,0
2023-10-28T06:00,0,0.4014,9.01,75.3,0
2023-10-28T07:00,0,0.402,10.62,73,0
2023-10-28T08:00,11.2,0.4137,10.55,93.3,1.01
2023-10-28T09:00,78.1,0.4099,13.46,69.4,0
2023-10-28T10:00,121.8,0.406,15.32,62.3,0
2023-10-28T11:00,183.7,0.4018,16.03,57.5,0
2023-10-28T12:00,391.8,0.3968,18.09,57.2,0
2023-10-28T13:00,290,0.3968,19.32,53.9,0
2023-10-28T14:00,232.7,0.3931,19.47,54,0
2023-10-28T15:00,180.7,0.3948,18.9,53.5,0
2023-10-28T16:00,82.8,0.3937,18.75,54,0
2023-10-28T17:00,12.9,0.3916,17.75,56.9,0
2023-10-28T18:00,0,0.392,16.76,60.7,0
2023-10-28T19:00,0,0.3895,16.23,58,0
2023-10-28T20:00,0,0.3925,15.07,63.1,0
2023-10-28T21:00,0,0.3899,10.5,94.3,0.07
2023-10-28T22:00,0,0.3946,11,78.1,0
2023-10-28T23:00,0,0.3925,10.04,71.7,0
2023-10-29T00:00,0,0.3983,7.62,94.7,0.62
2023-10-29T01:00,0,0.4001,7.29,93.1,0.13
2023-10-29T02:00,0,0.4005,6.77,93,0.09
2023-10-29T03:00,0,0.3973,9.09,73.6,0
2023-10-29T04:00,0,0.3997,9.85,75,0
2023-10-29T05:00,0,0.3991,10.14,69.9,0
2023-10-29T06:00,0,0.3975,11.84,71.9,0
2023-10-29T07:00,0,0.3997,12.49,70.2,0
2023-10-29T08:00,10.2,0.3971,10.67,92.7,0
2023-10-29T09:00,61.5,0.3982,13.46,68.7,0
2023-10-29T10:00,178,0.3976,14.18,67.2,0
2023-10-29T11:00,223.6,0.4049,13.93,89.9,0.7
2023-10-29T12:00,346.7,0.4028,18.17,58.3,0
2023-10-29T13:00,369,0.3979,19.08,56.3,0
2023-10-29T14:00,166.8,0.3962,18.64,57.4,0
2023-10-29T15:00,140,0.3989,16.55,75.5,0.23
2023-10-29T16:00,102.4,0.3975,18.45,59.9,0
2023-10-29T17:00,42.2,0.3975,17.84,54.5,0
2023-10-29T18:00,0,0.3957,16.26,67.4,0
2023-10-29T19:00,0,0.399,14.2,87.7,0.1
2023-10-29T20:00,0,0.3964,13.58,68.9,0
2023-10-29T21:00,0,0.3961,10.92,95.7,0.07
2023-10-29T22:00,0,0.4009,11.01,73.1,0
2023-10-29T23:00,0,0.3965,10.07,76.6,0
2023-10-30T00:00,0,0.3954,8.43,77.6,0
2023-10-30T01:00,0,0.3961,6.23,83,0
2023-10-30T02:00,0,0.4693,3.18,100,5.13
2023-10-30T03:00,0,0.4454,6.35,83.1,0
2023-10-30T04:00,0,0.4279,5.67,83.6,0
2023-10-30T05:00,0,0.4177,6.26,86.5,0
2023-10-30T06:00,0,0.4298,4.51,100,1.26
2023-10-30T07:00,0,0.4205,8.47,75,0
2023-10-30T08:00,3.8,0.4113,10.43,72,0
2023-10-30T09:00,32.5,0.4049,12.48,66.4,0
2023-10-30T10:00,17.3,0.4016,13.34,64.9,0
2023-10-30T11:00,84.8,0.4026,14.46,59.5,0
2023-10-30T12:00,120,0.3988,15.46,62.5,0
2023-10-30T13:00,83.4,0.4818,14.17,83.7,7.21
2023-10-30T14:00,69.7,0.4508,17.27,63.5,0
2023-10-30T15:00,82.3,0.4793,16.16,79.9,5.08
2023-10-30T16:00,35.7,0.4508,17.37,52.9,0
2023-10-30T17:00,14.6,0.4335,17.19,62.8,0
2023-10-30T18:00,0,0.4212,16.05,61,0
2023-10-30T19:00,0,0.4119,14.6,69.2,0
2023-10-30T20:00,0,0.4047,12.87,67.4,0
2023-10-30T21:00,0,0.4066,13,67.5,0
2023-10-30T22:00,0,0.4016,11.42,68.4,0
2023-10-30T23:00,0,0.4022,10.97,71.8,0
2023-10-31T00:00,0,0.4001,8.09,71.7,0
2023-10-31T01:00,0,0.4031,7.57,74,0
2023-10-31T02:00,0,0.3998,7.19,80.3,0
2023-10-31T03:00,0,0.4002,6.49,82,0
2023-10-31T04:00,0,0.3991,5.81,79.4,0
2023-10-31T05:00,0,0.3978,7.63,81.8,0
2023-10-31T06:00,0,0.3995,8.61,82.6,0
2023-10-31T07:00,0,0.3937,9.73,75.5,0
2023-10-31T08:00,16.3,0.3971,11.94,70.6,0
2023-10-31T09:00,146.3,0.3973,14.4,66.8,0
2023-10-31T10:00,158.8,0.3946,15.6,62.9,0
2023-10-31T11:00,215.4,0.3934,17.04,63.4,0
2023-10-31T12:00,287.4,0.3945,18.39,57.5,0
2023-10-31T13:00,382,0.391,19.96,60.5,0
2023-10-31T14:00,242.8,0.3893,20.08,56.6,0
2023-10-31T15:00,127.2,0.3861,20.48,52.8,0
2023-10-31T16:00,115.8,0.3854,20.61,47.5,0
2023-10-31T17:00,37.3,0.3836,19.54,50.6,0
2023-10-31T18:00,0,0.3847,19.58,52.3,0
2023-10-31T19:00,0,0.3873,17.7,56.2,0
2023-10-31T20:00,0,0.3853,16.03,62,0
2023-10-31T21:00,0,0.3831,13.86,71.4,0
2023-10-31T22:00,0,0.3813,11.48,72.3,0
2023-10-31T23:00,0,0.3843,10.42,73.7,0
2023-11-01T00:00,0,0.3842,10.32,76.1,0
2023-11-01T01:00,0,0.3843,8.51,75.8,0
2023-11-01T02:00,0,0.3843,6.81,80.2,0
2023-11-01T03:00,0,0.3799,6.53,84.9,0
2023-11-01T04:00,0,0.383,6.57,85.3,0
2023-11-01T05:00,0,0.3797,8.4,65.5,0
2023-11-01T06:00,0,0.3808,9.98,71,0
2023-11-01T07:00,0,0.3773,11.82,72,0
2023-11-01T08:00,11.2,0.3815,12.35,71.1,0
2023-11-01T09:00,82.4,0.3792,13.33,66.5,0
2023-11-01T10:00,194.5,0.3768,15.08,65,0
2023-11-01T11:00,160.1,0.3766,16.15,66.3,0
2023-11-01T12:00,222.3,0.3746,17.82,57.6,0
2023-11-01T13:00,275.7,0.3766,18.52,56.1,0
2023-11-01T14:00,265.2,0.3722,19.12,51.3,0
2023-11-01T15:00,157.6,0.3733,18.32,56.5,0
2023-11-01T16:00,76.7,0.3678,17.46,57.8,0
2023-11-01T17:00,26.2,0.3687,17.36,54.6,0
2023-11-01T18:00,0,0.3689,15.73,63.1,0
2023-11-01T19:00,0,0.3682,14.23,66.1,0
2023-11-01T20:00,0,0.3694,13.64,67.7,0
2023-11-01T21:00,0,0.3681,11.76,68.6,0
2023-11-01T22:00,0,0.3671,10.44,73.1,0
2023-11-01T23:00,0,0.3687,8.28,79.8,0
2023-11-02T00:00,0,0.3683,7.36,78.6,0
2023-11-02T01:00,0,0.3653,6.01,88.7,0
2023-11-02T02:00,0,0.3705,6.6,86.7,0
2023-11-02T03:00,0,0.3654,5.72,87.2,0
2023-11-02T04:00,0,0.3666,5.95,82.5,0
2023-11-02T05:00,0,0.3659,6.79,79.1,0
2023-11-02T06:00,0,0.3616,8.19,76.6,0
2023-11-02T07:00,0,0.3649,9.41,78.7,0
2023-11-02T08:00,13,0.3648,10.83,73.4,0
2023-11-02T09:00,120.7,0.362,12.02,73.8,0
2023-11-02T10:00,209.4,0.3621,13.48,66.5,0
2023-11-02T11:00,312.7,0.3623,15.4,60.8,0
2023-11-02T12:00,334.8,0.3599,16.68,61.8,0
2023-11-02T13:00,301.6,0.358,18.36,60.2,0
2023-11-02T14:00,286.8,0.3533,18.54,54,0
2023-11-02T15:00,292.7,0.3556,19.44,52.9,0
2023-11-02T16:00,188.6,0.3517,18.87,54.9,0
2023-11-02T17:00,54.2,0.3516,18.72,60.2,0
2023-11-02T18:00,0,0.3515,18.31,57.2,0
2023-11-02T19:00,0,0.352,15.27,67,0
2023-11-02T20:00,0,0.3525,12.88,67.1,0
2023-11-02T21:00,0,0.3513,11.18,73.1,0
2023-11-02T22:00,0,0.351,10.28,72.3,0
2023-11-02T23:00,0,0.3503,8.45,82.4,0
2023-11-03T00:00,0,0.3519,6.8,85.1,0
2023-11-03T01:00,0,0.3521,5.72,86.8,0
2023-11-03T02:00,0,0.347,5.15,83.4,0
2023-11-03T03:00,0,0.3455,5.01,80.9,0
2023-11-03T04:00,0,0.345,5.72,84.6,0
2023-11-03T05:00,0,0.3453,6.29,83.7,0
2023-11-03T06:00,0,0.347,7.12,77.4,0
2023-11-03T07:00,0,0.3451,9.12,70.1,0
2023-11-03T08:00,8.7,0.3445,10.71,80.2,0
2023-11-03T09:00,151.9,0.3431,13.28,65.7,0
2023-11-03T10:00,268.5,0.3446,14.72,59.1,0
2023-11-03T11:00,310.6,0.3423,16.35,62.9,0
2023-11-03T12:00,384.8,0.3412,19.1,55.5,0
2023-11-03T13:00,485,0.339,21.1,50.7,0
2023-11-03T14:00,403.6,0.335,21.42,40.7,0
2023-11-03T15:00,345.3,0.3334,21.88,49.2,0
2023-11-03T16:00,222,0.3331,22.6,45.2,0
2023-11-03T17:00,55.9,0.3324,20.41,53.7,0
2023-11-03T18:00,0,0.3328,18.39,57.9,0
2023-11-03T19:00,0,0.3328,16.9,57.8,0
2023-11-03T20:00,0,0.3322,13.6,62.7,0
2023-11-03T21:00,0,0.334,11.38,64.4,0
2023-11-03T22:00,0,0.3284,9.79,79.2,0
2023-11-03T23:00,0,0.3292,8.91,76.2,0
2023-11-04T00:00,0,0.3303,7.55,74.6,0
2023-11-04T01:00,0,0.3315,6.01,86.3,0
2023-11-04T02:00,0,0.3283,5.48,79.7,0
2023-11-04T03:00,0,0.3302,5.36,86,0
2023-11-04T04:00,0,0.3263,6.64,90.9,0
2023-11-04T05:00,0,0.3277,7.19,82.9,0
2023-11-04T06:00,0,0.3276,8.28,73.8,0
2023-11-04T07:00,0,0.3295,9.66,72.3,0
2023-11-04T08:00,5.4,0.3296,10.71,74,0
2023-11-04T09:00,94.6,0.3285,12.92,66.8,0
2023-11-04T10:00,226.1,0.3256,15.68,60.6,0
2023-11-04T11:00,349.6,0.327,17.48,59.8,0
2023-11-04T12:00,375.7,0.3239,18.69,55,0
2023-11-04T13:00,349.7,0.3229,19.54,52.2,0
2023-11-04T14:00,355.3,0.3213,20.33,50.5,0
2023-11-04T15:00,266.6,0.3185,21.11,49.1,0
2023-11-04T16:00,183.8,0.318,21.01,51,0
2023-11-04T17:00,46.4,0.3169,20.26,52.1,0
2023-11-04T18:00,0,0.3175,19.57,50.4,0
2023-11-04T19:00,0,0.3173,16.98,59.4,0
2023-11-04T20:00,0,0.3175,16.01,65.5,0
2023-11-04T21:00,0,0.3159,14.11,63.6,0
2023-11-04T22:00,0,0.3145,12.29,70.6,0
2023-11-04T23:00,0,0.3143,9.22,75.5,0
2023-11-05T00:00,0,0.3173,8.39,72.2,0
2023-11-05T01:00,0,0.3152,7.53,77.9,0
2023-11-05T02:00,0,0.3155,7.41,78,0
2023-11-05T03:00,0,0.347,5.35,100,2.24
2023-11-05T04:00,0,0.3457,7.89,80.6,0
2023-11-05T05:00,0,0.3461,8.95,76.5,0
2023-11-05T06:00,0,0.3473,10.41,70.1,0
2023-11-05T07:00,0,0.3426,11.65,63.8,0
2023-11-05T08:00,2.7,0.3442,12.53,66.6,0
2023-11-05T09:00,55.1,0.3448,12.94,68.8,0
2023-11-05T10:00,91.9,0.3434,14.07,65.7,0
2023-11-05T11:00,153.4,0.3423,15.06,63.7,0
2023-11-05T12:00,159.2,0.3412,16.89,62.5,0
2023-11-05T13:00,87.3,0.3396,18.17,52.4,0
2023-11-05T14:00,108.6,0.3366,19.01,49.3,0
2023-11-05T15:00,123.4,0.3394,19.7,55.6,0
2023-11-05T16:00,55.6,0.3376,19.59,51.3,0
2023-11-05T17:00,19.6,0.3868,17.06,78,3.38
2023-11-05T18:00,0,0.3854,17.8,60.9,0
2023-11-05T19:00,0,0.3864,16.44,57.8,0
2023-11-05T20:00,0,0.4825,13.4,83.3,15.2
2023-11-05T21:00,0,0.4835,11.11,90.5,21.23
2023-11-05T22:00,0,0.4511,12.34,68.5,0
2023-11-05T23:00,0,0.4334,10.17,71.5,0
2023-11-06T00:00,0,0.4217,9.83,72.7,0
2023-11-06T01:00,0,0.4136,8.66,78.1,0
2023-11-06T02:00,0,0.468,5.43,100,4.22
2023-11-06T03:00,0,0.4425,6.87,76.8,0
2023-11-06T04:00,0,0.4294,7.15,78.7,0
2023-11-06T05:00,0,0.4168,7.68,77.5,0
2023-11-06T06:00,0,0.4515,5.96,100,2.71
2023-11-06T07:00,0,0.4329,9.25,76.3,0
2023-11-06T08:00,3,0.4191,10.67,71.7,0
2023-11-06T09:00,105.6,0.4112,11.72,68.8,0
2023-11-06T10:00,184,0.407,13.3,68.7,0
2023-11-06T11:00,178.6,0.4036,14.8,67.7,0
2023-11-06T12:00,221.7,0.3984,16.49,58.1,0
2023-11-06T13:00,168.9,0.4008,17.55,56.8,0
2023-11-06T14:00,104.5,0.3981,17.46,61.1,0
2023-11-06T15:00,85.3,0.3975,17.6,63.1,0
2023-11-06T16:00,62.6,0.3976,16.96,58.6,0
2023-11-06T17:00,22.2,0.3973,17.2,60.7,0
2023-11-06T18:00,0,0.3977,16.85,58.5,0
2023-11-06T19:00,0,0.3969,16.23,60.6,0
2023-11-06T20:00,0,0.396,14.41,64.6,0
2023-11-06T21:00,0,0.4013,10.75,90.4,0.56
2023-11-06T22:00,0,0.4014,11.04,73.6,0
2023-11-06T23:00,0,0.4014,10.22,73.3,0
2023-11-07T00:00,0,0.4018,8.51,77.5,0
2023-11-07T01:00,0,0.4006,8.29,79.4,0
2023-11-07T02:00,0,0.3976,7.09,82.4,0
2023-11-07T03:00,0,0.3998,7.25,75.4,0
2023-11-07T04:00,0,0.4005,7.65,78.3,0
2023-11-07T05:00,0,0.4029,8.22,81,0
2023-11-07T06:00,0,0.3958,9.26,72.2,0
2023-11-07T07:00,0,0.3988,10.1,72.8,0
2023-11-07T08:00,1.7,0.3974,11.45,64.7,0
2023-11-07T09:00,62.6,0.3981,13.45,61.5,0
2023-11-07T10:00,110.8,0.3973,13.71,67.2,0
2023-11-07T11:00,175.8,0.394,15.14,61.9,0
2023-11-07T12:00,197.3,0.3923,16.5,61.1,0
2023-11-07T13:00,310,0.3903,18.78,52.7,0
2023-11-07T14:00,153.1,0.392,18.42,56.3,0
2023-11-07T15:00,153,0.3915,19.79,54.5,0
2023-11-07T16:00,105.1,0.3878,20.56,49.4,0
2023-11-07T17:00,32.4,0.3908,20.86,45.7,0
2023-11-07T18:00,0,0.3884,18.97,53.2,0
2023-11-07T19:00,0,0.3913,17.51,55.5,0
2023-11-07T20:00,0,0.3844,15.17,61.4,0
2023-11-07T21:00,0,0.3885,12.78,65.6,0
2023-11-07T22:00,0,0.3865,11.74,64.2,0
2023-11-07T23:00,0,0.3855,9.73,74.7,0
2023-11-08T00:00,0,0.3882,8.12,77.8,0
2023-11-08T01:00,0,0.3853,7.9,78,0
2023-11-08T02:00,0,0.3831,6.37,78.4,0
2023-11-08T03:00,0,0.3864,6.05,79.8,0
2023-11-08T04:00,0,0.3834,5.66,87.1,0
2023-11-08T05:00,0,0.3861,6.11,81.8,0
2023-11-08T06:00,0,0.385,7.08,82.6,0
2023-11-08T07:00,0,0.383,9.04,75.6,0
2023-11-08T08:00,1.1,0.3851,10.83,77.6,0
2023-11-08T09:00,78.3,0.384,12.28,67.9,0
2023-11-08T10:00,136.5,0.383,13.41,68.1,0
2023-11-08T11:00,225,0.3778,14.45,62.7,0
2023-11-08T12:00,231.9,0.3786,15.97,63.5,0
2023-11-08T13:00,241.7,0.4112,15.28,80.1,2.44
2023-11-08T14:00,158.1,0.4098,17.68,53.5,0
2023-11-08T15:00,83.7,0.4441,15.62,80.3,2.8
2023-11-08T16:00,62.7,0.43,16.77,57.4,0
2023-11-08T17:00,19.9,0.4169,17.26,52.7,0
2023-11-08T18:00,0,0.4259,14.61,81.1,1.03
2023-11-08T19:00,0,0.416,15.15,63.2,0
2023-11-08T20:00,0,0.4109,14.47,63.2,0
2023-11-08T21:00,0,0.4782,11.72,85.6,6.4
2023-11-08T22:00,0,0.4509,11.7,67,0
2023-11-08T23:00,0,0.4334,10.14,77.2,0
2023-11-09T00:00,0,0.4199,9.98,71.8,0
2023-11-09T01:00,0,0.4139,8.87,72.1,0
2023-11-09T02:00,0,0.4085,6.57,97.7,0.09
2023-11-09T03:00,0,0.4092,8.21,78.8,0
2023-11-09T04:00,0,0.4018,7.83,79.1,0
2023-11-09T05:00,0,0.4051,8.06,76.5,0
2023-11-09T06:00,0,0.4028,8.93,74.3,0
2023-11-09T07:00,0,0.3988,9.04,76,0
2023-11-09T08:00,0.7,0.4008,8.25,100,0.1
2023-11-09T09:00,52.7,0.3998,12,65.8,0
2023-11-09T10:00,116.4,0.3974,13.65,63.5,0
2023-11-09T11:00,169,0.3984,13.52,80.6,0.13
2023-11-09T12:00,165.6,0.401,16.64,60.2,0
2023-11-09T13:00,57.2,0.4031,14.4,81.9,0.41
2023-11-09T14:00,52.3,0.4031,16.63,57.4,0
2023-11-09T15:00,47.5,0.4003,16.68,61.4,0
2023-11-09T16:00,59.5,0.3995,16.55,54.7,0
2023-11-09T17:00,8.2,0.4004,15.67,58.1,0
2023-11-09T18:00,0,0.4106,13.85,79.5,0.71
2023-11-09T19:00,0,0.4078,14.93,60.1,0
2023-11-09T20:00,0,0.4046,13.89,63.8,0
2023-11-09T21:00,0,0.4037,12.29,69.4,0
2023-11-09T22:00,0,0.404,8.73,89,0.33
2023-11-09T23:00,0,0.405,10.22,70.5,0
2023-11-10T00:00,0,0.402,10.35,68.5,0
2023-11-10T01:00,0,0.4018,8.43,73.5,0
2023-11-10T02:00,0,0.4017,7.86,75.7,0
2023-11-10T03:00,0,0.3994,8.09,72.8,0
2023-11-10T04:00,0,0.3991,7.74,77.9,0
2023-11-10T05:00,0,0.4008,8.68,77.8,0
2023-11-10T06:00,0,0.3988,9.09,72,0
2023-11-10T07:00,0,0.3982,9.64,72.9,0
2023-11-10T08:00,0.1,0.3983,11.19,66.6,0
2023-11-10T09:00,22.9,0.3967,12.95,63.3,0
2023-11-10T10:00,42.3,0.3989,13.15,66.8,0
2023-11-10T11:00,33.4,0.3977,14.29,59,0
2023-11-10T12:00,41.3,0.3956,16.09,51.8,0
2023-11-10T13:00,120.6,0.3942,17.31,53,0
2023-11-10T14:00,108.3,0.3952,18.1,57.1,0
2023-11-10T15:00,63.1,0.3921,17.43,55.6,0
2023-11-10T16:00,22.7,0.391,16.91,57.1,0
2023-11-10T17:00,2.1,0.39,16.56,60.5,0
2023-11-10T18:00,0,0.3919,16.92,54.4,0
2023-11-10T19:00,0,0.3929,14.99,61.9,0
2023-11-10T20:00,0,0.3905,14.07,63.4,0
2023-11-10T21:00,0,0.3911,12.95,67.5,0
2023-11-10T22:00,0,0.3909,11.47,73,0
2023-11-10T23:00,0,0.3925,10.56,74.4,0
2023-11-11T00:00,0,0.392,9.45,72.2,0
2023-11-11T01:00,0,0.3902,8.99,75.5,0
2023-11-11T02:00,0,0.388,7.86,78,0
2023-11-11T03:00,0,0.3894,7.8,71.4,0
2023-11-11T04:00,0,0.3913,7.39,77,0
2023-11-11T05:00,0,0.3873,7.43,80.1,0
2023-11-11T06:00,0,0.3901,8.05,76.9,0
2023-11-11T07:00,0,0.3877,8.16,79.6,0
2023-11-11T08:00,0,0.3883,9.75,73.5,0
2023-11-11T09:00,27.5,0.3846,10.57,66.6,0
2023-11-11T10:00,22.3,0.3879,11.89,65.8,0
2023-11-11T11:00,68.9,0.3862,13.68,57.1,0
2023-11-11T12:00,31.8,0.3848,15.34,62.9,0
2023-11-11T13:00,22.4,0.3851,16.04,61.1,0
2023-11-11T14:00,28.9,0.3851,16.54,58.6,0
2023-11-11T15:00,47,0.3868,16.93,54.1,0
2023-11-11T16:00,9.6,0.3823,16.56,53.4,0
2023-11-11T17:00,3.8,0.382,16.26,57.7,0
2023-11-11T18:00,0,0.3814,16.12,61.2,0
2023-11-11T19:00,0,0.3806,15.7,54.1,0
2023-11-11T20:00,0,0.3833,13.83,65.5,0
2023-11-11T21:00,0,0.3804,12.48,68,0
2023-11-11T22:00,0,0.3831,11.63,74.3,0
2023-11-11T23:00,0,0.3821,10.21,67.5,0
2023-11-12T00:00,0,0.3804,9.98,68.7,0
2023-11-12T01:00,0,0.38,8.71,76.8,0
2023-11-12T02:00,0,0.3803,7.4,79.4,0
2023-11-12T03:00,0,0.3804,6.12,87.3,0
2023-11-12T04:00,0,0.3817,6.76,77.2,0
2023-11-12T05:00,0,0.3803,6.47,85.4,0
2023-11-12T06:00,0,0.3789,7.68,76.2,0
2023-11-12T07:00,0,0.379,9.75,69,0
2023-11-12T08:00,0,0.3777,11.09,67.6,0
2023-11-12T09:00,32.9,0.3757,12.26,61.8,0
2023-11-12T10:00,101.6,0.3798,14.11,64.6,0
2023-11-12T11:00,125.8,0.378,15.96,58.2,0
2023-11-12T12:00,192.5,0.3734,16.87,55.8,0
2023-11-12T13:00,134.5,0.3753,16.58,57,0
2023-11-12T14:00,143.9,0.3742,17.24,54.8,0
2023-11-12T15:00,71.3,0.3727,16.71,55.5,0
2023-11-12T16:00,38.5,0.3726,17.05,57.6,0
2023-11-12T17:00,7.5,0.374,16.76,54.4,0
2023-11-12T18:00,0,0.3733,15.89,57.7,0
2023-11-12T19:00,0,0.3706,14.28,61.5,0
2023-11-12T20:00,0,0.3719,13.06,65.6,0
2023-11-12T21:00,0,0.3689,11.79,65,0
2023-11-12T22:00,0,0.3742,10.19,71.3,0
2023-11-12T23:00,0,0.3684,9.18,71.7,0
2023-11-13T00:00,0,0.3682,6.53,78.9,0
2023-11-13T01:00,0,0.3676,6.39,76.9,0
2023-11-13T02:00,0,0.3711,6.36,78.5,0
2023-11-13T03:00,0,0.3671,6.37,78.8,0
2023-11-13T04:00,0,0.3677,6.76,80.7,0
2023-11-13T05:00,0,0.3673,7.84,71.9,0
2023-11-13T06:00,0,0.3672,8.95,70.4,0
2023-11-13T07:00,0,0.367,9.97,70.8,0
2023-11-13T08:00,0,0.3688,11.44,63.5,0
2023-11-13T09:00,35.4,0.3678,12.43,68.1,0
2023-11-13T10:00,92.9,0.3675,14.49,63.3,0
2023-11-13T11:00,190.9,0.3635,15.53,60.8,0
2023-11-13T12:00,162.8,0.3671,15.96,55.4,0
2023-11-13T13:00,208.7,0.3611,16.12,55.4,0
2023-11-13T14:00,236,0.3647,17.7,53.2,0
2023-11-13T15:00,172.3,0.3615,18.11,53.7,0
2023-11-13T16:00,113.1,0.3623,17.98,57.9,0
2023-11-13T17:00,19.6,0.3588,17.45,53.9,0
2023-11-13T18:00,0,0.3599,15.65,60.3,0
2023-11-13T19:00,0,0.3612,14.06,62.1,0
2023-11-13T20:00,0,0.3591,11.42,70.8,0
2023-11-13T21:00,0,0.3582,9.26,72.6,0
2023-11-13T22:00,0,0.3601,8.21,74.6,0
2023-11-13T23:00,0,0.3585,6.55,83,0
2023-11-14T00:00,0,0.356,6.93,78.9,0
2023-11-14T01:00,0,0.3584,6.42,75.1,0
2023-11-14T02:00,0,0.3583,5.85,78.3,0
2023-11-14T03:00,0,0.3636,3.68,100,0.38
2023-11-14T04:00,0,0.3968,3.79,100,2.31
2023-11-14T05:00,0,0.3966,7.13,76.8,0
2023-11-14T06:00,0,0.3942,5.55,97.4,0.04
2023-11-14T07:00,0,0.3958,9.01,72.9,0
2023-11-14T08:00,0,0.3944,10.02,70.8,0
2023-11-14T09:00,32.4,0.3962,10.12,87,0.05
2023-11-14T10:00,89.2,0.3936,13.19,64.7,0
2023-11-14T11:00,106.8,0.3922,13.66,64.6,0
2023-11-14T12:00,173.5,0.3914,15.13,59.3,0
2023-11-14T13:00,172.9,0.3917,15.91,59.8,0
2023-11-14T14:00,157.7,0.3987,14.63,77.9,0.58
2023-11-14T15:00,117.6,0.3975,17,57.9,0
2023-11-14T16:00,81.2,0.3956,16.65,59.4,0
2023-11-14T17:00,11.8,0.395,15.11,61,0
2023-11-14T18:00,0,0.3982,13.66,59.8,0
2023-11-14T19:00,0,0.3962,12.79,65,0
2023-11-14T20:00,0,0.3945,10.52,68,0
2023-11-14T21:00,0,0.3935,10.69,68.5,0
2023-11-14T22:00,0,0.394,7.97,78.8,0
2023-11-14T23:00,0,0.3937,8.19,75.1,0
2023-11-15T00:00,0,0.3927,6.83,78,0
2023-11-15T01:00,0,0.3936,6.64,76.2,0
2023-11-15T02:00,0,0.3903,5.96,83.8,0
2023-11-15T03:00,0,0.3939,5.79,73.8,0
2023-11-15T04:00,0,0.3937,6.24,73.4,0
2023-11-15T05:00,0,0.3946,6.82,76,0
2023-11-15T06:00,0,0.3929,7.43,77,0
2023-11-15T07:00,0,0.3912,9.47,73.3,0
2023-11-15T08:00,0,0.3927,10.18,74.3,0
2023-11-15T09:00,69.7,0.3912,11.45,66.3,0
2023-11-15T10:00,192.4,0.3923,13.17,65.2,0
2023-11-15T11:00,300,0.3897,15.06,60.9,0
2023-11-15T12:00,322.2,0.3847,16.06,67.1,0
2023-11-15T13:00,268.2,0.3843,17.13,55.8,0
2023-11-15T14:00,248.5,0.3857,17.51,52.1,0
2023-11-15T15:00,189.3,0.3838,17.98,51.5,0
2023-11-15T16:00,119.5,0.3842,18.54,48.3,0
2023-11-15T17:00,15.9,0.3817,17.22,58.7,0
2023-11-15T18:00,0,0.3807,15.55,53.5,0
2023-11-15T19:00,0,0.3812,14.24,63.8,0
2023-11-15T20:00,0,0.383,12.55,67.1,0
2023-11-15T21:00,0,0.3818,10.6,71.2,0
2023-11-15T22:00,0,0.3812,9.14,67.7,0
2023-11-15T23:00,0,0.3824,7.81,73.4,0
2023-11-16T00:00,0,0.3778,6.32,81.9,0
2023-11-16T01:00,0,0.3772,5.39,80.9,0
2023-11-16T02:00,0,0.3761,3.46,87.9,0
2023-11-16T03:00,0,0.3767,3.98,85,0
2023-11-16T04:00,0,0.378,4.91,83.1,0
2023-11-16T05:00,0,0.379,4.79,82.3,0
2023-11-16T06:00,0,0.3759,5.83,76.6,0
2023-11-16T07:00,0,0.3766,7.09,76,0
2023-11-16T08:00,0,0.3773,9.27,72,0
2023-11-16T09:00,8.7,0.3767,11.24,72.8,0
2023-11-16T10:00,12.6,0.377,13.11,65.3,0
2023-11-16T11:00,17.9,0.3744,13.94,60.9,0
2023-11-16T12:00,20.9,0.3759,14.72,57,0
2023-11-16T13:00,21.4,0.3758,15.09,59.1,0
2023-11-16T14:00,19.4,0.374,15.75,60.4,0
2023-11-16T15:00,15.1,0.374,15.42,64.5,0
2023-11-16T16:00,24.8,0.3733,15.97,53.5,0
2023-11-16T17:00,7.5,0.3762,16.39,62.8,0
2023-11-16T18:00,0,0.3728,15.92,59.4,0
2023-11-16T19:00,0,0.3732,15.26,60.4,0
2023-11-16T20:00,0,0.3701,13.21,63.5,0
2023-11-16T21:00,0,0.3726,13.17,64.4,0
2023-11-16T22:00,0,0.3723,11.6,64.4,0
2023-11-16T23:00,0,0.3724,10.45,69.8,0
2023-11-17T00:00,0,0.3722,7.9,77,0
2023-11-17T01:00,0,0.371,6.37,79.1,0
2023-11-17T02:00,0,0.3724,5.46,79.8,0
2023-11-17T03:00,0,0.3716,6.61,79.1,0
2023-11-17T04:00,0,0.3703,6.89,74.6,0
2023-11-17T05:00,0,0.3705,7.86,83.1,0
2023-11-17T06:00,0,0.3701,8.3,74.2,0
2023-11-17T07:00,0,0.3678,9.26,72.6,0
2023-11-17T08:00,0,0.367,10.79,63.5,0
2023-11-17T09:00,50,0.3674,12.31,66.3,0
2023-11-17T10:00,138.2,0.3664,14.11,61.9,0
2023-11-17T11:00,248,0.3663,16.64,55.6,0
2023-11-17T12:00,320.3,0.3681,17.15,53.1,0
2023-11-17T13:00,364.5,0.3626,18.22,53.1,0
2023-11-17T14:00,281.6,0.3606,18.32,56.7,0
2023-11-17T15:00,196.9,0.3609,17.67,56.5,0
2023-11-17T16:00,138.3,0.3618,18.26,48.8,0
2023-11-17T17:00,22.8,0.3599,18.42,49.5,0
2023-11-17T18:00,0,0.3587,16.2,62.2,0
2023-11-17T19:00,0,0.3593,14.34,62.3,0
2023-11-17T20:00,0,0.361,11.97,64.7,0
2023-11-17T21:00,0,0.3543,9.34,70.1,0
2023-11-17T22:00,0,0.3582,7.54,75.9,0
2023-11-17T23:00,0,0.3569,6.19,77.3,0
2023-11-18T00:00,0,0.3603,4.89,85.8,0
2023-11-18T01:00,0,0.3549,3.78,82.4,0
2023-11-18T02:00,0,0.3576,3.69,83,0
2023-11-18T03:00,0,0.3548,3.9,81,0
2023-11-18T04:00,0,0.3549,4.29,83.9,0
2023-11-18T05:00,0,0.3545,5.43,79,0
2023-11-18T06:00,0,0.3549,6.2,76.3,0
2023-11-18T07:00,0,0.3566,8.52,73.1,0
2023-11-18T08:00,0,0.3527,10.92,70.8,0
2023-11-18T09:00,64.2,0.3564,10.58,67.6,0
2023-11-18T10:00,139.3,0.3542,12.05,61.8,0
2023-11-18T11:00,171.2,0.355,12.78,65.2,0
2023-11-18T12:00,180.1,0.3542,13.74,60.4,0
2023-11-18T13:00,215.1,0.3522,15.29,60.3,0
2023-11-18T14:00,167.3,0.3497,16.06,55.5,0
2023-11-18T15:00,128.4,0.3505,16.22,59.9,0
2023-11-18T16:00,73.2,0.3491,15.36,58.2,0
2023-11-18T17:00,9.5,0.3501,15.23,58.4,0
2023-11-18T18:00,0,0.3488,14.53,60.1,0
2023-11-18T19:00,0,0.3501,12.44,65,0
2023-11-18T20:00,0,0.3473,10.29,66.2,0
2023-11-18T21:00,0,0.3469,8.13,74.5,0
2023-11-18T22:00,0,0.3487,6.61,76,0
2023-11-18T23:00,0,0.3497,5.64,81.8,0
2023-11-19T00:00,0,0.3463,3.69,81.8,0
2023-11-19T01:00,0,0.3463,2.73,85.1,0
2023-11-19T02:00,0,0.3447,3.42,82.4,0
2023-11-19T03:00,0,0.3469,2.69,90.8,0
2023-11-19T04:00,0,0.3473,2.89,84.8,0
2023-11-19T05:00,0,0.3481,3.19,78.2,0
2023-11-19T06:00,0,0.3451,4.44,79.8,0
2023-11-19T07:00,0,0.3452,6.08,83.8,0
2023-11-19T08:00,0,0.3453,8.04,72.4,0
2023-11-19T09:00,83.3,0.3455,9.23,73,0
2023-11-19T10:00,196,0.346,10.67,68,0
2023-11-19T11:00,193.3,0.3454,11.66,60.7,0
2023-11-19T12:00,159.9,0.3432,12.87,68.1,0
2023-11-19T13:00,131.6,0.3408,13.72,60.1,0
2023-11-19T14:00,80.8,0.3414,13.85,60.6,0
2023-11-19T15:00,94.2,0.3397,14.84,59.8,0
2023-11-19T16:00,57.4,0.3388,13.96,58.8,0
2023-11-19T17:00,10.4,0.3412,13.22,57.2,0
2023-11-19T18:00,0,0.3355,12.11,58.8,0
2023-11-19T19:00,0,0.3428,10.89,65.4,0
2023-11-19T20:00,0,0.3386,9.4,72.9,0
2023-11-19T21:00,0,0.3378,7.86,71.2,0
2023-11-19T22:00,0,0.3393,6.51,77.2,0
2023-11-19T23:00,0,0.3369,5.36,80.2,0
2023-11-20T00:00,0,0.3351,4.93,79.9,0
2023-11-20T01:00,0,0.3388,4.28,83.2,0
2023-11-20T02:00,0,0.3401,4.29,85.3,0
2023-11-20T03:00,0,0.3344,4.3,83,0
2023-11-20T04:00,0,0.3373,4.64,81.2,0
2023-11-20T05:00,0,0.3349,6.14,78.1,0
2023-11-20T06:00,0,0.3385,6.31,79.8,0
2023-11-20T07:00,0,0.3345,7.83,76.7,0
2023-11-20T08:00,0,0.3345,9.26,74.6,0
2023-11-20T09:00,47.8,0.3354,10.28,66.1,0
2023-11-20T10:00,121.6,0.3368,11.58,69.3,0
2023-11-20T11:00,166.4,0.3333,14.01,61.1,0
2023-11-20T12:00,143.6,0.3334,15.25,55.5,0
2023-11-20T13:00,135.8,0.3312,16.15,56.6,0
2023-11-20T14:00,75.5,0.3322,15.8,60.5,0
2023-11-20T15:00,46.1,0.3294,15.82,55.4,0
2023-11-20T16:00,44.6,0.3296,15.04,60.3,0
2023-11-20T17:00,6.7,0.3308,14.11,57.2,0
2023-11-20T18:00,0,0.3302,13.57,67.4,0
2023-11-20T19:00,0,0.3309,12.47,65.7,0
2023-11-20T20:00,0,0.3298,11.45,62,0
2023-11-20T21:00,0,0.3316,10.45,66.8,0
2023-11-20T22:00,0,0.3284,8.6,72.4,0
2023-11-20T23:00,0,0.3307,7.82,78.4,0
2023-11-21T00:00,0,0.3257,7.54,74.7,0
2023-11-21T01:00,0,0.3307,6.51,76.1,0
2023-11-21T02:00,0,0.3266,6.2,81.3,0
2023-11-21T03:00,0,0.3273,7.01,78.4,0
2023-11-21T04:00,0,0.3308,7.51,67.3,0
2023-11-21T05:00,0,0.3274,7.28,72.6,0
2023-11-21T06:00,0,0.3293,8.85,78.1,0
2023-11-21T07:00,0,0.3307,9.19,72.5,0
2023-11-21T08:00,0,0.3271,9.87,73.1,0
2023-11-21T09:00,14,0.3265,11.12,70.1,0
2023-11-21T10:00,19.1,0.3254,12.21,66.3,0
2023-11-21T11:00,38.2,0.3273,14.42,64.7,0
2023-11-21T12:00,42.8,0.3259,14.47,58.3,0
2023-11-21T13:00,128.3,0.3248,16.17,56.6,0
2023-11-21T14:00,90.3,0.3253,17.87,55.9,0
2023-11-21T15:00,85.8,0.3242,17.41,51.4,0
2023-11-21T16:00,37,0.3203,16.27,54.6,0
2023-11-21T17:00,0.9,0.3229,15,48.7,0
2023-11-21T18:00,0,0.3232,14.91,57.1,0
2023-11-21T19:00,0,0.3218,14.06,57.7,0
2023-11-21T20:00,0,0.3221,12.94,63.9,0
2023-11-21T21:00,0,0.3211,12.02,62.9,0
2023-11-21T22:00,0,0.3225,11.17,69.7,0
2023-11-21T23:00,0,0.3205,8.76,71.9,0
2023-11-22T00:00,0,0.318,7.1,73.9,0
2023-11-22T01:00,0,0.3237,6.47,77.5,0
2023-11-22T02:00,0,0.3226,4.5,81.5,0
2023-11-22T03:00,0,0.3201,3.8,87.4,0
2023-11-22T04:00,0,0.3212,4.1,80,0
2023-11-22T05:00,0,0.3282,3.2,100,0.69
2023-11-22T06:00,0,0.3301,6.49,79.5,0
2023-11-22T07:00,0,0.33,6.64,78.8,0
2023-11-22T08:00,0,0.3297,8.24,74,0
2023-11-22T09:00,52.3,0.3292,9.87,71.8,0
2023-11-22T10:00,117.1,0.3253,12.17,62.2,0
2023-11-22T11:00,201,0.3303,14.74,60.7,0
2023-11-22T12:00,238.1,0.3264,16.41,55.5,0
2023-11-22T13:00,215.8,0.3274,16.79,51.6,0
2023-11-22T14:00,202.5,0.3273,16.73,47.8,0
2023-11-22T15:00,133.2,0.3257,17.5,57,0
2023-11-22T16:00,61.2,0.412,13.99,80.4,6.38
2023-11-22T17:00,6.6,0.4145,15.05,56,0
2023-11-22T18:00,0,0.4177,12.11,81,0.91
2023-11-22T19:00,0,0.4124,13.15,65.8,0
2023-11-22T20:00,0,0.4073,9.46,91.8,0.07
2023-11-22T21:00,0,0.4064,8.84,73.4,0
2023-11-22T22:00,0,0.4034,6.89,78.1,0
2023-11-22T23:00,0,0.4041,5.55,79.4,0
2023-11-23T00:00,0,0.4005,3.47,81.1,0
2023-11-23T01:00,0,0.4795,0.81,100,15.76
2023-11-23T02:00,0,0.4682,0.95,100,0.99
2023-11-23T03:00,0,0.4419,2.11,89.4,0
2023-11-23T04:00,0,0.4286,2.47,83.6,0
2023-11-23T05:00,0,0.417,3.65,86.2,0
2023-11-23T06:00,0,0.4134,4.16,80.7,0
2023-11-23T07:00,0,0.408,6.56,74.1,0
2023-11-23T08:00,0,0.402,8.19,75.3,0
2023-11-23T09:00,40.4,0.4008,10.42,71.9,0
2023-11-23T10:00,107.2,0.4007,11.56,62.9,0
2023-11-23T11:00,104.7,0.4018,12.5,60.9,0
2023-11-23T12:00,139.6,0.3957,13.21,62.3,0
2023-11-23T13:00,164.5,0.3974,13.95,54.4,0
2023-11-23T14:00,126.6,0.3976,14.35,60.8,0
2023-11-23T15:00,79.1,0.4789,12.13,85,5.89
2023-11-23T16:00,48.4,0.4809,12.23,79.2,12.98
2023-11-23T17:00,4.2,0.4509,14.79,60.9,0
2023-11-23T18:00,0,0.4788,12.58,84,4.99
2023-11-23T19:00,0,0.4543,13.58,62.3,0
2023-11-23T20:00,0,0.4345,12.44,57.6,0
2023-11-23T21:00,0,0.4205,10.36,66.2,0
2023-11-23T22:00,0,0.4163,9.16,68.1,0
2023-11-23T23:00,0,0.4069,8.24,69.3,0
2023-11-24T00:00,0,0.4814,5.13,94.8,5.75
2023-11-24T01:00,0,0.4504,6.41,82.5,0
2023-11-24T02:00,0,0.4332,4.23,87.2,0
2023-11-24T03:00,0,0.4207,4.63,81.4,0
2023-11-24T04:00,0,0.4162,3.64,84.4,0
2023-11-24T05:00,0,0.4072,5.37,84.7,0
2023-11-24T06:00,0,0.4051,7.6,72.3,0
2023-11-24T07:00,0,0.4065,8.73,73.9,0
2023-11-24T08:00,0,0.4013,9.68,72.3,0
2023-11-24T09:00,54.5,0.4037,11.62,68.1,0
2023-11-24T10:00,85.7,0.3991,13.14,58.8,0
2023-11-24T11:00,160,0.3993,14.22,63,0
2023-11-24T12:00,213.4,0.3959,16.19,56.3,0
2023-11-24T13:00,239.9,0.3962,17.15,49.3,0
2023-11-24T14:00,228.2,0.3962,18.19,48.3,0
2023-11-24T15:00,176.5,0.3949,17.55,52.3,0
2023-11-24T16:00,106.7,0.392,16.87,50.3,0
2023-11-24T17:00,9.8,0.3924,15.76,51.3,0
2023-11-24T18:00,0,0.3964,14.52,62.4,0
2023-11-24T19:00,0,0.3947,12.88,64.7,0
2023-11-24T20:00,0,0.3929,11.55,62.1,0
2023-11-24T21:00,0,0.3927,10.57,70.7,0
2023-11-24T22:00,0,0.3906,8.84,74.6,0
2023-11-24T23:00,0,0.3906,6.62,74.2,0
2023-11-25T00:00,0,0.3904,3.6,83.1,0
2023-11-25T01:00,0,0.391,3.73,85.4,0
2023-11-25T02:00,0,0.39,2.45,81.6,0
2023-11-25T03:00,0,0.3916,2.28,85.4,0
2023-11-25T04:00,0,0.3884,2.33,83.8,0
2023-11-25T05:00,0,0.3924,2.45,84.6,0
2023-11-25T06:00,0,0.3901,3.52,80.2,0
2023-11-25T07:00,0,0.392,5.24,78.8,0
2023-11-25T08:00,0,0.3878,7,79.6,0
2023-11-25T09:00,65.4,0.3909,8.9,70.8,0
2023-11-25T10:00,204,0.389,10.71,64.8,0
2023-11-25T11:00,324.3,0.3853,11.9,58.9,0
2023-11-25T12:00,385.4,0.3873,14,63.1,0
2023-11-25T13:00,398,0.3829,14.86,61.8,0
2023-11-25T14:00,361,0.3812,16.1,55.7,0
2023-11-25T15:00,277.3,0.3823,16.58,56.2,0
2023-11-25T16:00,140.4,0.3786,15.17,55.8,0
2023-11-25T17:00,13.7,0.378,15.31,54.1,0
2023-11-25T18:00,0,0.3793,14.89,62.6,0
2023-11-25T19:00,0,0.3791,12.69,64.8,0
2023-11-25T20:00,0,0.3782,11.26,66.3,0
2023-11-25T21:00,0,0.3787,10.7,74.2,0
2023-11-25T22:00,0,0.3774,8.72,69.8,0
2023-11-25T23:00,0,0.3783,7.46,71.7,0
2023-11-26T00:00,0,0.3778,7.86,70,0
2023-11-26T01:00,0,0.3774,6.11,75.1,0
2023-11-26T02:00,0,0.3792,4.94,80.1,0
2023-11-26T03:00,0,0.3774,3.77,76.2,0
2023-11-26T04:00,0,0.3786,4.02,81.2,0
2023-11-26T05:00,0,0.3736,3.93,87.3,0
2023-11-26T06:00,0,0.3769,3.79,79,0
2023-11-26T07:00,0,0.3765,5.44,73.5,0
2023-11-26T08:00,0,0.3747,7.28,73.2,0
2023-11-26T09:00,67.7,0.3762,8.9,68.6,0
2023-11-26T10:00,200.5,0.3757,11.52,70.6,0
2023-11-26T11:00,213.7,0.3737,13.81,60.5,0
2023-11-26T12:00,260.5,0.3723,15.18,51.3,0
2023-11-26T13:00,192.6,0.3714,14.54,53.4,0
2023-11-26T14:00,217.4,0.3722,15.93,52.5,0
2023-11-26T15:00,155.6,0.3701,16.58,56.5,0
2023-11-26T16:00,91.3,0.3703,16.48,57.3,0
2023-11-26T17:00,8.7,0.3704,16,54.6,0
2023-11-26T18:00,0,0.3669,14.73,58.3,0
2023-11-26T19:00,0,0.3701,13.39,57.1,0
2023-11-26T20:00,0,0.369,10.76,65.8,0
2023-11-26T21:00,0,0.3715,9.56,70.9,0
2023-11-26T22:00,0,0.3671,6.98,74.3,0
2023-11-26T23:00,0,0.3674,5.71,79.9,0
2023-11-27T00:00,0,0.3661,4.58,84.4,0
2023-11-27T01:00,0,0.3675,4.62,78.5,0
2023-11-27T02:00,0,0.3666,4.14,82.6,0
2023-11-27T03:00,0,0.3659,4.36,80.1,0
2023-11-27T04:00,0,0.366,3.29,77.8,0
2023-11-27T05:00,0,0.3675,3.49,83.5,0
2023-11-27T06:00,0,0.3666,4.45,75.7,0
2023-11-27T07:00,0,0.3672,5.82,74.6,0
2023-11-27T08:00,0,0.3608,7.01,68.6,0
2023-11-27T09:00,40.4,0.3622,9.53,71.6,0
2023-11-27T10:00,124.5,0.3648,10.97,62.3,0
2023-11-27T11:00,161.6,0.3635,11.94,61.3,0
2023-11-27T12:00,112.9,0.3631,12.59,58.5,0
2023-11-27T13:00,116.3,0.3645,13.78,54.1,0
2023-11-27T14:00,107.7,0.3642,14.11,52.3,0
2023-11-27T15:00,62,0.3636,13.96,56.1,0
2023-11-27T16:00,42.8,0.3606,13.89,56.7,0
2023-11-27T17:00,2.1,0.3624,12.43,60.9,0
2023-11-27T18:00,0,0.359,11.18,67.2,0
2023-11-27T19:00,0,0.3594,9.91,67.2,0
2023-11-27T20:00,0,0.3606,9.42,72.1,0
2023-11-27T21:00,0,0.3589,8.07,71.3,0
2023-11-27T22:00,0,0.3583,6.92,72.4,0
2023-11-27T23:00,0,0.3614,6.47,64.9,0
2023-11-28T00:00,0,0.3552,4.16,78.8,0
2023-11-28T01:00,0,0.3583,3.37,85.3,0
2023-11-28T02:00,0,0.3586,2.43,88.6,0
2023-11-28T03:00,0,0.3585,2.69,84.3,0
2023-11-28T04:00,0,0.3602,3.5,87.2,0
2023-11-28T05:00,0,0.3594,4.01,80.2,0
2023-11-28T06:00,0,0.357,4.66,80.9,0
2023-11-28T07:00,0,0.3567,5.93,70.9,0
2023-11-28T08:00,0,0.3568,7.69,76.6,0
2023-11-28T09:00,17.1,0.356,8.86,77.4,0
2023-11-28T10:00,86.1,0.3558,10.21,63.9,0
2023-11-28T11:00,128.4,0.3533,11.45,64.8,0
2023-11-28T12:00,112.9,0.3533,12.73,63.5,0
2023-11-28T13:00,108.5,0.3531,12.13,68,0
2023-11-28T14:00,95.2,0.3554,12.24,62.2,0
2023-11-28T15:00,106.7,0.354,13.12,59.7,0
2023-11-28T16:00,53.8,0.3534,13.17,58.3,0
2023-11-28T17:00,3.1,0.3504,12.4,58,0
2023-11-28T18:00,0,0.3523,11.51,64.2,0
2023-11-28T19:00,0,0.3509,10.38,66.7,0
2023-11-28T20:00,0,0.3525,9.7,65,0
2023-11-28T21:00,0,0.3529,7.86,67.3,0
2023-11-28T22:00,0,0.3534,6.74,78.2,0
2023-11-28T23:00,0,0.351,4.68,79.7,0
2023-11-29T00:00,0,0.3516,3.44,83.3,0
2023-11-29T01:00,0,0.348,2.38,85.6,0
2023-11-29T02:00,0,0.3492,1.78,86.9,0
2023-11-29T03:00,0,0.3494,3,89.3,0
2023-11-29T04:00,0,0.3492,2.04,88,0
2023-11-29T05:00,0,0.3508,3.81,78.8,0
2023-11-29T06:00,0,0.3515,5.04,80.8,0
2023-11-29T07:00,0,0.35,6.48,81.1,0
2023-11-29T08:00,0,0.3524,8.69,70.1,0
2023-11-29T09:00,19.8,0.3482,10.31,67.5,0
2023-11-29T10:00,48,0.348,12.06,66,0
2023-11-29T11:00,93.7,0.3478,12.99,62.7,0
2023-11-29T12:00,208.8,0.3478,15.18,55.2,0
2023-11-29T13:00,198.9,0.3464,16.2,54,0
2023-11-29T14:00,203.6,0.3452,17.19,53.8,0
2023-11-29T15:00,156.5,0.3471,17.65,48.8,0
2023-11-29T16:00,93.6,0.3441,16.99,52.2,0
2023-11-29T17:00,6.7,0.3448,16.35,53.2,0
2023-11-29T18:00,0,0.3432,14.81,53.7,0
2023-11-29T19:00,0,0.3412,13.48,60.5,0
2023-11-29T20:00,0,0.3436,12.45,59,0
2023-11-29T21:00,0,0.3416,10.62,70.5,0
2023-11-29T22:00,0,0.3429,8.84,65.4,0
2023-11-29T23:00,0,0.3445,7.1,72.7,0
2023-11-30T00:00,0,0.3429,5.93,75.2,0
2023-11-30T01:00,0,0.3442,4.9,75.4,0
2023-11-30T02:00,0,0.3422,4.36,72.5,0
2023-11-30T03:00,0,0.3433,3.97,84.1,0
2023-11-30T04:00,0,0.3422,5.19,83.7,0
2023-11-30T05:00,0,0.3401,6.4,75.9,0
2023-11-30T06:00,0,0.3438,7.38,73.6,0
2023-11-30T07:00,0,0.3414,9.25,68.4,0
2023-11-30T08:00,0,0.3375,10.85,67.1,0
2023-11-30T09:00,47.7,0.3403,11.95,58.3,0
2023-11-30T10:00,135.6,0.3397,13.56,57.4,0
2023-11-30T11:00,183.6,0.3382,14.67,58.8,0
2023-11-30T12:00,221.2,0.336,15.31,59.6,0
2023-11-30T13:00,251.3,0.3369,16.33,53.7,0
2023-11-30T14:00,143.1,0.3369,16.32,55.5,0
2023-11-30T15:00,71.2,0.3372,15.74,49.5,0
2023-11-30T16:00,51,0.3356,16.22,51.1,0
2023-11-30T17:00,3.3,0.3334,15.85,51.6,0
2023-11-30T18:00,0,0.3324,14.74,62.2,0
2023-11-30T19:00,0,0.3366,13.59,60.1,0
2023-11-30T20:00,0,0.3337,13.07,62.8,0
2023-11-30T21:00,0,0.3364,11.84,59.4,0
2023-11-30T22:00,0,0.3351,9.52,62.9,0
2023-11-30T23:00,0,0.3346,7,75.7,0
2023-12-01T00:00,0,0.3343,6.66,74.3,0
2023-12-01T01:00,0,0.3324,5.9,76.1,0
2023-12-01T02:00,0,0.3308,4.4,79.7,0
2023-12-01T03:00,0,0.3334,4.47,78.2,0
2023-12-01T04:00,0,0.3336,4.94,75.9,0
2023-12-01T05:00,0,0.331,5.31,73.9,0
2023-12-01T06:00,0,0.3304,5.98,72,0
2023-12-01T07:00,0,0.3287,7.19,78.1,0
2023-12-01T08:00,0,0.3332,7.81,90.7,0.08
2023-12-01T09:00,22.1,0.3314,11.5,62.3,0
2023-12-01T10:00,62.1,0.3353,10.63,80.2,0.12
2023-12-01T11:00,97.4,0.3346,11.28,79.2,0.09
2023-12-01T12:00,115,0.3381,12.58,83.9,0.29
2023-12-01T13:00,134.7,0.3389,16.12,55,0
2023-12-01T14:00,118.8,0.338,16.58,49.6,0
2023-12-01T15:00,100,0.3369,16.34,53,0
2023-12-01T16:00,65.4,0.337,16.81,52.8,0
2023-12-01T17:00,3.9,0.3389,13.57,80.2,0.11
2023-12-01T18:00,0,0.3348,14.58,57.9,0
2023-12-01T19:00,0,0.3389,13.66,59.4,0
2023-12-01T20:00,0,0.3475,10.25,83.6,0.87
2023-12-01T21:00,0,0.347,10.39,61.4,0
2023-12-01T22:00,0,0.3477,8.07,71.8,0
2023-12-01T23:00,0,0.348,6.74,73.6,0
2023-12-02T00:00,0,0.3587,4.44,93,1.12
2023-12-02T01:00,0,0.3601,4.97,79.6,0
2023-12-02T02:00,0,0.3631,5.53,80.2,0
2023-12-02T03:00,0,0.3619,5.19,77.7,0
2023-12-02T04:00,0,0.3624,4.99,73.4,0
2023-12-02T05:00,0,0.3631,5.47,79.3,0
2023-12-02T06:00,0,0.3641,6.69,69.2,0
2023-12-02T07:00,0,0.363,8.15,71.6,0
2023-12-02T08:00,0,0.3628,9.28,66.2,0
2023-12-02T09:00,15.5,0.362,10.59,66.2,0
2023-12-02T10:00,22.5,0.3644,11.41,61.6,0
2023-12-02T11:00,52.7,0.3616,10.83,65.7,0
2023-12-02T12:00,35.4,0.3607,11.8,66.5,0
2023-12-02T13:00,75.5,0.3592,11.92,63.5,0
2023-12-02T14:00,67.3,0.3616,12.66,60.8,0
2023-12-02T15:00,13.2,0.3581,12.95,62,0
2023-12-02T16:00,9.7,0.3605,13.11,61.1,0
2023-12-02T17:00,1.3,0.3595,12.12,58.6,0
2023-12-02T18:00,0,0.3594,11.66,63.5,0
2023-12-02T19:00,0,0.3597,11.09,63.5,0
2023-12-02T20:00,0,0.3579,9.92,60.8,0
2023-12-02T21:00,0,0.3619,8.12,69.2,0
2023-12-02T22:00,0,0.3569,7.78,70.1,0
2023-12-02T23:00,0,0.3576,6.66,71.5,0
2023-12-03T00:00,0,0.3598,3.88,79.9,0
2023-12-03T01:00,0,0.357,3.14,79.9,0
2023-12-03T02:00,0,0.3581,3.15,88.5,0
2023-12-03T03:00,0,0.3587,3.32,78.6,0
2023-12-03T04:00,0,0.3584,3.28,81.3,0
2023-12-03T05:00,0,0.3551,4.28,81.4,0
2023-12-03T06:00,0,0.3567,5.77,80.1,0
2023-12-03T07:00,0,0.3555,6.05,73.5,0
2023-12-03T08:00,0,0.3538,8.66,66.6,0
2023-12-03T09:00,34.2,0.3566,9.94,68.2,0
2023-12-03T10:00,106.9,0.3558,11.11,65.3,0
2023-12-03T11:00,137.2,0.3553,11.79,61.2,0
2023-12-03T12:00,119,0.3532,12.81,61,0
2023-12-03T13:00,106.4,0.3518,13.1,56.9,0
2023-12-03T14:00,131.1,0.3544,14.55,62.3,0
2023-12-03T15:00,96.1,0.351,14.71,56.6,0
2023-12-03T16:00,61.5,0.3525,13.24,61,0
2023-12-03T17:00,3.5,0.3523,12.68,60.2,0
2023-12-03T18:00,0,0.3524,12.45,56,0
2023-12-03T19:00,0,0.3526,11.91,66.5,0
2023-12-03T20:00,0,0.3501,10.6,70.7,0
2023-12-03T21:00,0,0.3526,8.66,71.4,0
2023-12-03T22:00,0,0.3504,6.84,72.3,0
2023-12-03T23:00,0,0.3515,4.67,74.4,0
2023-12-04T00:00,0,0.3483,4.97,75.6,0
2023-12-04T01:00,0,0.3488,4.52,79,0
2023-12-04T02:00,0,0.3533,3.63,81.9,0
2023-12-04T03:00,0,0.3497,4.38,75.3,0
2023-12-04T04:00,0,0.3485,4.76,77.7,0
2023-12-04T05:00,0,0.3511,4.96,75.1,0
2023-12-04T06:00,0,0.3491,4.6,74.3,0
2023-12-04T07:00,0,0.3482,5.34,77.8,0
2023-12-04T08:00,0,0.3461,6.48,74.3,0
2023-12-04T09:00,25.4,0.3493,7.85,68.3,0
2023-12-04T10:00,80.8,0.3465,8.6,67.8,0
2023-12-04T11:00,185,0.3468,10.08,66.2,0
2023-12-04T12:00,207.5,0.3436,11.46,63,0
2023-12-04T13:00,197.4,0.3462,12.97,60.9,0
2023-12-04T14:00,176.8,0.3462,13.82,59.6,0
2023-12-04T15:00,95.3,0.3427,13.36,60.9,0
2023-12-04T16:00,56.8,0.3453,13.23,66.7,0
2023-12-04T17:00,3.4,0.4793,10.01,84.5,30.12
2023-12-04T18:00,0,0.4515,11.05,59.3,0
2023-12-04T19:00,0,0.4317,10.32,64.1,0
2023-12-04T20:00,0,0.4242,8.6,71.3,0
2023-12-04T21:00,0,0.4129,7.11,74.1,0
2023-12-04T22:00,0,0.4118,6.23,71.6,0
2023-12-04T23:00,0,0.4053,5,76.1,0
2023-12-05T00:00,0,0.4141,2.94,96.6,0.79
2023-12-05T01:00,0,0.4093,4.06,79.2,0
2023-12-05T02:00,0,0.4054,3.06,79.8,0
2023-12-05T03:00,0,0.4115,0.46,100,0.53
2023-12-05T04:00,0,0.4083,2.88,81,0
2023-12-05T05:00,0,0.4284,1.87,96.8,1.61
2023-12-05T06:00,0,0.4195,4.44,75.2,0
2023-12-05T07:00,0,0.4117,4.14,76.5,0
2023-12-05T08:00,0,0.406,6.74,74.1,0
2023-12-05T09:00,21.4,0.4112,5.94,91,0.49
2023-12-05T10:00,93.6,0.4064,10.12,68.7,0
2023-12-05T11:00,99.2,0.4042,11.56,67.9,0
2023-12-05T12:00,165.8,0.4032,11.28,78.2,0.09
2023-12-05T13:00,209.5,0.4021,13.9,58.1,0
2023-12-05T14:00,143.3,0.3991,14.23,53.7,0
2023-12-05T15:00,115.9,0.3984,15.97,49.9,0
2023-12-05T16:00,51.7,0.3997,14.6,53.7,0
2023-12-05T17:00,1.8,0.3983,13.54,55.4,0
2023-12-05T18:00,0,0.4,13.45,56.4,0
2023-12-05T19:00,0,0.4109,9.86,79.3,0.9
2023-12-05T20:00,0,0.4069,9.83,74.8,0
2023-12-05T21:00,0,0.4049,8.52,67.5,0
2023-12-05T22:00,0,0.4028,7.48,69.7,0
2023-12-05T23:00,0,0.402,6.8,70.7,0
2023-12-06T00:00,0,0.4024,4.61,78.9,0
2023-12-06T01:00,0,0.4009,3.76,78.9,0
2023-12-06T02:00,0,0.4614,1.28,92.9,4.43
2023-12-06T03:00,0,0.4402,2.78,81.5,0
2023-12-06T04:00,0,0.4255,3.71,79.1,0
2023-12-06T05:00,0,0.4165,4.44,72.4,0
2023-12-06T06:00,0,0.4106,5.03,77.4,0
2023-12-06T07:00,0,0.4035,6.07,78,0
2023-12-06T08:00,0,0.4036,7.16,75.7,0
2023-12-06T09:00,2.5,0.4006,8.16,69.3,0
2023-12-06T10:00,12.2,0.4014,9.67,69,0
2023-12-06T11:00,14.7,0.3991,11.17,59.3,0
2023-12-06T12:00,17.8,0.4003,11.52,66.3,0
2023-12-06T13:00,18.6,0.3979,11.43,61,0
2023-12-06T14:00,17,0.3983,12.04,60.2,0
2023-12-06T15:00,63.3,0.3986,12.9,57.3,0
2023-12-06T16:00,63.5,0.3967,13.51,60.1,0
2023-12-06T17:00,3.3,0.4021,11.74,80.4,0.32
2023-12-06T18:00,0,0.4018,11.27,60.6,0
2023-12-06T19:00,0,0.4022,10.35,72.1,0
2023-12-06T20:00,0,0.4376,6.86,86.3,2.54
2023-12-06T21:00,0,0.4258,8.7,72.4,0
2023-12-06T22:00,0,0.4153,7.3,71.4,0
2023-12-06T23:00,0,0.4833,3.51,94.5,11.17
2023-12-07T00:00,0,0.4487,4.03,82.8,0
2023-12-07T01:00,0,0.4334,2.58,81.1,0
2023-12-07T02:00,0,0.422,1.84,81.4,0
2023-12-07T03:00,0,0.4134,1.89,83.7,0
2023-12-07T04:00,0,0.4083,2.61,78.5,0
2023-12-07T05:00,0,0.4027,3.51,80.5,0
2023-12-07T06:00,0,0.4017,5.08,72.5,0
2023-12-07T07:00,0,0.4021,6.08,69.6,0
2023-12-07T08:00,0,0.3992,7.71,67.5,0
2023-12-07T09:00,20.7,0.3967,9.01,72.1,0
2023-12-07T10:00,80.9,0.3989,11.26,64.2,0
2023-12-07T11:00,95.6,0.3988,12.06,56.9,0
2023-12-07T12:00,65.7,0.4003,12.89,57.5,0
2023-12-07T13:00,97.8,0.4007,13.92,56.6,0
2023-12-07T14:00,86,0.3982,13.75,53.7,0
2023-12-07T15:00,56.6,0.3983,13.56,59.4,0
2023-12-07T16:00,40.6,0.3974,13.68,55.2,0
2023-12-07T17:00,1.1,0.3986,12.79,64,0
2023-12-07T18:00,0,0.3953,12.85,56.9,0
2023-12-07T19:00,0,0.395,10.73,61.9,0
2023-12-07T20:00,0,0.3968,9.54,63,0
2023-12-07T21:00,0,0.3958,8.4,63.9,0
2023-12-07T22:00,0,0.3979,8.19,70.7,0
2023-12-07T23:00,0,0.3951,7.21,65.6,0
2023-12-08T00:00,0,0.3964,6.5,70.7,0
2023-12-08T01:00,0,0.3954,4.65,77.8,0
2023-12-08T02:00,0,0.3946,3.59,85.5,0
2023-12-08T03:00,0,0.3972,2.98,79.4,0
2023-12-08T04:00,0,0.3951,4.22,77.1,0
2023-12-08T05:00,0,0.394,4.41,74.1,0
2023-12-08T06:00,0,0.3931,4.92,80,0
2023-12-08T07:00,0,0.3939,6.6,71,0
2023-12-08T08:00,0,0.3917,7.17,67.9,0
2023-12-08T09:00,20.6,0.3923,8.63,70.8,0
2023-12-08T10:00,112.2,0.3933,10.66,60.7,0
2023-12-08T11:00,139.6,0.3936,12.14,62.8,0
2023-12-08T12:00,113.2,0.3924,13.34,53.9,0
2023-12-08T13:00,201.6,0.3894,14.56,52.6,0
2023-12-08T14:00,170,0.3896,14.99,56.9,0
2023-12-08T15:00,167.3,0.387,16.05,53.8,0
2023-12-08T16:00,90.9,0.3873,15.26,49.2,0
2023-12-08T17:00,3.7,0.3871,13.88,56.9,0
2023-12-08T18:00,0,0.3873,12.68,58.9,0
2023-12-08T19:00,0,0.3877,10.75,62.6,0
2023-12-08T20:00,0,0.3871,9.42,67.8,0
2023-12-08T21:00,0,0.3862,8.22,65.8,0
2023-12-08T22:00,0,0.3873,6.7,74.3,0
2023-12-08T23:00,0,0.386,5.31,74.9,0
2023-12-09T00:00,0,0.3884,4.18,75.8,0
2023-12-09T01:00,0,0.3876,2.82,79.8,0
2023-12-09T02:00,0,0.388,2.27,81.4,0
2023-12-09T03:00,0,0.3862,1.36,85.5,0
2023-12-09T04:00,0,0.3858,2.12,83.1,0
2023-12-09T05:00,0,0.3847,2.33,80.1,0
2023-12-09T06:00,0,0.3855,3.47,80.3,0
2023-12-09T07:00,0,0.3831,4.96,71.1,0
2023-12-09T08:00,0,0.3837,6.52,70.7,0
2023-12-09T09:00,33.7,0.3832,6.98,68.1,0
2023-12-09T10:00,141.9,0.3817,9.19,65.7,0
2023-12-09T11:00,230,0.3837,11.37,62.1,0
2023-12-09T12:00,320.5,0.383,13.42,57.9,0
2023-12-09T13:00,320.1,0.3817,14.61,56.6,0
2023-12-09T14:00,197.8,0.3791,13.41,65.7,0
2023-12-09T15:00,162,0.3806,14.83,56.9,0
2023-12-09T16:00,82.4,0.3798,14.12,52.2,0
2023-12-09T17:00,4,0.3782,13.46,58.2,0
2023-12-09T18:00,0,0.3777,13.15,59.3,0
2023-12-09T19:00,0,0.3757,10.27,64.4,0
2023-12-09T20:00,0,0.3799,8.56,73.6,0
2023-12-09T21:00,0,0.3772,7.69,73,0
2023-12-09T22:00,0,0.3763,6.08,70.7,0
2023-12-09T23:00,0,0.3769,4.83,74.6,0
2023-12-10T00:00,0,0.3774,3.71,78.7,0
2023-12-10T01:00,0,0.3785,3.25,84.2,0
2023-12-10T02:00,0,0.3764,3.13,77.5,0
2023-12-10T03:00,0,0.3783,3,78.7,0
2023-12-10T04:00,0,0.3939,0.21,100,1.28
2023-12-10T05:00,0,0.3923,2.38,84.5,0
2023-12-10T06:00,0,0.4788,1.35,100,8.75
2023-12-10T07:00,0,0.4502,5.08,75.9,0
2023-12-10T08:00,0,0.4317,6.93,71.3,0
2023-12-10T09:00,9.7,0.423,8.42,68.9,0
2023-12-10T10:00,56.6,0.4119,10.96,64.2,0
2023-12-10T11:00,69,0.4061,12.31,58.6,0
2023-12-10T12:00,97.6,0.4022,13.61,54.4,0
2023-12-10T13:00,80.5,0.4019,13.94,58.5,0
2023-12-10T14:00,88.2,0.4012,15.12,56.9,0
2023-12-10T15:00,57.7,0.4005,15.19,54.1,0
2023-12-10T16:00,46.7,0.4567,13.92,76.8,4.19
2023-12-10T17:00,2.3,0.4369,14.61,53.7,0
2023-12-10T18:00,0,0.4249,13.2,60.9,0
2023-12-10T19:00,0,0.456,9.52,80,2.94
2023-12-10T20:00,0,0.4392,8.99,70,0
2023-12-10T21:00,0,0.4235,7.88,66.7,0
2023-12-10T22:00,0,0.4181,6.35,66,0
2023-12-10T23:00,0,0.4177,3.13,95.2,0.53
2023-12-11T00:00,0,0.4087,4.2,78.2,0
2023-12-11T01:00,0,0.4057,3.73,80.7,0
2023-12-11T02:00,0,0.4044,3,84.2,0
2023-12-11T03:00,0,0.4031,3.09,81.1,0
2023-12-11T04:00,0,0.4042,2.51,80,0
2023-12-11T05:00,0,0.4023,3.23,75.5,0
2023-12-11T06:00,0,0.3991,3.68,78.9,0
2023-12-11T07:00,0,0.3965,4.73,74.5,0
2023-12-11T08:00,0,0.3991,5.14,73.1,0
2023-12-11T09:00,4.4,0.3994,6.59,73.3,0
2023-12-11T10:00,43.3,0.399,8.92,68.4,0
2023-12-11T11:00,14.1,0.3981,8.87,65.3,0
2023-12-11T12:00,27.4,0.3992,10.11,63.5,0
2023-12-11T13:00,71.1,0.3988,11.22,60.8,0
2023-12-11T14:00,56.6,0.3984,11.52,60.4,0
2023-12-11T15:00,27.1,0.4005,11.21,62.9,0
2023-12-11T16:00,29.6,0.3979,11.55,66.5,0
2023-12-11T17:00,0.4,0.3964,10.68,60.1,0
2023-12-11T18:00,0,0.3992,10.71,63.9,0
2023-12-11T19:00,0,0.3948,9.76,59.9,0
2023-12-11T20:00,0,0.3954,8.66,69,0
2023-12-11T21:00,0,0.3979,7.57,67.3,0
2023-12-11T22:00,0,0.3961,7.03,71.7,0
2023-12-11T23:00,0,0.3959,5.12,77.2,0
2023-12-12T00:00,0,0.3953,4.37,76.1,0
2023-12-12T01:00,0,0.3949,3.33,74.7,0
2023-12-12T02:00,0,0.3942,3.09,83,0
2023-12-12T03:00,0,0.3918,2.79,81.4,0
2023-12-12T04:00,0,0.3936,3.29,77.4,0
2023-12-12T05:00,0,0.395,5.04,79,0
2023-12-12T06:00,0,0.3921,5.8,73.3,0
2023-12-12T07:00,0,0.3933,5.67,74.1,0
2023-12-12T08:00,0,0.392,7.05,74.9,0
2023-12-12T09:00,8.4,0.3935,8.16,68.4,0
2023-12-12T10:00,28.4,0.3948,9.8,65.5,0
2023-12-12T11:00,57.9,0.3904,10.45,60.8,0
2023-12-12T12:00,60.3,0.3922,12.45,56.2,0
2023-12-12T13:00,18.2,0.3902,12.7,55,0
2023-12-12T14:00,16.7,0.3906,13.55,58.7,0
2023-12-12T15:00,25.6,0.3928,14.56,55,0
2023-12-12T16:00,22.1,0.3903,14.59,53.5,0
2023-12-12T17:00,2.1,0.3888,15.24,54,0
2023-12-12T18:00,0,0.3902,13.91,57.4,0
2023-12-12T19:00,0,0.3914,13.01,55.8,0
2023-12-12T20:00,0,0.3862,11.5,62.6,0
2023-12-12T21:00,0,0.389,10.06,62.4,0
2023-12-12T22:00,0,0.3902,8.98,61,0
2023-12-12T23:00,0,0.3906,6.97,71.3,0
2023-12-13T00:00,0,0.3884,5.67,74.1,0
2023-12-13T01:00,0,0.3893,4.59,72.3,0
2023-12-13T02:00,0,0.3866,3.55,76.1,0
2023-12-13T03:00,0,0.3867,3.57,82.7,0
2023-12-13T04:00,0,0.3898,3.47,74.7,0
2023-12-13T05:00,0,0.387,3.59,73.9,0
2023-12-13T06:00,0,0.3885,4.93,74.3,0
2023-12-13T07:00,0,0.3898,4.12,75,0
2023-12-13T08:00,0,0.387,6.12,74.2,0
2023-12-13T09:00,18.1,0.3856,7.78,67.5,0
2023-12-13T10:00,77.4,0.3877,9.03,60.8,0
2023-12-13T11:00,90.3,0.387,10.03,63.5,0
2023-12-13T12:00,149.7,0.3857,11.38,64.6,0
2023-12-13T13:00,135.5,0.3829,11.97,55.3,0
2023-12-13T14:00,46.7,0.3805,12.51,58.1,0
2023-12-13T15:00,37.7,0.3882,12.76,55.7,0
2023-12-13T16:00,34.5,0.3855,13.07,55.4,0
2023-12-13T17:00,2.8,0.3824,11.97,56.9,0
2023-12-13T18:00,0,0.3834,11.33,57.3,0
2023-12-13T19:00,0,0.3816,11.06,66.1,0
2023-12-13T20:00,0,0.3796,8.58,65.5,0
2023-12-13T21:00,0,0.3838,7.02,70.7,0
2023-12-13T22:00,0,0.3817,4.68,75.1,0
2023-12-13T23:00,0,0.3833,3.53,78.7,0
2023-12-14T00:00,0,0.3834,3.45,79.8,0
2023-12-14T01:00,0,0.3852,2.49,78.1,0
2023-12-14T02:00,0,0.3804,1.83,78.2,0
2023-12-14T03:00,0,0.3842,1.96,82.2,0
2023-12-14T04:00,0,0.3802,1.87,81.3,0
2023-12-14T05:00,0,0.381,2.73,80.1,0
2023-12-14T06:00,0,0.4293,1.5,100,3.36
2023-12-14T07:00,0,0.4169,5.89,70.2,0
2023-12-14T08:00,0,0.422,4.72,97.3,0.5
2023-12-14T09:00,8.1,0.4111,8.31,71.8,0
2023-12-14T10:00,68.1,0.4054,9.94,66.9,0
2023-12-14T11:00,95.2,0.4024,9.83,56.6,0
2023-12-14T12:00,166.3,0.4034,11.66,59.6,0
2023-12-14T13:00,134.9,0.4005,12.91,57,0
2023-12-14T14:00,117.3,0.3998,14.26,55.1,0
2023-12-14T15:00,81.8,0.4001,14.48,53.4,0
2023-12-14T16:00,36.3,0.4113,11.5,77.2,0.97
2023-12-14T17:00,0.8,0.4084,12.12,65.7,0
2023-12-14T18:00,0,0.4041,10.99,61.9,0
2023-12-14T19:00,0,0.404,8.13,84.5,0.02
2023-12-14T20:00,0,0.4028,8.72,66.7,0
2023-12-14T21:00,0,0.3997,7.77,68,0
2023-12-14T22:00,0,0.4021,6.17,77.1,0
2023-12-14T23:00,0,0.4012,5.56,76.7,0
2023-12-15T00:00,0,0.4015,4.99,76.1,0
2023-12-15T01:00,0,0.4006,4.1,79.8,0
2023-12-15T02:00,0,0.3976,3.93,77.9,0
2023-12-15T03:00,0,0.3992,3.91,78.8,0
2023-12-15T04:00,0,0.3971,4.73,77.9,0
2023-12-15T05:00,0,0.3971,4.26,77,0
2023-12-15T06:00,0,0.3984,4.94,71.8,0
2023-12-15T07:00,0,0.3973,5.78,78.4,0
2023-12-15T08:00,0,0.3994,5.85,72.9,0
2023-12-15T09:00,3.5,0.3955,6.45,71,0
2023-12-15T10:00,40.5,0.3977,7.82,69.4,0
2023-12-15T11:00,33.8,0.3985,9,60.7,0
2023-12-15T12:00,94.2,0.3966,10.03,65.4,0
2023-12-15T13:00,128.5,0.3962,11.47,54.5,0
2023-12-15T14:00,117.2,0.3961,12.23,55.5,0
2023-12-15T15:00,53,0.3926,12.23,58.3,0
2023-12-15T16:00,8.8,0.3936,11.17,64,0
2023-12-15T17:00,0.5,0.3946,10.66,61.5,0
2023-12-15T18:00,0,0.3952,10.11,59.2,0
2023-12-15T19:00,0,0.3953,9.55,65.8,0
2023-12-15T20:00,0,0.3928,8.93,70,0
2023-12-15T21:00,0,0.3928,7.29,64.7,0
2023-12-15T22:00,0,0.3931,5.48,72.4,0
2023-12-15T23:00,0,0.3928,3.92,75.4,0
2023-12-16T00:00,0,0.3923,2.4,83,0
2023-12-16T01:00,0,0.3927,1.91,80.2,0
2023-12-16T02:00,0,0.3943,0.7,83,0
2023-12-16T03:00,0,0.3919,1.37,80,0
2023-12-16T04:00,0,0.3952,1.28,83.2,0
2023-12-16T05:00,0,0.3917,2.7,78,0
2023-12-16T06:00,0,0.3927,3.82,75.5,0
2023-12-16T07:00,0,0.3924,4.43,74.7,0
2023-12-16T08:00,0,0.3931,6.27,70.5,0
2023-12-16T09:00,17.2,0.3926,7.76,70.2,0
2023-12-16T10:00,104.3,0.392,9.16,65.5,0
2023-12-16T11:00,172,0.3916,11.46,65.3,0
2023-12-16T12:00,174.1,0.389,12.45,60.6,0
2023-12-16T13:00,161.4,0.3881,12.65,58.4,0
2023-12-16T14:00,143.2,0.3887,12.81,56.8,0
2023-12-16T15:00,95.3,0.3875,12.92,56,0
2023-12-16T16:00,46.8,0.3902,13.03,54.2,0
2023-12-16T17:00,3.5,0.3896,12.23,53,0
2023-12-16T18:00,0,0.3901,12.88,54.2,0
2023-12-16T19:00,0,0.3875,11.4,57.1,0
2023-12-16T20:00,0,0.3876,10.43,64.7,0
2023-12-16T21:00,0,0.3866,8.15,67.6,0
2023-12-16T22:00,0,0.3856,6.73,65.6,0
2023-12-16T23:00,0,0.3866,4.49,71.8,0
2023-12-17T00:00,0,0.3873,3.7,72.9,0
2023-12-17T01:00,0,0.3847,2.84,82.3,0
2023-12-17T02:00,0,0.3841,2.47,82.8,0
2023-12-17T03:00,0,0.3847,2.71,81.9,0
2023-12-17T04:00,0,0.3827,3.51,73.3,0
2023-12-17T05:00,0,0.3863,3.79,75.2,0
2023-12-17T06:00,0,0.3854,4.37,76.7,0
2023-12-17T07:00,0,0.3844,5.51,67.3,0
2023-12-17T08:00,0,0.3897,4.55,90.8,0.42
2023-12-17T09:00,13.2,0.3909,6.05,92.4,0.04
2023-12-17T10:00,64.3,0.3906,9.36,62.4,0
2023-12-17T11:00,46.1,0.3895,10.47,63.8,0
2023-12-17T12:00,87.5,0.3894,11.87,58.9,0
2023-12-17T13:00,115.3,0.389,13.61,54,0
2023-12-17T14:00,125.1,0.3978,12.01,80.5,0.7
2023-12-17T15:00,89.2,0.3983,14.7,53.7,0
2023-12-17T16:00,36,0.3962,14.01,57.5,0
2023-12-17T17:00,2.3,0.3984,13.23,61.4,0
2023-12-17T18:00,0,0.4003,12.66,55.3,0
2023-12-17T19:00,0,0.3967,11.46,63.3,0
2023-12-17T20:00,0,0.3955,10.19,63.8,0
2023-12-17T21:00,0,0.397,7.62,71.9,0
2023-12-17T22:00,0,0.4267,4.01,95.5,2.1
2023-12-17T23:00,0,0.4174,5.07,70.7,0
2023-12-18T00:00,0,0.4118,2.73,77.2,0
2023-12-18T01:00,0,0.4094,0.96,84.1,0
2023-12-18T02:00,0,0.4041,0.46,85.4,0
2023-12-18T03:00,0,0.4028,1.18,83.2,0
2023-12-18T04:00,0,0.4013,1.57,81.6,0
2023-12-18T05:00,0,0.3998,2.05,83.2,0
2023-12-18T06:00,0,0.399,2.68,80.4,0
2023-12-18T07:00,0,0.3983,3.9,79,0
2023-12-18T08:00,0,0.399,5.64,74.3,0
2023-12-18T09:00,6.9,0.398,6.89,72.5,0
2023-12-18T10:00,46.6,0.4021,7.67,70.2,0
2023-12-18T11:00,46.2,0.4039,9,63.5,0
2023-12-18T12:00,83.1,0.3979,10.26,61.9,0
2023-12-18T13:00,139.4,0.3954,11.79,60.9,0
2023-12-18T14:00,149.2,0.3979,12.99,60,0
2023-12-18T15:00,103.9,0.3959,13.36,53.9,0
2023-12-18T16:00,39.2,0.3959,12.62,59.7,0
2023-12-18T17:00,0.8,0.4001,12.22,57.7,0
2023-12-18T18:00,0,0.3925,12.45,56.2,0
2023-12-18T19:00,0,0.3969,11.93,61.5,0
2023-12-18T20:00,0,0.3931,10.6,58.4,0
2023-12-18T21:00,0,0.3952,9.67,68,0
2023-12-18T22:00,0,0.397,8.11,71.1,0
2023-12-18T23:00,0,0.3956,6.72,74.5,0
2023-12-19T00:00,0,0.3967,5.31,75.1,0
2023-12-19T01:00,0,0.3938,5.37,77.5,0
2023-12-19T02:00,0,0.3993,3.79,74.7,0
2023-12-19T03:00,0,0.3945,3.47,76.5,0
2023-12-19T04:00,0,0.3931,3.39,73.3,0
2023-12-19T05:00,0,0.3945,3.99,74.2,0
2023-12-19T06:00,0,0.3948,5.11,69,0
2023-12-19T07:00,0,0.3949,5.62,70.7,0
2023-12-19T08:00,0,0.394,7.64,64.3,0
2023-12-19T09:00,15.8,0.3916,8.63,68.2,0
2023-12-19T10:00,85.9,0.391,9.79,63.8,0
2023-12-19T11:00,171.2,0.392,12.09,51.5,0
2023-12-19T12:00,119.2,0.3904,12.88,58.5,0
2023-12-19T13:00,137.2,0.3933,13.75,59,0
2023-12-19T14:00,138,0.3859,14.85,60.8,0
2023-12-19T15:00,148.6,0.3912,16.5,52.4,0
2023-12-19T16:00,81.3,0.3886,15.88,55.3,0
2023-12-19T17:00,4.2,0.3905,14.34,51.1,0
2023-12-19T18:00,0,0.389,13.34,51,0
2023-12-19T19:00,0,0.3887,12.2,64.8,0
2023-12-19T20:00,0,0.3921,11,62.6,0
2023-12-19T21:00,0,0.3863,9.66,66.5,0
2023-12-19T22:00,0,0.3862,8.23,69.9,0
2023-12-19T23:00,0,0.3881,6.79,71.3,0
2023-12-20T00:00,0,0.3874,5.47,77.7,0
2023-12-20T01:00,0,0.3878,4.9,70.8,0
2023-12-20T02:00,0,0.3882,4.37,74,0
2023-12-20T03:00,0,0.3868,4.18,73.6,0
2023-12-20T04:00,0,0.3855,3.64,75.5,0
2023-12-20T05:00,0,0.3876,4.06,75.5,0
2023-12-20T06:00,0,0.3871,4.4,72.5,0
2023-12-20T07:00,0,0.3861,5.01,77.1,0
2023-12-20T08:00,0,0.3859,6.37,74.4,0
2023-12-20T09:00,11.6,0.3855,8.25,63.7,0
2023-12-20T10:00,86.1,0.3849,9.79,65.2,0
2023-12-20T11:00,179.2,0.3834,11.12,56.1,0
2023-12-20T12:00,189.2,0.3838,11.87,62.9,0
2023-12-20T13:00,257.4,0.3858,14.21,49.1,0
2023-12-20T14:00,200.3,0.3809,13.99,54.8,0
2023-12-20T15:00,179.6,0.3816,14.78,52.3,0
2023-12-20T16:00,93.3,0.3823,14.46,53.7,0
2023-12-20T17:00,6.4,0.3799,13.27,57.6,0
2023-12-20T18:00,0,0.379,12.3,59.8,0
2023-12-20T19:00,0,0.3818,10.73,59.8,0
2023-12-20T20:00,0,0.3818,10.56,64.4,0
2023-12-20T21:00,0,0.3795,8.76,62.3,0
2023-12-20T22:00,0,0.383,8.02,65.1,0
2023-12-20T23:00,0,0.3797,5.49,73.2,0
2023-12-21T00:00,0,0.3787,3.73,75.9,0
2023-12-21T01:00,0,0.478,1.26,96.9,13.2
2023-12-21T02:00,0,0.478,-0.02,99.7,3.49
2023-12-21T03:00,0,0.4545,2.1,79.3,0
2023-12-21T04:00,0,0.439,1.24,99.9,0.54
2023-12-21T05:00,0,0.429,4.53,71,0
2023-12-21T06:00,0,0.4167,4.96,72.5,0
2023-12-21T07:00,0,0.4133,5.53,68.5,0
2023-12-21T08:00,0,0.4052,6.06,73.7,0
2023-12-21T09:00,8.4,0.4053,7.55,64.7,0
2023-12-21T10:00,52,0.4043,10.32,60,0
2023-12-21T11:00,98.9,0.3987,11.75,65,0
2023-12-21T12:00,126.8,0.4017,13.24,58.6,0
2023-12-21T13:00,140.6,0.3987,13.74,54.1,0
2023-12-21T14:00,70.2,0.3983,13.37,57.5,0
2023-12-21T15:00,55.9,0.3973,13.81,51.8,0
2023-12-21T16:00,54.2,0.3996,14.57,50.4,0
2023-12-21T17:00,2.5,0.3999,13.47,51.4,0
2023-12-21T18:00,0,0.3989,12.9,51.5,0
2023-12-21T19:00,0,0.3981,11.27,58.5,0
2023-12-21T20:00,0,0.3992,9.9,64.3,0
2023-12-21T21:00,0,0.3962,8.16,70,0
2023-12-21T22:00,0,0.3973,6.63,72.6,0
2023-12-21T23:00,0,0.3963,5.02,73.6,0
2023-12-22T00:00,0,0.3983,4.5,75,0
2023-12-22T01:00,0,0.3991,3.75,83.3,0
2023-12-22T02:00,0,0.3968,2.81,81.6,0
2023-12-22T03:00,0,0.3953,1.02,83,0
2023-12-22T04:00,0,0.3956,2.05,76.8,0
2023-12-22T05:00,0,0.3952,2.4,78.6,0
2023-12-22T06:00,0,0.3951,1.29,80.4,0
2023-12-22T07:00,0,0.3923,3.73,76.7,0
2023-12-22T08:00,0,0.3951,5.15,72.2,0
2023-12-22T09:00,13.2,0.3923,7.65,65.6,0
2023-12-22T10:00,65,0.3954,9.11,67.4,0
2023-12-22T11:00,75,0.3966,10.28,60.2,0
2023-12-22T12:00,48.1,0.3945,10.92,64.9,0
2023-12-22T13:00,65.1,0.3965,12.29,57.7,0
2023-12-22T14:00,86.4,0.3917,12.32,61.2,0
2023-12-22T15:00,91.7,0.392,12.19,59.9,0
2023-12-22T16:00,34.8,0.3914,10.73,61,0
2023-12-22T17:00,4.8,0.3938,11.68,53.8,0
2023-12-22T18:00,0,0.3923,10.7,61.7,0
2023-12-22T19:00,0,0.3925,9.11,61.6,0
2023-12-22T20:00,0,0.3898,8.85,64.3,0
2023-12-22T21:00,0,0.3907,7.97,64,0
2023-12-22T22:00,0,0.3919,6.5,69.9,0
2023-12-22T23:00,0,0.3924,5.46,76.6,0
2023-12-23T00:00,0,0.3895,5.15,73.1,0
2023-12-23T01:00,0,0.3935,3.52,75.9,0
2023-12-23T02:00,0,0.3896,2.72,81.4,0
2023-12-23T03:00,0,0.3903,2.67,86.2,0
2023-12-23T04:00,0,0.3933,3.02,78.8,0
2023-12-23T05:00,0,0.3904,3.58,76.9,0
2023-12-23T06:00,0,0.3876,4.36,77.2,0
2023-12-23T07:00,0,0.3901,4.99,73.4,0
2023-12-23T08:00,0,0.3875,4.7,79.8,0
2023-12-23T09:00,6.9,0.3886,6.35,69.3,0
2023-12-23T10:00,45.9,0.3898,7.73,65.3,0
2023-12-23T11:00,43.9,0.389,9.02,58.1,0
2023-12-23T12:00,57.7,0.3882,10.48,60.6,0
2023-12-23T13:00,146,0.3902,12.25,55.9,0
2023-12-23T14:00,154.6,0.3871,12.99,52.1,0
2023-12-23T15:00,113,0.3879,14.27,51.6,0
2023-12-23T16:00,79.4,0.39,14.9,49.7,0
2023-12-23T17:00,7.5,0.3846,14.44,55.2,0
2023-12-23T18:00,0,0.3858,12.77,59.5,0
2023-12-23T19:00,0,0.3871,11.69,59.7,0
2023-12-23T20:00,0,0.3847,9.56,65.1,0
2023-12-23T21:00,0,0.3869,8.24,70.8,0
2023-12-23T22:00,0,0.3861,7.01,68.7,0
2023-12-23T23:00,0,0.3823,5.55,75.3,0
2023-12-24T00:00,0,0.3837,4.67,75.5,0
2023-12-24T01:00,0,0.3812,2,79.8,0
2023-12-24T02:00,0,0.3856,1.46,79.8,0
2023-12-24T03:00,0,0.3843,1.58,83.1,0
2023-12-24T04:00,0,0.381,2.68,73.8,0
2023-12-24T05:00,0,0.3843,4.14,78.6,0
2023-12-24T06:00,0,0.3853,4.2,76.8,0
2023-12-24T07:00,0,0.3844,4.81,72.9,0
2023-12-24T08:00,0,0.3852,6.38,72.3,0
2023-12-24T09:00,14.1,0.3831,8.41,69.4,0
2023-12-24T10:00,86.7,0.3818,10.66,61,0
2023-12-24T11:00,155.8,0.3814,12.64,56.3,0
2023-12-24T12:00,247.1,0.3798,14.18,52.6,0
2023-12-24T13:00,212.8,0.3818,14.91,51.2,0
2023-12-24T14:00,230.3,0.3787,15.96,49.5,0
2023-12-24T15:00,230.3,0.3797,16.96,50.3,0
2023-12-24T16:00,112.6,0.379,16.01,52.3,0
2023-12-24T17:00,9.1,0.3801,14.15,49.4,0
2023-12-24T18:00,0,0.3784,12.91,56.3,0
2023-12-24T19:00,0,0.3787,11.54,62.3,0
2023-12-24T20:00,0,0.3781,10.98,56,0
2023-12-24T21:00,0,0.3779,8.89,62.9,0
2023-12-24T22:00,0,0.3755,7.47,67.3,0
2023-12-24T23:00,0,0.3759,4.85,76.8,0
2023-12-25T00:00,0,0.3771,3.66,77.7,0
2023-12-25T01:00,0,0.3744,3.48,77.1,0
2023-12-25T02:00,0,0.3751,3.47,81.2,0
2023-12-25T03:00,0,0.3768,2.8,79.7,0
2023-12-25T04:00,0,0.3761,2.38,76.6,0
2023-12-25T05:00,0,0.3759,2.79,80,0
2023-12-25T06:00,0,0.3755,4.19,72.6,0
2023-12-25T07:00,0,0.3745,5.12,73.9,0
2023-12-25T08:00,0,0.3773,6.18,75.5,0
2023-12-25T09:00,8.6,0.377,7.82,70.2,0
2023-12-25T10:00,60.2,0.3758,9.64,60.9,0
2023-12-25T11:00,138.7,0.3747,12.16,55.5,0
2023-12-25T12:00,168.3,0.3748,13.04,53.2,0
2023-12-25T13:00,217.4,0.3747,14.52,46,0
2023-12-25T14:00,172.1,0.3748,14.34,52.1,0
2023-12-25T15:00,99.6,0.3723,14.23,57.1,0
2023-12-25T16:00,50.2,0.371,13.94,53.6,0
2023-12-25T17:00,6.9,0.3732,13.26,57,0
2023-12-25T18:00,0,0.3706,13.08,53.5,0
2023-12-25T19:00,0,0.3731,11.49,59.8,0
2023-12-25T20:00,0,0.3712,9.79,65.3,0
2023-12-25T21:00,0,0.3723,8.44,73.1,0
2023-12-25T22:00,0,0.369,7.85,61.2,0
2023-12-25T23:00,0,0.3703,6.61,68,0
2023-12-26T00:00,0,0.3701,4.42,78.2,0
2023-12-26T01:00,0,0.376,0.57,100,0.46
2023-12-26T02:00,0,0.3801,1.13,80.8,0
2023-12-26T03:00,0,0.3781,1.3,77.6,0
2023-12-26T04:00,0,0.3762,1.28,80.3,0
2023-12-26T05:00,0,0.3795,1.47,86.4,0
2023-12-26T06:00,0,0.3735,2.67,79,0
2023-12-26T07:00,0,0.3748,4.22,75.5,0
2023-12-26T08:00,0,0.3739,6.39,67.2,0
2023-12-26T09:00,12.8,0.374,8.29,59.2,0
2023-12-26T10:00,120.5,0.3728,8.87,65.2,0
2023-12-26T11:00,120.8,0.3743,10.34,64.5,0
2023-12-26T12:00,182.5,0.3762,11.59,60.8,0
2023-12-26T13:00,162.8,0.3736,11.58,57.8,0
2023-12-26T14:00,109.6,0.3744,11.46,60.2,0
2023-12-26T15:00,97.6,0.3712,12.26,60,0
2023-12-26T16:00,47.5,0.3745,12.94,53,0
2023-12-26T17:00,5.6,0.3715,12.14,57.4,0
2023-12-26T18:00,0,0.3725,10.98,58,0
2023-12-26T19:00,0,0.3736,9.95,62.5,0
2023-12-26T20:00,0,0.3721,9.6,59,0
2023-12-26T21:00,0,0.3689,7.49,70.7,0
2023-12-26T22:00,0,0.3729,5.34,72.6,0
2023-12-26T23:00,0,0.3722,5.02,80.2,0
2023-12-27T00:00,0,0.4266,1.18,96.6,4
2023-12-27T01:00,0,0.4202,1.67,76.6,0
2023-12-27T02:00,0,0.4119,1.33,88,0
2023-12-27T03:00,0,0.4087,1.17,83.6,0
2023-12-27T04:00,0,0.4051,2.23,81.9,0
2023-12-27T05:00,0,0.402,3.37,73.7,0
2023-12-27T06:00,0,0.4009,4.73,75.2,0
2023-12-27T07:00,0,0.395,5.15,72.5,0
2023-12-27T08:00,0,0.4029,6.58,74.8,0
2023-12-27T09:00,17.3,0.402,8.38,65,0
2023-12-27T10:00,136.4,0.4004,10.76,54.9,0
2023-12-27T11:00,268.4,0.398,12.2,55.5,0
2023-12-27T12:00,280.2,0.3975,13.45,52.7,0
2023-12-27T13:00,257.8,0.397,14.2,51.9,0
2023-12-27T14:00,203.6,0.3972,13.77,57.4,0
2023-12-27T15:00,169.1,0.3974,14.24,54.8,0
2023-12-27T16:00,79.8,0.3936,13.21,56.9,0
2023-12-27T17:00,7.7,0.3986,12.03,60.8,0
2023-12-27T18:00,0,0.3959,11.16,61.6,0
2023-12-27T19:00,0,0.3915,9.93,64.2,0
2023-12-27T20:00,0,0.3993,8.92,69.5,0
2023-12-27T21:00,0,0.3941,7.62,69.7,0
2023-12-27T22:00,0,0.3932,5.21,71.2,0
2023-12-27T23:00,0,0.3934,3.47,76.8,0
2023-12-28T00:00,0,0.3923,2.88,83.6,0
2023-12-28T01:00,0,0.3935,2.04,80.9,0
2023-12-28T02:00,0,0.3943,1.34,81.3,0
2023-12-28T03:00,0,0.4512,-1.13,100,3.97
2023-12-28T04:00,0,0.4305,0.87,83.1,0
2023-12-28T05:00,0,0.4196,1.03,85,0
2023-12-28T06:00,0,0.4415,-0.21,100,2.13
2023-12-28T07:00,0,0.4279,3.77,75.8,0
2023-12-28T08:00,0,0.4219,5.49,71.5,0
2023-12-28T09:00,6.3,0.4114,7.97,61.9,0
2023-12-28T10:00,66.1,0.4125,7.43,90.5,0.25
2023-12-28T11:00,112.4,0.4079,11.03,59.7,0
2023-12-28T12:00,149.8,0.4271,9.86,84.3,1.53
2023-12-28T13:00,181.2,0.4787,11.65,73.8,16.66
2023-12-28T14:00,144.3,0.4808,12.11,73.6,3.89
2023-12-28T15:00,126.6,0.4503,14.36,52.6,0
2023-12-28T16:00,67.6,0.4327,14.31,53.3,0
2023-12-28T17:00,5.4,0.4217,13.51,51.9,0
2023-12-28T18:00,0,0.4138,11.95,57.1,0
2023-12-28T19:00,0,0.4091,11.58,59.9,0
2023-12-28T20:00,0,0.4046,10.17,64.9,0
2023-12-28T21:00,0,0.4407,6.53,86.4,2.41
2023-12-28T22:00,0,0.4231,7.35,74.1,0
2023-12-28T23:00,0,0.4158,6.79,68,0
2023-12-29T00:00,0,0.4102,5.09,76.1,0
2023-12-29T01:00,0,0.4054,3.94,77.4,0
2023-12-29T02:00,0,0.4032,2.35,69.2,0
2023-12-29T03:00,0,0.3993,3.16,72.5,0
2023-12-29T04:00,0,0.4038,3.61,74.4,0
2023-12-29T05:00,0,0.4032,3.8,77.3,0
2023-12-29T06:00,0,0.4011,4.11,72.9,0
2023-12-29T07:00,0,0.3995,5.43,69,0
2023-12-29T08:00,0,0.4006,5.34,70,0
2023-12-29T09:00,5.1,0.3977,6.62,71.9,0
2023-12-29T10:00,33,0.3985,7.31,65,0
2023-12-29T11:00,47,0.4023,9.31,60.4,0
2023-12-29T12:00,55.2,0.3997,10.27,63.1,0
2023-12-29T13:00,110.2,0.3982,11.49,59.3,0
2023-12-29T14:00,74.9,0.3958,11.24,59.4,0
2023-12-29T15:00,46.9,0.3964,11.19,62.2,0
2023-12-29T16:00,18.6,0.3983,10.53,64.6,0
2023-12-29T17:00,1.4,0.3972,9.55,65.9,0
2023-12-29T18:00,0,0.4771,6.7,89.9,5.56
2023-12-29T19:00,0,0.4481,8.62,64.9,0
2023-12-29T20:00,0,0.4322,8.08,65.4,0
2023-12-29T21:00,0,0.4181,6.59,65.6,0
2023-12-29T22:00,0,0.4117,4.67,77.7,0
2023-12-29T23:00,0,0.4094,4.7,72.6,0
2023-12-30T00:00,0,0.4312,2,96,1.77
2023-12-30T01:00,0,0.4208,4.19,70,0
2023-12-30T02:00,0,0.412,3.57,84.3,0
2023-12-30T03:00,0,0.411,3.08,74.6,0
2023-12-30T04:00,0,0.4052,3.64,76.8,0
2023-12-30T05:00,0,0.4045,3.7,73.5,0
2023-12-30T06:00,0,0.4049,3.49,71.9,0
2023-12-30T07:00,0,0.4025,4.74,75.3,0
2023-12-30T08:00,0,0.4004,6.48,66.6,0
2023-12-30T09:00,2.7,0.4021,7.81,66.6,0
2023-12-30T10:00,34.5,0.3997,8.65,62.7,0
2023-12-30T11:00,87.1,0.3978,9.51,62.9,0
2023-12-30T12:00,92.9,0.3961,10.55,51,0
2023-12-30T13:00,120.4,0.3988,11.92,57.4,0
2023-12-30T14:00,118.8,0.3982,11.88,59.5,0
2023-12-30T15:00,106.1,0.3968,12.23,59.1,0
2023-12-30T16:00,80.1,0.3935,12.48,56.8,0
2023-12-30T17:00,10.7,0.3989,11.64,56,0
2023-12-30T18:00,0,0.3981,9.49,65.8,0
2023-12-30T19:00,0,0.3979,7.92,67.3,0
2023-12-30T20:00,0,0.3974,7.2,64,0
2023-12-30T21:00,0,0.3962,5.99,70.2,0
2023-12-30T22:00,0,0.3964,5.37,69.3,0
2023-12-30T23:00,0,0.3967,4.87,72.5,0
2023-12-31T00:00,0,0.3974,3.81,79,0
2023-12-31T01:00,0,0.3974,2.85,78.7,0
2023-12-31T02:00,0,0.3952,3.07,75.7,0
2023-12-31T03:00,0,0.3929,3.1,74.1,0
2023-12-31T04:00,0,0.3955,3.2,78.1,0
2023-12-31T05:00,0,0.3958,4.18,79.7,0
2023-12-31T06:00,0,0.3956,4.56,68.9,0
2023-12-31T07:00,0,0.3966,5.64,74.8,0
2023-12-31T08:00,0,0.3943,6.84,63.2,0
2023-12-31T09:00,4.9,0.3916,8.41,66.2,0
2023-12-31T10:00,28.5,0.3937,10.31,65.2,0
2023-12-31T11:00,122.9,0.3942,11.61,59.2,0
2023-12-31T12:00,112,0.3965,12.43,56.1,0
2023-12-31T13:00,102.8,0.3921,12.2,58.7,0
2023-12-31T14:00,122.9,0.3935,13.29,54.5,0
2023-12-31T15:00,77,0.3911,12.59,61,0
2023-12-31T16:00,11.7,0.3899,12.14,58.9,0
2023-12-31T17:00,3.3,0.3915,11.01,59.6,0
2023-12-31T18:00,0,0.3935,9.64,58.7,0
2023-12-31T19:00,0,0.391,8.81,64.4,0
2023-12-31T20:00,0,0.3922,7.62,69.7,0
2023-12-31T21:00,0,0.3892,6.89,71.3,0
2023-12-31T22:00,0,0.3921,4.86,78.5,0
2023-12-31T23:00,0,0.3918,4.05,76.1,0
2024-01-01T00:00,0,0.3878,3.06,77.2,0
